experiment_id,cohort_role,chain,symbol,address,timestamp,source_bucket_start,source_bucket_end,price_usd,token_amount,value_usd,holders_count,holdings_delta_tokens,holdings_delta_pct,holdings_delta_notional_usd,selection_market_cap_usd,selection_liquidity_usd,selection_token_age_days,selection_netflow_usd,selection_flow_mcap_ratio,trailing_price_return_1h_pct,trailing_holdings_change_1h_pct,trailing_price_return_4h_pct,trailing_holdings_change_4h_pct,trailing_price_return_12h_pct,trailing_holdings_change_12h_pct,trailing_price_return_24h_pct,trailing_holdings_change_24h_pct,event_type,forward_1h_available,forward_price_return_1h_pct,mfe_1h_pct,mae_1h_pct,forward_4h_available,forward_price_return_4h_pct,mfe_4h_pct,mae_4h_pct,forward_12h_available,forward_price_return_12h_pct,mfe_12h_pct,mae_12h_pct,forward_24h_available,forward_price_return_24h_pct,mfe_24h_pct,mae_24h_pct
2026-08-16-seven-token-pilot,early,base,AI-HEDGE-FUND,0xadf4d5b9d7e54e3e85b667ed613a285bce36b821,2026-08-12T14:00:00Z,2026-08-12T13:00:00Z,2026-08-12T14:00:00Z,0.012595556872726999,150871797.512334,1900314.3060571551,151,6869.27814000845,0.004553263783975676,86.52238348705676,7883698.08513757,123110.38460183535,158.0,8786.022479232748,0.0011144544583456652,12.669573339631102,0.004553263783968475,,,,,,,accumulation,True,14.016122748891458,14.016122748891458,14.016122748891458,True,-5.883349040472874,14.016122748891458,-5.883349040472874,True,-21.316185334165272,14.016122748891458,-31.14041314409539,True,-11.828810056072802,14.016122748891458,-32.22593527389724
2026-08-16-seven-token-pilot,early,base,AI-HEDGE-FUND,0xadf4d5b9d7e54e3e85b667ed613a285bce36b821,2026-08-12T15:00:00Z,2026-08-12T14:00:00Z,2026-08-12T15:00:00Z,0.014360965584914849,151378742.56228098,2173944.912224602,152,506945.0499469936,0.3360104792981936,7280.220415731714,7883698.08513757,123110.38460183535,158.0,8786.022479232748,0.0011144544583456652,14.016122748891458,0.3360104792981877,37.10984392689261,0.3405790425256239,,,,,accumulation,True,-10.918024287766205,-10.918024287766205,-10.918024287766205,True,-23.752500047502025,-10.535296552972827,-23.752500047502025,True,-29.023225145701183,-10.535296552972827,-39.605395100515196,True,-25.892265774931154,-10.535296552972827,-40.557472844987
2026-08-16-seven-token-pilot,early,base,AI-HEDGE-FUND,0xadf4d5b9d7e54e3e85b667ed613a285bce36b821,2026-08-12T20:00:00Z,2026-08-12T19:00:00Z,2026-08-12T20:00:00Z,0.011059852895255,151914405.713068,1680150.979856618,152,535663.1507870257,0.3538562559843173,5924.355649113302,7883698.08513757,123110.38460183535,158.0,8786.022479232748,0.0011144544583456652,1.0043552583606896,0.35385625598431947,-13.547836010710446,0.35385625598431947,,,,,accumulation,True,-6.725974187528738,-6.725974187528738,-6.725974187528738,True,-21.156145223981916,-6.725974187528738,-21.156145223981916,True,-14.028962950549317,-4.548134520948366,-21.57898927858809,True,-12.176368650967762,0.4141056841013402,-22.815240416104476
2026-08-16-seven-token-pilot,early,base,AI-HEDGE-FUND,0xadf4d5b9d7e54e3e85b667ed613a285bce36b821,2026-08-12T21:00:00Z,2026-08-12T20:00:00Z,2026-08-12T21:00:00Z,0.0103159700443415,151915809.84396502,1567158.9436122226,153,1404.1308970153332,0.000924290813912289,14.484972271944537,7883698.08513757,123110.38460183535,158.0,8786.022479232748,0.0011144544583456652,-6.725974187528738,0.0009242908139084349,-19.707551058316042,0.35478381745910337,,,,,accumulation,True,-0.6193362140940462,-0.6193362140940462,-0.6193362140940462,True,-15.924063491074724,-0.6193362140940462,-15.924063491074724,True,-4.389871123116739,2.3348833157035065,-15.924063491074724,True,-4.125553738343635,7.654949820634216,-17.249460488521674
2026-08-16-seven-token-pilot,early,base,AI-HEDGE-FUND,0xadf4d5b9d7e54e3e85b667ed613a285bce36b821,2026-08-12T22:00:00Z,2026-08-12T21:00:00Z,2026-08-12T22:00:00Z,0.0102520795060218,151355809.84396502,1551711.7962186458,153,-560000.0,-0.36862522773316636,-5741.164523372208,7883698.08513757,123110.38460183535,158.0,8786.022479232748,0.0011144544583456652,-0.6193362140940462,-0.36862522773316586,-13.517521524850517,-0.015149232929134726,,,,,distribution,True,-7.355755304219991,-7.355755304219991,-7.355755304219991,True,-3.330201252876952,-3.330201252876952,-15.400105708643075,True,-5.291588160903471,2.972630104546048,-15.400105708643075,True,-3.0082907817328697,8.325851045383859,-16.73376252572998
2026-08-16-seven-token-pilot,early,base,AI-HEDGE-FUND,0xadf4d5b9d7e54e3e85b667ed613a285bce36b821,2026-08-12T23:00:00Z,2026-08-12T22:00:00Z,2026-08-12T23:00:00Z,0.00949796162396475,150865809.84396502,1432917.672266343,153,-490000.0,-0.3237404632865751,-4654.001195742728,7883698.08513757,123110.38460183535,158.0,8786.022479232748,0.0011144544583456652,-7.355755304219991,-0.32374046328657036,-13.259651897468272,-0.33884065201884583,-9.319186917810306,0.0005843702584495958,,,distribution,True,-8.19067605859547,-8.19067605859547,-8.19067605859547,True,7.317239357864347,7.317239357864347,-8.683054657997024,True,-3.1958948405299226,11.1484371670165,-8.683054657997024,True,5.580700794920013,16.92669242552327,-10.122600980023055
2026-08-16-seven-token-pilot,early,base,AI-HEDGE-FUND,0xadf4d5b9d7e54e3e85b667ed613a285bce36b821,2026-08-13T04:00:00Z,2026-08-13T03:00:00Z,2026-08-13T04:00:00Z,0.01033302659287915,150865824.74587202,1558900.5790557407,153,14.901906996965408,9.87759056367901e-06,0.15398180128425545,7883698.08513757,123110.38460183535,158.0,8786.022479232748,0.0011144544583456652,1.3742476896618783,9.877590567697325e-06,18.49781631088261,9.877590567697325e-06,-19.22925937861837,-0.33883080789757214,,,accumulation,True,2.1659608912153905,2.1659608912153905,2.1659608912153905,True,-7.9817501220126434,2.1659608912153905,-8.80500069773028,True,-2.8762684084512657,7.47724565424801,-17.38605537492862,True,-5.720934131473099,7.47724565424801,-17.38605537492862
2026-08-16-seven-token-pilot,early,base,AI-HEDGE-FUND,0xadf4d5b9d7e54e3e85b667ed613a285bce36b821,2026-08-13T05:00:00Z,2026-08-13T04:00:00Z,2026-08-13T05:00:00Z,0.0105568359077598,150900155.15679702,1593028.1764457994,153,34330.410925000906,0.022755591587975098,362.4205147811989,7883698.08513757,123110.38460183535,158.0,8786.022479232748,0.0011144544583456652,2.1659608912153905,0.022755591587975132,21.71720894817497,0.022765471426233752,-17.832816064206913,-0.3161523192644178,,,accumulation,True,-10.563561738561834,-10.563561738561834,-10.563561738561834,True,-6.571321743802983,-6.571321743802983,-10.738372637269444,True,-6.46426436730666,5.19868331555946,-19.13750538397293,True,-4.507726142990531,5.19868331555946,-19.13750538397293
2026-08-16-seven-token-pilot,early,base,AI-HEDGE-FUND,0xadf4d5b9d7e54e3e85b667ed613a285bce36b821,2026-08-13T08:00:00Z,2026-08-13T07:00:00Z,2026-08-13T08:00:00Z,0.00950827023019442,150888070.47563902,1434684.5485949952,154,-12084.681158006191,-0.00800839544893063,-114.9044140960617,7883698.08513757,123110.38460183535,158.0,8786.022479232748,0.0011144544583456652,0.9027365338190707,-0.008008395448932948,-7.9817501220126434,0.014745373781277493,-14.028962950549317,-0.6756009955813602,,,distribution,True,3.731930367043268,3.731930367043268,3.731930367043268,True,-10.220043595032212,3.731930367043268,-10.220043595032212,True,2.154905143828789,16.799923707263176,-10.220043595032212,True,13.07229632971647,20.056647610372824,-10.220043595032212
2026-08-16-seven-token-pilot,early,base,AI-HEDGE-FUND,0xadf4d5b9d7e54e3e85b667ed613a285bce36b821,2026-08-13T17:00:00Z,2026-08-13T16:00:00Z,2026-08-13T17:00:00Z,0.00987441412585945,150788470.47563902,1488947.8028813903,154,-99600.0,-0.06600919455463544,-983.4916469356011,7883698.08513757,123110.38460183535,158.0,8786.022479232748,0.0011144544583456652,-1.6083077535671508,-0.06600919455463927,11.149825696412762,-0.06600919455463927,-6.46426436730666,-0.07401230372623413,-23.1443200569877,-0.3899306313758788,distribution,True,-1.560078723296665,-1.560078723296665,-1.560078723296665,True,0.16168078903537886,0.16168078903537886,-1.6330051518007815,True,2.0917547834330197,5.695001722507809,-1.6330051518007815,True,-7.121898197483345,15.604939580280508,-19.059340558375805
2026-08-16-seven-token-pilot,early,base,AI-HEDGE-FUND,0xadf4d5b9d7e54e3e85b667ed613a285bce36b821,2026-08-13T22:00:00Z,2026-08-13T21:00:00Z,2026-08-13T22:00:00Z,0.00994366714330622,150788521.552646,1499390.8673507676,154,51.07700699567795,3.38732841009418e-05,0.5078927562413448,7883698.08513757,123110.38460183535,158.0,8786.022479232748,0.0011144544583456652,0.5387860862773319,3.3873284110974566e-05,2.297255709752455,3.3873284110974566e-05,2.4108707292545217,-0.06597534363002033,-3.0082907817328697,-0.37480443724218215,accumulation,True,0.8482514478082459,0.8482514478082459,0.8482514478082459,True,1.5571861044413549,4.958885187950157,0.8482514478082459,True,-6.744184847259415,14.799804937064343,-7.088693190882733,True,19.950756927678714,19.950756927678714,-19.623054610714863
2026-08-16-seven-token-pilot,early,base,AI-HEDGE-FUND,0xadf4d5b9d7e54e3e85b667ed613a285bce36b821,2026-08-13T23:00:00Z,2026-08-13T22:00:00Z,2026-08-13T23:00:00Z,0.01002801444381455,150350395.552646,1507715.938235165,154,-438126.0,-0.2905565990625046,-4393.533856210694,7883698.08513757,123110.38460183535,158.0,8786.022479232748,0.0011144544583456652,0.8482514478082459,-0.2905565990625081,2.994631005568804,-0.2905228241994684,9.066346536638935,-0.3563402469778487,5.580700794920013,-0.34163757305388787,distribution,True,4.0760585147767925,4.0760585147767925,4.0760585147767925,True,3.4542878087836515,4.0760585147767925,0.702971689102605,True,-1.1007630316480777,13.834204648036351,-7.870185674759645,True,16.029984455280456,18.94183112312715,-20.299118492022227
2026-08-16-seven-token-pilot,early,base,AI-HEDGE-FUND,0xadf4d5b9d7e54e3e85b667ed613a285bce36b821,2026-08-14T00:00:00Z,2026-08-13T23:00:00Z,2026-08-14T00:00:00Z,0.0104367621804147,150456955.143566,1570283.4592227202,154,106559.59092000127,0.07087416732647626,1112.1371084743307,7883698.08513757,123110.38460183535,158.0,8786.022479232748,0.0011144544583456652,4.0760585147767925,0.07087416732647345,7.449660209318409,-0.21985456250553925,22.260137852018303,-0.28571863283426424,19.687442649903165,-0.2710055385125809,accumulation,True,-0.6551310593702064,-0.6551310593702064,-0.6551310593702064,True,-6.658015394906247,-0.5974195361221013,-6.658015394906247,True,-12.022900813754578,9.375975870448716,-12.022900813754578,True,9.953288742101286,14.283566096269574,-23.420542009993795
2026-08-16-seven-token-pilot,early,base,AI-HEDGE-FUND,0xadf4d5b9d7e54e3e85b667ed613a285bce36b821,2026-08-14T01:00:00Z,2026-08-14T00:00:00Z,2026-08-14T01:00:00Z,0.0103683877097782,150463140.922203,1560060.1811123951,154,6185.778636991978,0.004111327808734072,64.13655119519616,7883698.08513757,123110.38460183535,158.0,8786.022479232748,0.0011144544583456652,-0.6551310593702064,0.004111327808731247,4.833066009727283,-0.21575227363856975,16.710163459380812,-0.281619051855142,19.54445672487164,-0.2669053526299203,accumulation,True,-2.6029038554373995,-2.6029038554373995,-2.6029038554373995,True,-2.7721287258002048,0.05809210265563802,-6.042470436116298,True,-18.0513833176946,10.09725719786665,-18.0513833176946,True,8.809342889667459,15.037210592695448,-22.915537755884095
2026-08-16-seven-token-pilot,early,base,AI-HEDGE-FUND,0xadf4d5b9d7e54e3e85b667ed613a285bce36b821,2026-08-14T04:00:00Z,2026-08-14T03:00:00Z,2026-08-14T04:00:00Z,0.009741880947712936,150303140.922203,1464235.3049314218,154,-160000.0,-0.10633833576738108,-1558.7009516340697,7883698.08513757,123110.38460183535,158.0,8786.022479232748,0.0011144544583456652,-6.097020651276274,-0.10633833576738638,-6.658015394906247,-0.10223137987621644,-2.928909007517333,-0.3876579186095741,-5.720934131473099,-0.37296970643738714,distribution,True,3.480659533616759,3.480659533616759,3.480659533616759,True,10.360817877164408,17.17768411844971,3.480659533616759,True,1.509184580640266,17.17768411844971,-17.95818536107363,True,12.0730120617085,22.435329160585503,-17.95818536107363
2026-08-16-seven-token-pilot,early,base,AI-HEDGE-FUND,0xadf4d5b9d7e54e3e85b667ed613a285bce36b821,2026-08-14T07:00:00Z,2026-08-14T06:00:00Z,2026-08-14T07:00:00Z,0.0114153104841065,150423702.073298,1717133.2633354312,154,120561.15109500289,0.08021199713810732,1376.2429720707341,7883698.08513757,123110.38460183535,158.0,8786.022479232748,0.0011144544583456652,9.50339933522164,0.08021199713810212,10.033336519060555,-0.026211634732120626,17.243119035369105,-0.24190735617278802,21.14044282963008,-0.3157406186918399,accumulation,True,-5.81754648299283,-5.81754648299283,-5.81754648299283,True,-13.11992974858639,-5.81754648299283,-19.066668397169153,True,-4.23533280158952,-4.23533280158952,-29.985120241842345,True,-1.0807950203700178,4.486899601822714,-29.985120241842345
2026-08-16-seven-token-pilot,early,base,AI-HEDGE-FUND,0xadf4d5b9d7e54e3e85b667ed613a285bce36b821,2026-08-14T10:00:00Z,2026-08-14T09:00:00Z,2026-08-14T10:00:00Z,0.00927304785056545,150331602.073298,1394032.1394778555,154,-92100.0,-0.06122705313762441,-854.0477070370779,7883698.08513757,123110.38460183535,158.0,8786.022479232748,0.0011144544583456652,0.3707927005387024,-0.061227053137624665,-11.04663659837658,0.018935832558364396,-6.744184847259415,-0.30302006720616115,-4.495907696414303,-0.3687954923055736,distribution,True,6.951133304072776,6.951133304072776,6.951133304072776,True,-13.810259169748907,6.951133304072776,-13.810259169748907,True,28.625498293286466,28.625498293286466,-13.810259169748907,True,16.52471372270028,31.938817322621738,-13.810259169748907
2026-08-16-seven-token-pilot,early,base,AI-HEDGE-FUND,0xadf4d5b9d7e54e3e85b667ed613a285bce36b821,2026-08-14T11:00:00Z,2026-08-14T10:00:00Z,2026-08-14T11:00:00Z,0.00991762976800871,150372135.279593,1491335.1651279242,155,40533.206294983625,0.02696253198660161,401.9933333439676,7883698.08513757,123110.38460183535,158.0,8786.022479232748,0.0011144544583456652,6.951133304072776,0.02696253198659626,-13.11992974858639,-0.034281029514804384,-1.1007630316480777,0.014459374627562305,7.865784513994445,-0.34193239692155153,accumulation,True,-7.4177920523487035,-7.4177920523487035,-7.4177920523487035,True,-18.933899720931148,-7.4177920523487035,-19.41203597608917,True,17.321415222253368,20.26567117114253,-19.41203597608917,True,13.725146926836707,23.363645850770443,-19.41203597608917
2026-08-16-seven-token-pilot,early,base,AI-HEDGE-FUND,0xadf4d5b9d7e54e3e85b667ed613a285bce36b821,2026-08-14T12:00:00Z,2026-08-14T11:00:00Z,2026-08-14T12:00:00Z,0.00918196061529599,149962135.401362,1376946.4210409906,155,-409999.878230989,-0.2726568173476154,-3764.6027341930926,7883698.08513757,123110.38460183535,158.0,8786.022479232748,0.0011144544583456652,-7.4177920523487035,-0.27265681734761626,-14.596101182791443,-0.30684437729839864,-12.022900813754578,-0.3288779450121515,7.5609227433105275,-0.6136569122782376,distribution,True,-7.4625708340887,-7.4625708340887,-7.4625708340887,True,7.699263013244484,7.699263013244484,-12.955236421367665,True,24.979443240487843,29.901493858457417,-12.955236421367665,True,21.334008614809473,33.247681801371456,-12.955236421367665
2026-08-16-seven-token-pilot,early,base,AI-HEDGE-FUND,0xadf4d5b9d7e54e3e85b667ed613a285bce36b821,2026-08-14T14:00:00Z,2026-08-14T13:00:00Z,2026-08-14T14:00:00Z,0.00799241590946753,149972106.915581,1198639.4532884548,156,9971.514218986034,0.006649354646956747,79.69648888530567,7883698.08513757,123110.38460183535,158.0,8786.022479232748,0.0011144544583456652,-5.935615066019507,0.00664935464695926,-13.810259169748907,-0.23913478786831144,-20.855482046710584,-0.32634836918359333,-28.032900366654534,-0.6070483618556888,accumulation,True,0.5933097590307135,0.5933097590307135,0.5933097590307135,True,18.26334792267643,23.728595018761567,0.5933097590307135,True,41.04179222720348,49.23527679078619,0.5933097590307135,True,35.38427693684398,53.07949188810361,0.5933097590307135
2026-08-16-seven-token-pilot,early,base,AI-HEDGE-FUND,0xadf4d5b9d7e54e3e85b667ed613a285bce36b821,2026-08-14T15:00:00Z,2026-08-14T14:00:00Z,2026-08-14T15:00:00Z,0.008039835693040724,149964879.915581,1205692.994247854,156,-7227.0,-0.004818896092503431,-58.10389255360531,7883698.08513757,123110.38460183535,158.0,8786.022479232748,0.0011144544583456652,0.5933097590307135,-0.00481889609250663,-18.933899720931148,-0.27083166921503254,-22.503207634868993,-0.33115153888728655,-24.455996540282232,-0.611838004918408,distribution,True,22.998830951234204,22.998830951234204,22.998830951234204,True,35.97086448212414,35.97086448212414,14.071589947495822,True,35.877286424951784,48.35507167253601,14.071589947495822,True,23.383232494633432,52.17661319107854,14.071589947495822
2026-08-16-seven-token-pilot,early,base,AI-HEDGE-FUND,0xadf4d5b9d7e54e3e85b667ed613a285bce36b821,2026-08-14T17:00:00Z,2026-08-14T16:00:00Z,2026-08-14T17:00:00Z,0.009171168404217825,149964962.657168,1375353.927261125,156,82.74158701300621,5.5173976106661463e-05,0.7588370285285224,7883698.08513757,123110.38460183535,158.0,8786.022479232748,0.0011144544583456652,-7.257988498506784,5.517397609899888e-05,7.93736522730315,0.0018853131148244273,-9.02487473201069,-0.22499747041883067,-7.121898197483345,-0.5461344729297823,accumulation,True,3.063189092612295,3.063189092612295,3.063189092612295,True,28.419053782794013,28.419053782794013,3.063189092612295,True,14.099344732694474,30.05435598891888,3.063189092612295,True,-0.2866567238848705,33.40448157259968,-0.2866567238848705
2026-08-16-seven-token-pilot,early,base,AI-HEDGE-FUND,0xadf4d5b9d7e54e3e85b667ed613a285bce36b821,2026-08-14T18:00:00Z,2026-08-14T17:00:00Z,2026-08-14T18:00:00Z,0.00945209863444093,150020944.485544,1418012.7645093494,157,55981.82837599516,0.03732993852969119,529.1457635462504,7883698.08513757,123110.38460183535,158.0,8786.022479232748,0.0011144544583456652,3.063189092612295,0.03732993852969546,18.26334792267643,0.03256443545898158,-9.329060058053873,-0.1877515233065341,-2.7598433187589366,-0.5090084060631273,accumulation,True,15.655099650961724,15.655099650961724,15.655099650961724,True,26.188949841298225,26.188949841298225,15.655099650961724,True,9.93443253651427,26.188949841298225,9.93443253651427,True,-2.205583884461504,29.439504780628113,-3.250283487237138
2026-08-16-seven-token-pilot,early,base,AI-HEDGE-FUND,0xadf4d5b9d7e54e3e85b667ed613a285bce36b821,2026-08-15T03:00:00Z,2026-08-15T02:00:00Z,2026-08-15T03:00:00Z,0.010924310572728451,150031919.33955097,1638995.282687799,157,10974.85400697589,0.007315547868740038,119.89271366255791,7883698.08513757,123110.38460183535,158.0,8786.022479232748,0.0011144544583456652,-3.0901001276029905,0.007315547868746997,-6.112266834609548,0.007315547868746997,35.877286424951784,0.04470341589826177,5.300538532119203,-0.28659615903871005,accumulation,True,-0.05758865164962046,-0.05758865164962046,-0.05758865164962046,True,3.3651899738532443,3.3651899738532443,-4.880853328129331,True,-9.19510115270008,11.995622811564811,-9.19510115270008,True,-30.73399196472958,11.995622811564811,-39.420401335239085
2026-08-16-seven-token-pilot,early,base,AI-HEDGE-FUND,0xadf4d5b9d7e54e3e85b667ed613a285bce36b821,2026-08-15T04:00:00Z,2026-08-15T03:00:00Z,2026-08-15T04:00:00Z,0.0109180194095676,150024758.301886,1637973.2230556787,156,-7161.037664979696,-0.004773009434594312,-78.18434821889296,7883698.08513757,123110.38460183535,158.0,8786.022479232748,0.0011144544583456652,-0.05758865164962046,-0.004773009434588804,-4.858531416487755,0.002542189262366712,10.406770111207209,0.03992827276539934,12.0730120617085,-0.18521410704325225,distribution,True,-4.156214959880911,-4.156214959880911,-4.156214959880911,True,12.060156744870621,12.060156744870621,-4.826043930107082,True,-13.222836377428692,12.060156744870621,-13.222836377428692,True,-25.61588531848339,12.060156744870621,-39.38549425867858
2026-08-16-seven-token-pilot,early,base,AI-HEDGE-FUND,0xadf4d5b9d7e54e3e85b667ed613a285bce36b821,2026-08-15T08:00:00Z,2026-08-15T07:00:00Z,2026-08-15T08:00:00Z,0.01223474966379685,150020563.129444,1835464.0343105786,154,-4195.172441989183,-0.0027963200804146503,-51.32688462419697,7883698.08513757,123110.38460183535,158.0,8786.022479232748,0.0011144544583456652,8.349457723528264,-0.0027963200804115296,12.060156744870621,-0.0027963200804115296,10.967156137954625,-0.00025420190580272006,13.798715341919298,-0.2680022751052613,distribution,True,-6.326375124959826,-6.326375124959826,-6.326375124959826,True,-8.94099846654095,-6.326375124959826,-11.682766234163166,True,-27.00666439428645,-6.326375124959826,-27.00666439428645,True,-28.399424114173556,-6.326375124959826,-45.90895863252846
2026-08-16-seven-token-pilot,early,base,AI-HEDGE-FUND,0xadf4d5b9d7e54e3e85b667ed613a285bce36b821,2026-08-15T09:00:00Z,2026-08-15T08:00:00Z,2026-08-15T09:00:00Z,0.0114607335044653,150020563.221067,1719345.6952664377,154,0.09162300825119019,6.107363306731093e-08,0.001050066880444316,7883698.08513757,123110.38460183535,158.0,8786.022479232748,0.0011144544583456652,-6.326375124959826,6.107363503815577e-08,9.522814462755802,-0.002796259008486235,-2.689819030926177,-0.00025414083233421536,24.05014244617112,-0.26800221419530645,accumulation,True,-5.718142237314627,-5.718142237314627,-5.718142237314627,True,-1.249258643508433,-1.249258643508433,-5.718142237314627,True,-32.04403965547875,-1.249258643508433,-32.04403965547875,True,-27.012513946223336,-1.249258643508433,-42.255846894332805
2026-08-16-seven-token-pilot,early,base,AI-HEDGE-FUND,0xadf4d5b9d7e54e3e85b667ed613a285bce36b821,2026-08-15T17:00:00Z,2026-08-15T16:00:00Z,2026-08-15T17:00:00Z,0.00914487863332833,150021121.749298,1371924.9508331034,154,558.5282309949398,0.0003723011159289576,5.107672885736295,7883698.08513757,123110.38460183535,158.0,8786.022479232748,0.0011144544583456652,-3.4774841403373946,0.0003723011159362244,-19.19743126167791,0.0003723011159362244,-12.60831207250318,-0.0024239683030669035,-0.2866567238848705,0.0374481419759265,accumulation,True,1.0797960349969715,1.0797960349969715,1.0797960349969715,True,-14.834829112968528,1.3610221312866155,-14.834829112968528,True,-5.202150611277823,1.3610221312866155,-27.632680900409966,False,,,
2026-08-16-seven-token-pilot,early,base,AI-HEDGE-FUND,0xadf4d5b9d7e54e3e85b667ed613a285bce36b821,2026-08-16T02:00:00Z,2026-08-16T01:00:00Z,2026-08-16T02:00:00Z,0.00686315015608565,150488860.414738,1032827.6458445606,154,467738.66543999314,0.31178187443607874,3210.1606947217824,7883698.08513757,123110.38460183535,158.0,8786.022479232748,0.0011144544583456652,1.811245624088098,0.31178187443607897,-1.0104896828732057,0.31178187443607897,-36.57255822581376,0.3121553363194085,-39.116780870742915,0.3119004021729044,accumulation,True,10.253071359576316,10.253071359576316,10.253071359576316,True,26.68604007855302,26.68604007855302,10.253071359576316,False,,,,False,,,
2026-08-16-seven-token-pilot,early,base,AI-HEDGE-FUND,0xadf4d5b9d7e54e3e85b667ed613a285bce36b821,2026-08-16T03:00:00Z,2026-08-16T02:00:00Z,2026-08-16T03:00:00Z,0.0075668338391039845,150490340.006085,1138735.3972163077,154,1479.5913470089436,0.0009831899470374625,11.19582187259272,7883698.08513757,123110.38460183535,158.0,8786.022479232748,0.0011144544583456652,10.253071359576316,0.0009831899470347238,7.201722480863837,0.3127681297911522,-23.71996564662212,0.31314159534632235,-30.73399196472958,0.30554875825892225,accumulation,True,7.3272157318135855,7.3272157318135855,7.3272157318135855,True,17.13629253533906,17.13629253533906,7.3272157318135855,False,,,,False,,,
2026-08-16-seven-token-pilot,early,base,AI-HEDGE-FUND,0xadf4d5b9d7e54e3e85b667ed613a285bce36b821,2026-08-16T04:00:00Z,2026-08-16T03:00:00Z,2026-08-16T04:00:00Z,0.008121272078563006,151070562.506733,1226885.141178738,153,580222.5006479919,0.38555464797576433,4712.144793866542,7883698.08513757,123110.38460183535,158.0,8786.022479232748,0.0011144544583456652,7.3272157318135855,0.385554647975761,22.71668930034403,0.6995286698287195,-14.281463490737078,0.6999035752977001,-25.61588531848339,0.6970877451724311,accumulation,True,6.74618692417901,6.74618692417901,6.74618692417901,True,7.86673728849876,9.139412344429143,6.74618692417901,False,,,,False,,,
2026-08-16-seven-token-pilot,momentum,base,CHEAT.SH,0xadfd54cb2997d3a0077f0aafbd8ebbf9ac10b99c,2026-08-12T13:00:00Z,2026-08-12T12:00:00Z,2026-08-12T13:00:00Z,0.00357836318505465,103571253.75510201,370615.56146721024,151,1636.2939150035381,0.0015798976139085807,5.855253905377603,9325420.00667191,129599.00751895338,158.0,10599.232077900018,0.0011365956782983238,9.996261327148858,0.0015798976139125287,,,,,,,accumulation,True,9.77711651524682,9.77711651524682,9.77711651524682,True,16.43486430752441,16.43486430752441,8.519134013139418,True,38.75369163404556,56.61757780550434,8.519134013139418,True,54.3551500391519,56.61757780550434,8.519134013139418
2026-08-16-seven-token-pilot,momentum,base,CHEAT.SH,0xadfd54cb2997d3a0077f0aafbd8ebbf9ac10b99c,2026-08-12T14:00:00Z,2026-08-12T13:00:00Z,2026-08-12T14:00:00Z,0.00392822392299614,103588119.742142,406917.3301092708,152,16865.987039998174,0.016284428766188748,66.25337377546369,9325420.00667191,129599.00751895338,158.0,10599.232077900018,0.0011365956782983238,9.77711651524682,0.01628442876617786,,,,,,,accumulation,True,2.8919329909285807,2.8919329909285807,2.8919329909285807,True,21.305614951293904,21.305614951293904,-1.1459423803800384,True,35.89318062248268,42.66869341913522,-1.1459423803800384,True,41.74900420078016,42.66869341913522,-1.1459423803800384
2026-08-16-seven-token-pilot,momentum,base,CHEAT.SH,0xadfd54cb2997d3a0077f0aafbd8ebbf9ac10b99c,2026-08-12T17:00:00Z,2026-08-12T16:00:00Z,2026-08-12T17:00:00Z,0.00416646231894879,103610468.942256,431689.1146965235,153,22349.200113996863,0.021575061087728865,93.11710013361395,9325420.00667191,129599.00751895338,158.0,10599.232077900018,0.0011365956782983238,7.294317602485245,0.021575061087730774,16.43486430752441,0.037863003229365866,,,,,accumulation,True,14.369357543033567,14.369357543033567,14.369357543033567,True,26.051428744905202,26.051428744905202,10.23195139106523,True,29.692227943859994,34.51089477104598,10.23195139106523,True,30.880214442704144,34.51089477104598,10.23195139106523
2026-08-16-seven-token-pilot,momentum,base,CHEAT.SH,0xadfd54cb2997d3a0077f0aafbd8ebbf9ac10b99c,2026-08-12T18:00:00Z,2026-08-12T17:00:00Z,2026-08-12T18:00:00Z,0.00476515618645431,103641180.315189,493866.4115503495,157,30711.372933000326,0.029641187079383197,146.34448872619194,9325420.00667191,129599.00751895338,158.0,10599.232077900018,0.0011365956782983238,14.369357543033567,0.029641187079376685,21.305614951293904,0.051222643271331414,,,,,accumulation,True,-0.9390008597884858,-0.9390008597884858,-0.9390008597884858,True,17.610955994426902,17.610955994426902,-3.6175827519286052,True,17.239835810737848,17.610955994426902,-3.6175827519286052,True,4.7523072957587065,17.610955994426902,-3.6175827519286052
2026-08-16-seven-token-pilot,momentum,base,CHEAT.SH,0xadfd54cb2997d3a0077f0aafbd8ebbf9ac10b99c,2026-08-12T19:00:00Z,2026-08-12T18:00:00Z,2026-08-12T19:00:00Z,0.00472041132889324,103792314.151383,489942.41557223443,157,151133.8361939937,0.1458241171456868,713.413872549223,9325420.00667191,129599.00751895338,158.0,10599.232077900018,0.0011365956782983238,-0.9390008597884858,0.14582411714567645,16.78909190531388,0.19712145538435255,,,,,accumulation,True,-2.703972214482553,-2.703972214482553,-2.703972214482553,True,15.539148784992873,18.725792204013292,-2.703972214482553,True,14.357893736837713,18.725792204013292,-2.703972214482553,True,3.066617003877714,18.725792204013292,-2.703972214482553
2026-08-16-seven-token-pilot,momentum,base,CHEAT.SH,0xadfd54cb2997d3a0077f0aafbd8ebbf9ac10b99c,2026-08-12T23:00:00Z,2026-08-12T22:00:00Z,2026-08-12T23:00:00Z,0.00545392306855362,103192314.151383,562802.9426476599,157,-600000.0,-0.5780774857036995,-3272.353841132172,9325420.00667191,129599.00751895338,158.0,10599.232077900018,0.0011365956782983238,-2.6840363495276742,-0.5780774857036985,15.539148784992873,-0.5780774857036985,68.9847950007313,-0.3642992211933205,,,distribution,True,-3.975710598774973,-3.975710598774973,-3.975710598774973,True,-2.576366471678415,-2.1220438236139727,-8.962576902396835,True,-3.593450120920849,2.433811751690751,-8.962576902396835,True,9.222874826820359,9.222874826820359,-10.795069820295566
2026-08-16-seven-token-pilot,momentum,base,CHEAT.SH,0xadfd54cb2997d3a0077f0aafbd8ebbf9ac10b99c,2026-08-13T02:00:00Z,2026-08-13T01:00:00Z,2026-08-13T02:00:00Z,0.00533818843093272,103209542.238958,550951.9843418675,158,17228.087575003505,0.016695126683301163,91.96677777997945,9325420.00667191,129599.00751895338,158.0,10599.232077900018,0.0011365956782983238,7.513979247247549,0.01669512668329709,-4.749123745562944,-0.5614788697889672,35.89318062248268,-0.36546420972441984,,,accumulation,True,-0.46417259392472765,-0.46417259392472765,-0.46417259392472765,True,4.65462883909693,4.65462883909693,-2.2545449377629145,True,4.309137185158107,4.65462883909693,-7.290471043360491,True,38.729116652415186,38.729116652415186,-8.861061607224318
2026-08-16-seven-token-pilot,momentum,base,CHEAT.SH,0xadfd54cb2997d3a0077f0aafbd8ebbf9ac10b99c,2026-08-13T09:00:00Z,2026-08-13T08:00:00Z,2026-08-13T09:00:00Z,0.00510618607223551,103265322.56451301,527291.9518238237,158,55780.32555501163,0.0540457057990482,284.82472145376283,9325420.00667191,129599.00751895338,158.0,10599.232077900018,0.0011365956782983238,-2.317973403012963,0.0540457057990551,-5.503607909866126,0.0540457057990551,-2.774226798906043,-0.5077366192080102,,,accumulation,True,-0.24181012617463526,-0.24181012617463526,-0.24181012617463526,True,8.170516802548033,8.170516802548033,-3.0781628572956965,True,7.5646043052687295,9.048479919300334,-4.7201140629789196,True,16.660951212737007,48.76352996593074,-4.7201140629789196
2026-08-16-seven-token-pilot,momentum,base,CHEAT.SH,0xadfd54cb2997d3a0077f0aafbd8ebbf9ac10b99c,2026-08-13T10:00:00Z,2026-08-13T09:00:00Z,2026-08-13T10:00:00Z,0.005093838797251525,103608786.73794001,527766.457621878,158,343464.17342700064,0.3326035932463466,1749.5511320683822,9325420.00667191,129599.00751895338,158.0,10599.232077900018,0.0011365956782983238,-0.24181012617463526,0.3326035932463389,-8.821413476992424,0.38682905700486714,-9.109126585799487,-0.17682177620137463,,,accumulation,True,3.221544158185141,3.221544158185141,3.221544158185141,True,9.312809361542506,9.312809361542506,-2.843227944200355,True,14.508285962962386,14.508285962962386,-4.489159178277458,True,9.246403724073883,49.12412720608461,-4.489159178277458
2026-08-16-seven-token-pilot,momentum,base,CHEAT.SH,0xadfd54cb2997d3a0077f0aafbd8ebbf9ac10b99c,2026-08-13T12:00:00Z,2026-08-13T11:00:00Z,2026-08-13T12:00:00Z,0.00494900934913555,103607026.09293202,512752.1407700514,157,-1760.6450079977512,-0.0016993201671697878,-8.713448605089706,9325420.00667191,129599.00751895338,158.0,10599.232077900018,0.0011365956782983238,-5.875490578876963,-0.0016993201671700042,-5.324785263975118,0.38512316337353525,-5.500792883393224,0.40188258685684985,52.128919711570006,0.03611931052949213,distribution,True,11.605929057330577,11.605929057330577,11.605929057330577,True,3.3256284434826977,12.511775606090891,3.3256284434826977,True,25.69268765866486,25.69268765866486,-1.6940983106476626,True,-2.456665911401179,53.488145036805854,-2.456665911401179
2026-08-16-seven-token-pilot,momentum,base,CHEAT.SH,0xadfd54cb2997d3a0077f0aafbd8ebbf9ac10b99c,2026-08-13T15:00:00Z,2026-08-13T14:00:00Z,2026-08-13T15:00:00Z,0.00527530839538063,103615283.25340101,546602.5736364083,159,8257.160468995571,0.007969691612988848,43.5590679440974,9325420.00667191,129599.00751895338,158.0,10599.232077900018,0.0011365956782983238,-5.260388203146238,0.007969691612985663,0.33034486933514184,0.006270236015248898,-0.7170842768975505,0.39312354811495975,30.51796423881441,0.026222612522186495,accumulation,True,-3.065477343489831,-3.065477343489831,-3.065477343489831,True,-7.774713804063527,3.3697825607631238,-7.774713804063527,True,33.32341706865254,40.38272458078816,-7.774713804063527,True,-12.835996001496742,43.994285800198575,-12.835996001496742
2026-08-16-seven-token-pilot,momentum,base,CHEAT.SH,0xadfd54cb2997d3a0077f0aafbd8ebbf9ac10b99c,2026-08-13T20:00:00Z,2026-08-13T19:00:00Z,2026-08-13T20:00:00Z,0.00536096470699124,104072937.34992802,557931.3440858745,159,457654.0965270102,0.4416859001463845,2453.467459491264,9325420.00667191,129599.00751895338,158.0,10599.232077900018,0.0011365956782983238,10.19073574830822,0.44168590014639353,4.837490937456268,0.44168590014639353,2.5559761602189868,0.8365458195435327,16.72610503464842,0.2703699217417199,accumulation,True,2.4526208226694823,2.4526208226694823,2.4526208226694823,True,16.034020057898402,16.034020057898402,2.4526208226694823,True,14.360581272159422,41.69357686276347,2.4526208226694823,True,6.343840118096233,41.69357686276347,-14.228683231462579
2026-08-16-seven-token-pilot,momentum,base,CHEAT.SH,0xadfd54cb2997d3a0077f0aafbd8ebbf9ac10b99c,2026-08-13T22:00:00Z,2026-08-13T21:00:00Z,2026-08-13T22:00:00Z,0.0058328674964491,104086119.68147302,607120.5443215749,160,13182.331544995308,0.012666435560160947,76.89079319621878,9325420.00667191,129599.00751895338,158.0,10599.232077900018,0.0011365956782983238,6.197939433687516,0.01266643556017133,16.853405367574403,0.4544082815664652,14.508285962962386,0.4607070100534294,4.077581243366879,0.2830706035338082,accumulation,True,2.126982482352413,2.126982482352413,2.126982482352413,True,26.963653125717958,26.963653125717958,2.126982482352413,True,-4.5951978013106025,30.229988120090013,-4.5951978013106025,True,-2.836439621928477,30.229988120090013,-21.167932865229687
2026-08-16-seven-token-pilot,momentum,base,CHEAT.SH,0xadfd54cb2997d3a0077f0aafbd8ebbf9ac10b99c,2026-08-14T02:00:00Z,2026-08-14T01:00:00Z,2026-08-14T02:00:00Z,0.007405621655474385,104105034.56796302,770962.498440416,160,18914.886490002275,0.01817234281370666,140.07649300120073,9325420.00667191,129599.00751895338,158.0,10599.232077900018,0.0011365956782983238,7.424076008637992,0.018172342813715936,26.963653125717958,0.018172342813715936,32.99804829768511,0.4806705624233576,38.729116652415186,0.8676448994722863,accumulation,True,-5.028615545977011,-5.028615545977011,-5.028615545977011,True,-6.788077867491237,2.5726536012143253,-6.788077867491237,True,-34.565982037479195,2.5726536012143253,-34.813997418640106,True,-6.889692809503867,2.5726536012143253,-37.90973621662281
2026-08-16-seven-token-pilot,momentum,base,CHEAT.SH,0xadfd54cb2997d3a0077f0aafbd8ebbf9ac10b99c,2026-08-14T05:00:00Z,2026-08-14T04:00:00Z,2026-08-14T05:00:00Z,0.007596142647686255,103983434.56796302,789873.0019745965,160,-121600.0,-0.11680510986297758,-923.6909459586485,9325420.00667191,129599.00751895338,158.0,10599.232077900018,0.0011365956782983238,9.60196264590769,-0.11680510986298298,10.187725368645427,-0.09865399327425584,39.300172867787,0.3553059963766758,40.57616856372972,0.7498263360312674,distribution,True,-9.125952327506859,-9.125952327506859,-9.125952327506859,True,-21.57960271616689,-9.125952327506859,-21.57960271616689,True,-28.379050996720412,-9.125952327506859,-39.46703960221799,True,-16.617216408738113,-6.916238036180101,-39.46703960221799
2026-08-16-seven-token-pilot,momentum,base,CHEAT.SH,0xadfd54cb2997d3a0077f0aafbd8ebbf9ac10b99c,2026-08-14T09:00:00Z,2026-08-14T08:00:00Z,2026-08-14T09:00:00Z,0.00595692524256224,103987256.10256402,619444.3107821478,160,3821.5346010029316,0.0036751378879538712,22.764595930039384,9325420.00667191,129599.00751895338,158.0,10599.232077900018,0.0011365956782983238,-2.8365677531726474,0.0036751378879484875,-21.57960271616689,0.0036751378879484875,8.456635866620976,-0.08232807639118045,16.660951212737007,0.6991054887762527,accumulation,True,-6.582079329481083,-6.582079329481083,-6.582079329481083,True,-12.882656042170272,-6.582079329481083,-18.961065869833416,True,-12.656288969466,-3.5922886833174794,-22.809673893017525,True,5.393681880575696,18.69840652160244,-22.809673893017525
2026-08-16-seven-token-pilot,momentum,base,CHEAT.SH,0xadfd54cb2997d3a0077f0aafbd8ebbf9ac10b99c,2026-08-14T10:00:00Z,2026-08-14T09:00:00Z,2026-08-14T10:00:00Z,0.00556483569749891,103959337.28102002,578516.6311897495,159,-27918.821544006467,-0.026848310639593913,-155.3636547601888,9325420.00667191,129599.00751895338,158.0,10599.232077900018,0.0011365956782983238,-6.582079329481083,-0.026848310639593365,-19.38434965707837,-0.02317415946407886,-4.5951978013106025,-0.12180529050461741,9.246403724073883,0.33834055403685337,distribution,True,-8.407228162529613,-8.407228162529613,-8.407228162529613,True,-12.92113428510817,-6.744505409097091,-13.251190404903678,True,1.8434692372396144,3.200446578883387,-17.37096527846137,True,24.35304713500377,27.061709005755684,-17.37096527846137
2026-08-16-seven-token-pilot,momentum,base,CHEAT.SH,0xadfd54cb2997d3a0077f0aafbd8ebbf9ac10b99c,2026-08-14T11:00:00Z,2026-08-14T10:00:00Z,2026-08-14T11:00:00Z,0.005096987263540281,103409337.28102002,527076.0750525,159,-550000.0,-0.529053007055302,-2803.3429949471542,9325420.00667191,129599.00751895338,158.0,10599.232077900018,0.0011365956782983238,-8.407228162529613,-0.5290530070553023,-20.820576615133525,-0.5521045629318766,-14.436027897979365,-0.6502138830077553,-3.0611195369351973,-0.1925024538936726,distribution,True,-5.28858570954659,-5.28858570954659,-5.28858570954659,True,-9.786511463849724,1.8153427613076145,-9.786511463849724,True,23.501691057578068,23.501691057578068,-9.786511463849724,True,43.61088711877261,43.61088711877261,-9.786511463849724
2026-08-16-seven-token-pilot,momentum,base,CHEAT.SH,0xadfd54cb2997d3a0077f0aafbd8ebbf9ac10b99c,2026-08-14T12:00:00Z,2026-08-14T11:00:00Z,2026-08-14T12:00:00Z,0.00482742872350328,103420601.67383501,499255.58312226256,158,11264.392814993858,0.010893013253128497,54.378053427925316,9325420.00667191,129599.00751895338,158.0,10599.232077900018,0.0011365956782983238,-5.28858570954659,0.01089301325312153,-21.259790142884547,-0.5412716905019543,-22.39537883580732,-0.639391697639069,-2.456665911401179,-0.17993414744844616,accumulation,True,7.500604361231944,7.500604361231944,7.500604361231944,True,1.1066250306193348,7.500604361231944,-4.749085195274628,True,43.09173164813185,43.09173164813185,-4.749085195274628,True,51.594226242174315,51.6299679343381,-4.749085195274628
2026-08-16-seven-token-pilot,momentum,base,CHEAT.SH,0xadfd54cb2997d3a0077f0aafbd8ebbf9ac10b99c,2026-08-14T14:00:00Z,2026-08-14T13:00:00Z,2026-08-14T14:00:00Z,0.00484579580427944,103384754.15379901,500981.40790494054,157,-35847.52003599703,-0.03466187534767196,-173.70976218425758,9325420.00667191,129599.00751895338,158.0,10599.232077900018,0.0011365956782983238,-6.623340429544633,-0.03466187534767462,-12.92113428510817,-0.5526998750172929,-34.565982037479195,-0.6918785601034316,-12.974033187090628,-0.2145336542462184,distribution,True,-5.110115935504444,-5.110115935504444,-5.110115935504444,True,18.513769939052516,18.513769939052516,-5.110115935504444,True,42.296484443042615,45.9156684720414,-5.110115935504444,True,51.34635580392975,56.64130129775691,-5.110115935504444
2026-08-16-seven-token-pilot,momentum,base,CHEAT.SH,0xadfd54cb2997d3a0077f0aafbd8ebbf9ac10b99c,2026-08-14T15:00:00Z,2026-08-14T14:00:00Z,2026-08-14T15:00:00Z,0.0045981700206829505,103348754.15379901,475215.1430249312,157,-36000.0,-0.034821381832030145,-165.53412074458623,9325420.00667191,129599.00751895338,158.0,10599.232077900018,0.0011365956782983238,-5.110115935504444,-0.03482138183202865,-9.786511463849724,-0.058585741688266246,-34.62213471949966,-0.7264590202602395,-12.835996001496742,-0.25722952370855756,distribution,True,6.147668227542802,6.147668227542802,6.147668227542802,True,24.451229133450127,24.896105741366558,6.147668227542802,True,45.33345697565932,53.77368189517886,6.147668227542802,True,51.962970912238205,65.07692346982911,6.147668227542802
2026-08-16-seven-token-pilot,momentum,base,CHEAT.SH,0xadfd54cb2997d3a0077f0aafbd8ebbf9ac10b99c,2026-08-14T19:00:00Z,2026-08-14T18:00:00Z,2026-08-14T19:00:00Z,0.00572247910838575,103314954.15379901,591217.6667289463,157,-33800.0,-0.03270479676000772,-193.41979386343834,9325420.00667191,129599.00751895338,158.0,10599.232077900018,0.0011365956782983238,-0.35619734120267976,-0.03270479676000804,24.451229133450127,-0.03270479676000804,-11.103839835924735,-0.6428720275892474,17.62140169194346,-0.28985019407563595,distribution,True,-0.3743722115826631,-0.3743722115826631,-0.3743722115826631,True,10.002419305246434,10.002419305246434,-9.077875661546797,True,2.8479572304071388,23.561400691580147,-9.077875661546797,True,43.211579215936055,44.435460849900956,-9.077875661546797
2026-08-16-seven-token-pilot,momentum,base,CHEAT.SH,0xadfd54cb2997d3a0077f0aafbd8ebbf9ac10b99c,2026-08-14T20:00:00Z,2026-08-14T19:00:00Z,2026-08-14T20:00:00Z,0.00570105573679033,103314979.159332,589004.4546326832,157,25.00553299486637,2.4203207754070215e-05,0.14255793733188282,9325420.00667191,129599.00751895338,158.0,10599.232077900018,0.0011365956782983238,-0.3743722115826631,2.4203207749096123e-05,16.804561404797937,-0.03268060146786045,-7.010056319130332,-0.6428479799771458,6.343840118096233,-0.728295184028005,accumulation,True,-8.736209390266957,-8.736209390266957,-8.736209390266957,True,21.16442416030697,21.16442416030697,-8.736209390266957,True,7.933198661527707,24.025718516923256,-8.736209390266957,True,36.50161491987309,44.978219014739594,-8.736209390266957
2026-08-16-seven-token-pilot,momentum,base,CHEAT.SH,0xadfd54cb2997d3a0077f0aafbd8ebbf9ac10b99c,2026-08-14T22:00:00Z,2026-08-14T21:00:00Z,2026-08-14T22:00:00Z,0.00566742173168523,103361102.300885,585790.9573909758,157,46123.141552999616,0.044643227853599685,261.3992947710641,9325420.00667191,129599.00751895338,158.0,10599.232077900018,0.0011365956782983238,8.92604650939246,0.04464322785360242,-1.3148948348847944,0.011948036710363041,1.8434692372396144,-0.5754509366656224,-2.836439621928477,-0.6965552974851241,accumulation,True,11.07106125998174,11.07106125998174,11.07106125998174,True,21.66726598494606,24.761764261752873,11.07106125998174,True,22.10213189549657,24.761764261752873,3.6246680905993145,True,25.408419374124634,45.838609927808285,3.6246680905993145
2026-08-16-seven-token-pilot,momentum,base,CHEAT.SH,0xadfd54cb2997d3a0077f0aafbd8ebbf9ac10b99c,2026-08-15T00:00:00Z,2026-08-14T23:00:00Z,2026-08-15T00:00:00Z,0.00690765135454015,103370207.70682901,714045.3552851741,157,9105.405944004655,0.008809315827049469,62.896969702741686,9325420.00667191,129599.00751895338,158.0,10599.232077900018,0.0011365956782983238,9.73469400792486,0.008809315827051911,21.16442416030697,0.05345647644359186,43.09173164813185,-0.048727203468534874,11.045796262815921,-0.6878073434141485,accumulation,True,2.3614970949151104,2.3614970949151104,2.3614970949151104,True,-2.578352778017501,2.3614970949151104,-3.25685090802047,True,5.941988748134275,5.9669669154623906,-14.980553341139524,True,16.407730592697114,19.65411466234157,-14.980553341139524
2026-08-16-seven-token-pilot,momentum,base,CHEAT.SH,0xadfd54cb2997d3a0077f0aafbd8ebbf9ac10b99c,2026-08-15T03:00:00Z,2026-08-15T02:00:00Z,2026-08-15T03:00:00Z,0.006682679448676921,103385964.696371,690895.2615580763,158,15756.989541992545,0.015243260018090862,105.29891018529075,9325420.00667191,129599.00751895338,158.0,10599.232077900018,0.0011365956782983238,-3.084922040834437,0.015243260018094063,6.160798629714281,0.024053918672062302,45.33345697565932,0.03600482935344207,-4.9840882909595425,-0.6907157512373585,accumulation,True,0.7013397190098525,0.7013397190098525,0.7013397190098525,True,-11.929744481806637,0.7013397190098525,-12.118380002260032,True,4.561588277425499,13.584942452360771,-12.118380002260032,True,30.44621803210914,30.44621803210914,-12.118380002260032
2026-08-16-seven-token-pilot,momentum,base,CHEAT.SH,0xadfd54cb2997d3a0077f0aafbd8ebbf9ac10b99c,2026-08-15T05:00:00Z,2026-08-15T04:00:00Z,2026-08-15T05:00:00Z,0.00633387518520378,103397624.20538901,654907.646163539,158,11659.50901800394,0.011277651712441009,73.84987484079485,9325420.00667191,129599.00751895338,158.0,10599.232077900018,0.0011365956782983238,-5.879630613882158,0.0112776517124491,-10.42177300088991,0.02652263081230899,16.422338368406297,0.04728654156513912,-16.617216408738113,-0.5633689298761624,accumulation,True,-7.27877030995886,-7.27877030995886,-7.27877030995886,True,-0.8786460668506191,-0.8786460668506191,-7.27877030995886,True,26.922775397354105,27.308171617528654,-7.27877030995886,True,32.94990178055834,39.491967921778404,-7.27877030995886
2026-08-16-seven-token-pilot,momentum,base,CHEAT.SH,0xadfd54cb2997d3a0077f0aafbd8ebbf9ac10b99c,2026-08-15T06:00:00Z,2026-08-15T05:00:00Z,2026-08-15T06:00:00Z,0.005872846958753316,103380767.99338901,607139.4289035567,158,-16856.211999997497,-0.016302320415519725,-98.99395338028644,9325420.00667191,129599.00751895338,158.0,10599.232077900018,0.0011365956782983238,-7.27877030995886,-0.016302320415517713,-14.829459467412676,0.010215986592521098,2.262112682209505,0.03097651234611476,-14.922308100284976,-0.5795794080836081,distribution,True,0.21464729537103988,0.21464729537103988,0.21464729537103988,True,17.831144017505917,17.831144017505917,0.21464729537103988,True,40.73734817688508,40.73734817688508,0.21464729537103988,True,43.65612574669031,50.442318752768585,0.21464729537103988
2026-08-16-seven-token-pilot,momentum,base,CHEAT.SH,0xadfd54cb2997d3a0077f0aafbd8ebbf9ac10b99c,2026-08-15T07:00:00Z,2026-08-15T06:00:00Z,2026-08-15T07:00:00Z,0.00588545286591156,103425980.89442502,608708.7356648077,158,45212.90103600919,0.04373434432108346,266.098397978556,9325420.00667191,129599.00751895338,158.0,10599.232077900018,0.0011365956782983238,0.21464729537103988,0.043734344321078034,-11.929744481806637,0.03870563878911604,2.8479572304071388,0.10746434679798078,-8.57211521497765,-0.5360985390164719,accumulation,True,4.551543515611511,4.551543515611511,4.551543515611511,True,24.371544420946243,24.371544420946243,4.551543515611511,True,39.24591510855537,40.435906302277445,4.551543515611511,True,46.49829466526296,50.12009003968985,4.551543515611511
2026-08-16-seven-token-pilot,momentum,base,CHEAT.SH,0xadfd54cb2997d3a0077f0aafbd8ebbf9ac10b99c,2026-08-15T08:00:00Z,2026-08-15T07:00:00Z,2026-08-15T08:00:00Z,0.00615333181419433,103433030.66554502,636457.7582328358,158,7049.771119996905,0.006816247773558133,43.37958091546535,9325420.00667191,129599.00751895338,158.0,10599.232077900018,0.0011365956782983238,4.551543515611511,0.006816247773566708,-8.562476150421993,0.045524524834905655,7.933198661527707,0.1142636887444537,0.3670206483157967,-0.5293188330476428,accumulation,True,2.029648807940676,2.029648807940676,2.029648807940676,True,18.929117456433573,18.957157626635347,2.029648807940676,True,26.468608929060156,34.322174097131054,2.029648807940676,True,42.886707174448645,43.584766892775775,2.029648807940676
2026-08-16-seven-token-pilot,momentum,base,CHEAT.SH,0xadfd54cb2997d3a0077f0aafbd8ebbf9ac10b99c,2026-08-15T09:00:00Z,2026-08-15T08:00:00Z,2026-08-15T09:00:00Z,0.00627822284000976,103426099.56687401,649332.1005538718,157,-6931.098671004176,-0.0067010495838763255,-43.51498198265971,9325420.00667191,129599.00751895338,158.0,10599.232077900018,0.0011365956782983238,2.029648807940676,-0.006701049583879293,-0.8786460668506191,0.02753966708988198,20.665449907128064,0.10755498229413352,5.393681880575696,-0.5396397180982726,distribution,True,10.222955352849162,10.222955352849162,10.222955352849162,True,20.9023285647443,20.9023285647443,10.222955352849162,True,22.55042275752144,31.650138627819267,10.222955352849162,True,39.79855493222657,40.728473115748855,10.222955352849162
2026-08-16-seven-token-pilot,momentum,base,CHEAT.SH,0xadfd54cb2997d3a0077f0aafbd8ebbf9ac10b99c,2026-08-15T10:00:00Z,2026-08-15T09:00:00Z,2026-08-15T10:00:00Z,0.0069200427578963355,103462530.13085501,715965.1323456547,157,36430.56398099661,0.03522376279639267,252.10106044277467,9325420.00667191,129599.00751895338,158.0,10599.232077900018,0.0011365956782983238,10.222955352849162,0.03522376279638806,17.831144017505917,0.07908834404406484,22.10213189549657,0.09812959393056264,24.35304713500377,-0.4778860304024968,accumulation,True,5.777216725265544,5.777216725265544,5.777216725265544,True,5.981070002899025,9.688883025961337,5.75228328519668,True,2.7078048739212823,19.43985552408458,0.9750375176853066,False,,,
2026-08-16-seven-token-pilot,momentum,base,CHEAT.SH,0xadfd54cb2997d3a0077f0aafbd8ebbf9ac10b99c,2026-08-15T11:00:00Z,2026-08-15T10:00:00Z,2026-08-15T11:00:00Z,0.00731982862550105,103463544.156965,757335.4122159444,158,1014.0261099934578,0.000980090191793068,7.422497346935589,9325420.00667191,129599.00751895338,158.0,10599.232077900018,0.0011365956782983238,5.777216725265544,0.0009800901917822458,24.371544420946243,0.03631898118359178,16.28252689416163,0.09911064588086216,43.61088711877261,0.052419711188833595,accumulation,True,-0.02357165450252996,-0.02357165450252996,-0.02357165450252996,True,-4.539899381218271,3.6980234702672643,-4.539899381218271,True,9.603299613721061,12.916428718582097,-4.539899381218271,False,,,
2026-08-16-seven-token-pilot,momentum,base,CHEAT.SH,0xadfd54cb2997d3a0077f0aafbd8ebbf9ac10b99c,2026-08-15T16:00:00Z,2026-08-15T15:00:00Z,2026-08-15T16:00:00Z,0.00806354069081929,104035419.239445,838893.8363237088,158,571875.0824799985,0.5527310002182065,4611.337997643105,9325420.00667191,129599.00751895338,158.0,10599.232077900018,0.0011365956782983238,15.399248532009423,0.5527310002181984,10.186211475052499,0.5527310002181984,19.822921385130797,0.6281844397170833,65.2077048962778,0.6644154458060658,accumulation,True,-0.3027270090190326,-0.3027270090190326,-0.3027270090190326,True,-3.491115794069588,2.501982555215121,-3.491115794069588,True,9.570317560488938,9.570317560488938,-11.857280994883334,False,,,
2026-08-16-seven-token-pilot,momentum,base,CHEAT.SH,0xadfd54cb2997d3a0077f0aafbd8ebbf9ac10b99c,2026-08-16T00:00:00Z,2026-08-15T23:00:00Z,2026-08-16T00:00:00Z,0.00804104017907589,104061414.95093101,836762.0187119247,159,25995.711486011744,0.02498736649119541,209.03256054268505,9325420.00667191,129599.00751895338,158.0,10599.232077900018,0.0011365956782983238,0.22768284562137975,0.024987366491191487,3.328269437337217,0.024987366491191487,9.878747763971107,0.5778564796301344,16.407730592697114,0.6686716215781985,accumulation,True,5.14760831758323,5.14760831758323,5.14760831758323,True,9.87691821937049,9.87691821937049,5.14760831758323,False,,,,False,,,
2026-08-16-seven-token-pilot,momentum,base,CHEAT.SH,0xadfd54cb2997d3a0077f0aafbd8ebbf9ac10b99c,2026-08-16T04:00:00Z,2026-08-16T03:00:00Z,2026-08-16T04:00:00Z,0.00883524714154994,104626309.75067301,924399.3041555523,159,564894.7997419983,0.5428475098175132,4990.985164696916,9325420.00667191,129599.00751895338,158.0,10599.232077900018,0.0011365956782983238,1.3529934992467352,0.5428475098175234,9.87691821937049,0.5428475098175234,9.570317560488938,0.5679705196054652,31.29035547194283,1.1997228617488975,accumulation,True,-4.689923182450606,-4.689923182450606,-4.689923182450606,True,-0.4861655824871969,-0.4861655824871969,-4.689923182450606,False,,,,False,,,
2026-08-16-seven-token-pilot,momentum,base,CHEAT.SH,0xadfd54cb2997d3a0077f0aafbd8ebbf9ac10b99c,2026-08-16T06:00:00Z,2026-08-16T05:00:00Z,2026-08-16T06:00:00Z,0.00843670441197734,104630087.54212701,882733.1211922381,159,3777.791454002261,0.0036107471084518114,31.87210982751117,9325420.00667191,129599.00751895338,158.0,10599.232077900018,0.0011365956782983238,0.1879087787947764,0.00361074710846232,-2.134129756349301,0.5464778577767282,2.073918265204755,0.5716017746930424,43.65612574669031,1.2084641785770955,accumulation,True,2.197346983589421,2.197346983589421,2.197346983589421,False,,,,False,,,,False,,,
2026-08-16-seven-token-pilot,momentum,base,CHEAT.SH,0xadfd54cb2997d3a0077f0aafbd8ebbf9ac10b99c,2026-08-16T07:00:00Z,2026-08-16T06:00:00Z,2026-08-16T07:00:00Z,0.00862208808188828,104753926.33380102,903197.5797736685,159,123838.791674003,0.11835868112424357,1067.748969767867,9325420.00667191,129599.00751895338,158.0,10599.232077900018,0.0011365956782983238,2.197346983589421,0.11835868112424208,-1.0922475270731757,0.6654833428860751,5.208324819477594,0.6906369961390935,46.49829466526296,1.2839573073341493,accumulation,True,1.974059268650885,1.974059268650885,1.974059268650885,False,,,,False,,,,False,,,
2026-08-16-seven-token-pilot,early,base,MONGO,0xadf9afd4fa1dfef7a06a7cd56140af14a4dc2860,2026-08-12T15:00:00Z,2026-08-12T14:00:00Z,2026-08-12T15:00:00Z,0.0175196219916084,143905759.62348798,2521174.511018773,177,104.70813000202179,7.276165072429483e-05,1.834446857083612,7131696.7342978,118608.79099916715,157.0,2128.1615316372827,0.0002984088655091733,-1.104295075850581,7.276165072678253e-05,2.4497263184780182,7.276165072678253e-05,,,,,accumulation,True,-8.344040464277125,-8.344040464277125,-8.344040464277125,True,-13.33734635981939,-7.76583938241947,-13.33734635981939,True,-19.576114236167296,-7.76583938241947,-23.306327545578743,True,-30.82349984506221,-7.76583938241947,-35.4777249428181
2026-08-16-seven-token-pilot,early,base,MONGO,0xadf9afd4fa1dfef7a06a7cd56140af14a4dc2860,2026-08-12T16:00:00Z,2026-08-12T15:00:00Z,2026-08-12T16:00:00Z,0.0160577776434402,143906427.80923298,2310817.419222443,178,668.1857450008392,0.00046432175247819576,10.72957811773991,7131696.7342978,118608.79099916715,157.0,2128.1615316372827,0.0002984088655091733,-8.344040464277125,0.0004643217524691323,-9.215596755586708,0.0005370837410589857,,,,,accumulation,True,-3.4297905189239253,-3.4297905189239253,-3.4297905189239253,True,-15.709957537052087,0.6308385017040896,-15.709957537052087,True,-14.816333109502988,0.6308385017040896,-16.32440177059089,True,-25.798365343609188,0.6308385017040896,-29.6038409460605
2026-08-16-seven-token-pilot,early,base,MONGO,0xadf9afd4fa1dfef7a06a7cd56140af14a4dc2860,2026-08-12T18:00:00Z,2026-08-12T17:00:00Z,2026-08-12T18:00:00Z,0.01615907628733305,143908199.59498897,2325423.575628179,178,1771.7857559919357,0.0012312068216582183,28.630421195883752,7131696.7342978,118608.79099916715,157.0,2128.1615316372827,0.0002984088655091733,4.2048464453458,0.0012312068216502325,-8.784376676371519,0.0017682971753307797,,,,,accumulation,True,-6.040611135933016,-6.040611135933016,-6.040611135933016,True,-10.751903959334852,-6.040611135933016,-16.848950604747127,True,-17.525027016353256,-3.4216198857156654,-17.63017827432907,True,-22.77690958570937,-3.4216198857156654,-30.04514311708989
2026-08-16-seven-token-pilot,early,base,MONGO,0xadf9afd4fa1dfef7a06a7cd56140af14a4dc2860,2026-08-12T19:00:00Z,2026-08-12T18:00:00Z,2026-08-12T19:00:00Z,0.0151829693256565,143921425.200796,2185154.584128452,179,13225.605807036161,0.00919030732387586,200.8039672814545,7131696.7342978,118608.79099916715,157.0,2128.1615316372827,0.0002984088655091733,-6.040611135933016,0.009190307323869717,-13.33734635981939,0.0108859974395914,,,,,accumulation,True,-10.853356125869318,-10.853356125869318,-10.853356125869318,True,-5.19065115807723,-5.014179934926732,-11.50320324502191,True,-5.700590508488523,2.787365139215958,-12.334655725744359,True,-18.82062479864981,2.787365139215958,-25.547773640678663
2026-08-16-seven-token-pilot,early,base,MONGO,0xadf9afd4fa1dfef7a06a7cd56140af14a4dc2860,2026-08-12T21:00:00Z,2026-08-12T20:00:00Z,2026-08-12T21:00:00Z,0.0134364415054969,144290965.77943102,1938757.1214669799,180,369540.57863500714,0.25676550806763637,4965.310368736751,7131696.7342978,118608.79099916715,157.0,2128.1615316372827,0.0002984088655091733,-0.728964199785398,0.25676550806763565,-13.352576659983107,0.267213894509144,,,,,accumulation,True,7.3324951275483885,7.3324951275483885,7.3324951275483885,True,10.504906657241463,16.148119376347925,7.133085397906891,True,2.6042791964155487,16.148119376347925,-0.9395283345955407,True,-4.846141571679241,16.148119376347925,-15.87014548621697
2026-08-16-seven-token-pilot,early,base,MONGO,0xadf9afd4fa1dfef7a06a7cd56140af14a4dc2860,2026-08-12T22:00:00Z,2026-08-12T21:00:00Z,2026-08-12T22:00:00Z,0.01442166792420335,144291601.290997,2080925.5580703097,180,635.5115659832954,0.00044043753020183124,9.165136766601533,7131696.7342978,118608.79099916715,157.0,2128.1615316372827,0.0002984088655091733,7.3324951275483885,0.00044043753020250875,-10.751903959334852,0.26642102193417116,,,,,accumulation,True,-0.18578691327778563,-0.18578691327778563,-0.18578691327778563,True,-3.9847184172318473,8.21337865883347,-3.9847184172318473,True,-4.2520407436161705,8.21337865883347,-7.706914343427773,True,-16.404865500412214,8.21337865883347,-21.61753585080878
2026-08-16-seven-token-pilot,early,base,MONGO,0xadf9afd4fa1dfef7a06a7cd56140af14a4dc2860,2026-08-12T23:00:00Z,2026-08-12T22:00:00Z,2026-08-12T23:00:00Z,0.0143948743525238,144293195.180126,2077082.4145421062,180,1593.889129012823,0.0011046305639081386,22.943833743993185,7131696.7342978,118608.79099916715,157.0,2128.1615316372827,0.0002984088655091733,-0.18578691327778563,0.0011046305639084153,-5.19065115807723,0.25831454824138955,-15.822901971782134,0.269301623342022,,,accumulation,True,8.414799167743524,8.414799167743524,8.414799167743524,True,-2.1182093589020567,8.414799167743524,-3.8060025586270196,True,-4.496248269735492,8.414799167743524,-7.535126709475093,True,-16.253536391291902,8.414799167743524,-21.47164043552626
2026-08-16-seven-token-pilot,early,base,MONGO,0xadf9afd4fa1dfef7a06a7cd56140af14a4dc2860,2026-08-13T03:00:00Z,2026-08-13T02:00:00Z,2026-08-13T03:00:00Z,0.01408996077678645,144296753.869548,2033135.602239539,180,3558.689421981573,0.0024662905395775193,50.14179437248521,7131696.7342978,118608.79099916715,157.0,2128.1615316372827,0.0002984088655091733,1.7545722650247564,0.0024662905395711476,-2.1182093589020567,0.0024662905395711476,-19.576114236167296,0.2717015962967695,,,accumulation,True,-2.919503932611156,-2.919503932611156,-2.919503932611156,True,1.6145512694382136,1.6145512694382136,-5.5341420657445735,True,-13.985130788038791,5.275482131680431,-19.772248699032502,True,-21.354898403825796,5.275482131680431,-21.354898403825796
2026-08-16-seven-token-pilot,early,base,MONGO,0xadf9afd4fa1dfef7a06a7cd56140af14a4dc2860,2026-08-13T07:00:00Z,2026-08-13T06:00:00Z,2026-08-13T07:00:00Z,0.0143174504173714,144281753.869548,2065746.8571586378,180,-15000.0,-0.010395244243374182,-214.761756260571,7131696.7342978,118608.79099916715,157.0,2128.1615316372827,0.0002984088655091733,7.430346025353063,-0.010395244243377455,1.6145512694382136,-0.010395244243377455,-5.700590508488523,0.2503648558574767,,,distribution,True,3.6027624159211236,3.6027624159211236,3.6027624159211236,True,-3.979796243346534,3.6027624159211236,-3.979796243346534,True,-13.913166965634394,3.6027624159211236,-21.04698559536231,True,-35.815831921736866,3.6027624159211236,-39.15910833267413
2026-08-16-seven-token-pilot,early,base,MONGO,0xadf9afd4fa1dfef7a06a7cd56140af14a4dc2860,2026-08-13T08:00:00Z,2026-08-13T07:00:00Z,2026-08-13T08:00:00Z,0.0148332741399266,144287963.242875,2140262.913873218,180,6209.37332701683,0.004303644196501119,92.10533679678875,7131696.7342978,118608.79099916715,157.0,2128.1615316372827,0.0002984088655091733,3.6027624159211236,0.004303644196501644,8.441434063751597,-0.006092047421202285,9.59110621488879,0.25467927486655384,,,accumulation,True,-7.057849627045865,-7.057849627045865,-7.057849627045865,True,-9.043613571310882,-6.908935964521124,-9.043613571310882,True,-15.324359125901976,-6.908935964521124,-23.79255865043942,True,-39.03150705793933,-6.908935964521124,-41.27483645361163
2026-08-16-seven-token-pilot,early,base,MONGO,0xadf9afd4fa1dfef7a06a7cd56140af14a4dc2860,2026-08-13T09:00:00Z,2026-08-13T08:00:00Z,2026-08-13T09:00:00Z,0.0137863639563631,144295883.836719,1989315.5719780987,180,7920.593843996525,0.005489434923039324,109.19618948386514,7131696.7342978,118608.79099916715,157.0,2128.1615316372827,0.0002984088655091733,-7.057849627045865,0.005489434923044989,3.577418390436282,-0.0006029469171386914,2.6042791964155487,0.003408430501128379,,,accumulation,True,0.1602218820278889,0.1602218820278889,0.1602218820278889,True,-10.63685143421349,0.1602218820278889,-10.63685143421349,True,-7.261315830534166,0.1602218820278889,-18.00551090785102,True,-31.807504919136463,0.1602218820278889,-36.815359542749285
2026-08-16-seven-token-pilot,early,base,MONGO,0xadf9afd4fa1dfef7a06a7cd56140af14a4dc2860,2026-08-13T12:00:00Z,2026-08-13T11:00:00Z,2026-08-13T12:00:00Z,0.013491810146738451,144735074.16499698,1952738.142208249,181,439190.3282779753,0.30436788396192244,5925.472527410178,7131696.7342978,118608.79099916715,157.0,2128.1615316372827,0.0002984088655091733,-1.8609362956155229,0.30436788396193126,-9.043613571310882,0.30987402696187605,-13.548253125826237,0.3062368840882401,-23.72257481352439,0.5763632083303882,accumulation,True,-8.685871131064982,-8.685871131064982,-8.685871131064982,True,-11.686175751579952,-8.685871131064982,-16.21540351176097,True,-15.309466160933027,-5.236640681343985,-16.21540351176097,True,-31.69125676990754,-5.236640681343985,-36.58885046735967
2026-08-16-seven-token-pilot,early,base,MONGO,0xadf9afd4fa1dfef7a06a7cd56140af14a4dc2860,2026-08-13T13:00:00Z,2026-08-13T12:00:00Z,2026-08-13T13:00:00Z,0.0123199289041448,144836123.63101596,1784370.7458860436,181,101049.46601897478,0.06981684750703833,1244.9222371555652,7131696.7342978,118608.79099916715,157.0,2128.1615316372827,0.0002984088655091733,-8.685871131064982,0.06981684750704265,-10.63685143421349,0.37439723153036564,-17.02593375554997,0.37626753653363654,-31.007625545989693,0.6465824544596765,accumulation,True,-8.245747371146994,-8.245747371146994,-8.245747371146994,True,-5.863259071991722,-1.6271812242995787,-8.245747371146994,True,-9.000244215930964,3.7773239392906444,-9.000244215930964,True,-29.720659771937097,3.7773239392906444,-30.557132485318217
2026-08-16-seven-token-pilot,early,base,MONGO,0xadf9afd4fa1dfef7a06a7cd56140af14a4dc2860,2026-08-13T15:00:00Z,2026-08-13T14:00:00Z,2026-08-13T15:00:00Z,0.0121194613341695,144828423.63101596,1755242.480284818,181,-7700.0,-0.005316353273591121,-93.31985227310514,7131696.7342978,118608.79099916715,157.0,2128.1615316372827,0.0002984088655091733,7.213361732256263,-0.005316353273587815,-11.84336460408819,0.36906097397730875,-13.985130788038791,0.3684558018183903,-30.82349984506221,0.6411584984103547,distribution,True,-1.6859481425327005,-1.6859481425327005,-1.6859481425327005,True,1.6995664719055448,2.9628111960679604,-4.306146657595344,True,-8.568015836455134,5.493900887310166,-8.568015836455134,True,-20.13478561988905,5.493900887310166,-29.408480534629945
2026-08-16-seven-token-pilot,early,base,MONGO,0xadf9afd4fa1dfef7a06a7cd56140af14a4dc2860,2026-08-13T16:00:00Z,2026-08-13T15:00:00Z,2026-08-13T16:00:00Z,0.0119151335009211,144821423.63101596,1725566.5963570054,181,-7000.0,-0.004833305386126501,-83.4059345064477,7131696.7342978,118608.79099916715,157.0,2128.1615316372827,0.0002984088655091733,-1.6859481425327005,-0.004833305386131581,-11.686175751579952,0.05966035981059825,-12.892180666774443,0.36360468783815936,-25.798365343609188,0.6358269298407659,distribution,True,-2.6651312457972143,-2.6651312457972143,-2.6651312457972143,True,5.413589697704491,5.413589697704491,-2.6651312457972143,True,-8.07532402793697,7.302973373787913,-8.07532402793697,True,-22.07671122525774,7.302973373787913,-28.197934952664262
2026-08-16-seven-token-pilot,early,base,MONGO,0xadf9afd4fa1dfef7a06a7cd56140af14a4dc2860,2026-08-14T00:00:00Z,2026-08-13T23:00:00Z,2026-08-14T00:00:00Z,0.0114262860378262,144817801.25865397,1654729.6205504474,180,-3622.372361987829,-0.002501268300757152,-41.39026274358905,7131696.7342978,118608.79099916715,157.0,2128.1615316372827,0.0002984088655091733,-5.216937642281316,-0.0025012683007585856,-9.027615932995992,-0.0025012683007585856,-15.309466160933027,0.057157599244184176,-26.78355405906334,0.3635695209833534,distribution,True,-1.8832087834240507,-1.8832087834240507,-1.8832087834240507,True,-4.142537425536041,-0.7345560320137778,-4.142537425536041,True,-19.34311884266071,-0.7345560320137778,-25.126048144722713,True,-20.115590511187463,-0.7345560320137778,-25.787000101333778
2026-08-16-seven-token-pilot,early,base,MONGO,0xadf9afd4fa1dfef7a06a7cd56140af14a4dc2860,2026-08-14T04:00:00Z,2026-08-14T03:00:00Z,2026-08-14T04:00:00Z,0.01095294786236045,144725615.60916296,1585172.1221151813,179,-92185.6494910121,-0.06365629687082637,-1009.7046125328907,7131696.7342978,118608.79099916715,157.0,2128.1615316372827,0.0002984088655091733,-1.1561715172572207,-0.06365629687082874,-4.142537425536041,-0.06365629687082874,-8.07532402793697,-0.06615597295680509,-19.92641933160233,0.2972081686623884,distribution,True,-17.446075265355233,-17.446075265355233,-17.446075265355233,True,-17.432057463216253,-16.099879631607905,-20.47013637405586,True,-15.231369650490745,-11.628961464232058,-21.89032565188783,True,-22.09589222450523,-10.62088843900143,-22.57984104157138
2026-08-16-seven-token-pilot,early,base,MONGO,0xadf9afd4fa1dfef7a06a7cd56140af14a4dc2860,2026-08-14T06:00:00Z,2026-08-14T05:00:00Z,2026-08-14T06:00:00Z,0.00871086449795603,144950537.90226498,1262644.49457247,179,224922.293102026,0.15541291163648405,1959.2676177812984,7131696.7342978,118608.79099916715,157.0,2128.1615316372827,0.0002984088655091733,-3.663134270624868,0.15541291163647664,-23.200555789235146,0.09165768466126156,-30.19322909385844,0.08915412375587461,-34.638419556881615,0.45308298016741855,accumulation,True,5.495114090730424,5.495114090730424,5.495114090730424,True,-1.785730809889985,7.925746807091549,-1.785730809889985,True,11.674169566257376,11.674169566257376,-1.785730809889985,True,-15.531569937810652,12.384339021853208,-15.531569937810652
2026-08-16-seven-token-pilot,early,base,MONGO,0xadf9afd4fa1dfef7a06a7cd56140af14a4dc2860,2026-08-14T10:00:00Z,2026-08-14T09:00:00Z,2026-08-14T10:00:00Z,0.00855531190680826,145046331.633164,1240916.6080600673,180,95793.73089900613,0.06608718552227551,819.5452465578535,7131696.7342978,118608.79099916715,157.0,2128.1615316372827,0.0002984088655091733,-8.99829549879325,0.06608718552227888,-1.785730809889985,0.06608718552227888,-29.035792767423697,0.15530022872931593,-38.042935908649014,0.520075678176779,accumulation,True,7.039942784428899,7.039942784428899,7.039942784428899,True,6.394667099025453,7.723552929648658,1.204548059891497,True,-0.8827528669631546,14.427709892454299,-0.8827528669631546,True,-11.405787806723666,14.427709892454299,-16.027776259009187
2026-08-16-seven-token-pilot,early,base,MONGO,0xadf9afd4fa1dfef7a06a7cd56140af14a4dc2860,2026-08-14T12:00:00Z,2026-08-14T11:00:00Z,2026-08-14T12:00:00Z,0.00921608595022713,145046331.808684,1336759.4607139952,180,0.17552000284194946,1.210096118017354e-07,0.0016176074321755164,7131696.7342978,118608.79099916715,157.0,2128.1615316372827,0.0002984088655091733,0.6386495801819603,1.2100960233851765e-07,1.9070038617948981,0.06608730661186168,-19.34311884266071,0.15780556536819645,-31.69125676990754,0.21505336248501816,accumulation,True,-6.051605886054046,-6.051605886054046,-6.051605886054046,True,0.7441112850079756,5.025428674637955,-6.051605886054046,True,-0.9577256861939332,6.223482962155846,-7.989251711956036,True,-19.27621303106031,6.223482962155846,-22.048408674534905
2026-08-16-seven-token-pilot,early,base,MONGO,0xadf9afd4fa1dfef7a06a7cd56140af14a4dc2860,2026-08-14T13:00:00Z,2026-08-14T12:00:00Z,2026-08-14T13:00:00Z,0.008658364750399385,145002718.09438398,1255486.4230605138,179,-43613.71430000663,-0.030068815775040135,-377.623446529167,7131696.7342978,118608.79099916715,157.0,2128.1615316372827,0.0002984088655091733,-6.051605886054046,-0.030068815775041724,-7.902136232755774,0.03599861916634417,-22.76974853116428,0.1276892993284262,-29.720659771937097,0.11502272995957963,distribution,True,5.128345651089239,5.128345651089239,5.128345651089239,True,7.952859890668251,11.790552318815738,5.128345651089239,True,8.265821896931769,13.065778254093384,-2.062457633444903,True,-15.519214664422332,13.065778254093384,-17.02722323180854
2026-08-16-seven-token-pilot,early,base,MONGO,0xadf9afd4fa1dfef7a06a7cd56140af14a4dc2860,2026-08-14T17:00:00Z,2026-08-14T16:00:00Z,2026-08-14T17:00:00Z,0.009346952367821655,144998184.291544,1355291.1219936884,178,-4533.8028399944305,-0.0031267019677819587,-42.37723919052249,7131696.7342978,118608.79099916715,157.0,2128.1615316372827,0.0002984088655091733,0.670874926317877,-0.003126701967781642,7.952859890668251,-0.003126701967781642,3.3716108715717397,0.1883347887198683,-19.406007749399578,0.12205422105115993,distribution,True,4.074410645589155,4.074410645589155,4.074410645589155,True,-8.59103995964432,4.736250960468635,-8.59103995964432,True,-16.111290011009594,4.736250960468635,-16.111290011009594,True,-38.874836831153644,4.736250960468635,-38.874836831153644
2026-08-16-seven-token-pilot,early,base,MONGO,0xadf9afd4fa1dfef7a06a7cd56140af14a4dc2860,2026-08-14T19:00:00Z,2026-08-14T18:00:00Z,2026-08-14T19:00:00Z,0.009789647489117155,145018864.562601,1419683.563339887,179,20680.271057009697,0.014262434497406138,202.45256362751715,7131696.7342978,118608.79099916715,157.0,2128.1615316372827,0.0002984088655091733,0.6359299185784373,0.014262434497402943,1.1407278243342311,0.011135286585806092,6.5303734589999385,0.047137914301553785,-20.57364460366361,0.1363340634518817,accumulation,True,-8.56827410867027,-8.56827410867027,-8.56827410867027,True,-8.334369553341237,-8.334369553341237,-13.380030740637118,True,-25.239958636949044,-1.516901264882864,-25.239958636949044,True,-41.521639795985664,-1.516901264882864,-42.2290381980739
2026-08-16-seven-token-pilot,early,base,MONGO,0xadf9afd4fa1dfef7a06a7cd56140af14a4dc2860,2026-08-15T00:00:00Z,2026-08-14T23:00:00Z,2026-08-15T00:00:00Z,0.009127821127820094,145052436.045773,1324012.6903803803,181,33571.483171999454,0.023149735224624855,306.43449338963336,7131696.7342978,118608.79099916715,157.0,2128.1615316372827,0.0002984088655091733,1.7169987378762963,0.02314973522461461,1.9772155185095786,0.02314973522461461,-0.9577256861939332,0.004208473949596225,-20.115590511187463,0.16202068052391105,accumulation,True,2.6975619765768677,2.6975619765768677,2.6975619765768677,True,-6.518804566837111,5.623763519450797,-6.518804566837111,True,-18.495624693376868,5.623763519450797,-21.29462710187483,True,-39.71393717975759,5.623763519450797,-39.71393717975759
2026-08-16-seven-token-pilot,early,base,MONGO,0xadf9afd4fa1dfef7a06a7cd56140af14a4dc2860,2026-08-15T02:00:00Z,2026-08-15T01:00:00Z,2026-08-15T02:00:00Z,0.009430815483719275,145081507.29464102,1368236.925395631,181,29071.24886801839,0.020041889443928134,274.1655839555643,7131696.7342978,118608.79099916715,157.0,2128.1615316372827,0.0002984088655091733,0.605562433733442,0.02004188944393359,11.215205539105044,0.04319626431288359,3.6080596230554374,0.05433636092653238,-16.853099049598853,0.1820950419735068,accumulation,True,2.230270745631624,2.230270745631624,2.230270745631624,True,-21.97991256461007,2.230270745631624,-21.97991256461007,True,-30.95940975769197,2.230270745631624,-30.95940975769197,True,-41.64896501769544,2.230270745631624,-41.65081494027053
2026-08-16-seven-token-pilot,early,base,MONGO,0xadf9afd4fa1dfef7a06a7cd56140af14a4dc2860,2026-08-15T03:00:00Z,2026-08-15T02:00:00Z,2026-08-15T03:00:00Z,0.009641148202527164,145484076.95944402,1402633.5470738672,181,402569.6648029983,0.27747827570155686,3881.23380020739,7131696.7342978,118608.79099916715,157.0,2128.1615316372827,0.0002984088655091733,2.230270745631624,0.27747827570154815,7.437322205977237,0.3207944002638241,-0.3934771553448235,0.3319654082254653,-12.994381852017101,0.46007859185766,accumulation,True,-11.496057025133222,-11.496057025133222,-11.496057025133222,True,-24.08845545759316,-11.496057025133222,-24.08845545759316,True,-37.37196127018817,-11.496057025133222,-37.37196127018817,True,-41.436680397940684,-11.496057025133222,-42.92376941374503
2026-08-16-seven-token-pilot,early,base,MONGO,0xadf9afd4fa1dfef7a06a7cd56140af14a4dc2860,2026-08-15T08:00:00Z,2026-08-15T07:00:00Z,2026-08-15T08:00:00Z,0.00718408565612466,145493450.384141,1045237.4099647925,181,9373.424696981907,0.006442921378670806,67.33948591435235,7131696.7342978,118608.79099916715,157.0,2128.1615316372827,0.0002984088655091733,-1.8399174313634692,0.006442921378679856,-15.806197670634326,0.006442921378679856,-19.738452255032257,0.32725799017350177,-20.561868817627694,0.3745501670660012,accumulation,True,7.4184503746280495,7.4184503746280495,7.4184503746280495,True,3.5563041066090095,7.4184503746280495,2.29173419680595,True,-10.607976280796393,7.4184503746280495,-21.276363030839775,True,-16.73286838484295,7.4184503746280495,-23.402862345528042
2026-08-16-seven-token-pilot,early,base,MONGO,0xadf9afd4fa1dfef7a06a7cd56140af14a4dc2860,2026-08-15T14:00:00Z,2026-08-15T13:00:00Z,2026-08-15T14:00:00Z,0.0065110906746227645,145514286.928171,947456.7166423956,181,20836.5440300107,0.014321293484343618,135.6686275251693,7131696.7342978,118608.79099916715,157.0,2128.1615316372827,0.0002984088655091733,-10.985670745211218,0.014321293484353959,-14.096166413402289,0.014321293484353959,-30.95940975769197,0.29830103201993197,-28.468384097640108,0.3527994788718569,accumulation,True,-7.26496785230073,-7.26496785230073,-7.26496785230073,True,-13.139383336743983,-7.26496785230073,-13.139383336743983,True,-15.483000974480243,-1.3682979602655632,-15.485680445453198,False,,,
2026-08-16-seven-token-pilot,early,base,MONGO,0xadf9afd4fa1dfef7a06a7cd56140af14a4dc2860,2026-08-15T18:00:00Z,2026-08-15T17:00:00Z,2026-08-15T18:00:00Z,0.00565557351148109,145846675.538587,824846.59491361,182,332388.6104159951,0.22842335102124323,1879.8482205867094,7131696.7342978,118608.79099916715,157.0,2128.1615316372827,0.0002984088655091733,-1.011078910329255,0.22842335102124522,-13.139383336743983,0.22842335102124522,-23.13635577237442,0.2492359210170214,-41.86165536772493,0.5851737048906624,accumulation,True,1.2244878396063807,1.2244878396063807,1.2244878396063807,True,0.2576404395510101,13.5516944602327,0.2576404395510101,True,15.761756664624894,17.125094725698673,-2.701220874133803,False,,,
2026-08-16-seven-token-pilot,early,base,MONGO,0xadf9afd4fa1dfef7a06a7cd56140af14a4dc2860,2026-08-15T23:00:00Z,2026-08-15T22:00:00Z,2026-08-15T23:00:00Z,0.00571149082741289,145847653.074508,833007.5327347498,182,977.5359210073948,0.0006702490251474849,5.5831874463003475,7131696.7342978,118608.79099916715,157.0,2128.1615316372827,0.0002984088655091733,0.7291925465006344,0.0006702490251475623,-0.2329240322226811,0.0006702490251475623,-22.279168118734926,0.2434492339220995,-36.35329865166925,0.5715039311656289,accumulation,True,-3.653806939062143,-3.653806939062143,-3.653806939062143,True,-1.1435611862532835,1.5761631672837062,-3.653806939062143,False,,,,False,,,
2026-08-16-seven-token-pilot,early,base,MONGO,0xadf9afd4fa1dfef7a06a7cd56140af14a4dc2860,2026-08-16T03:00:00Z,2026-08-16T02:00:00Z,2026-08-16T03:00:00Z,0.00564617643515418,145861471.13913602,823559.6011427114,182,13818.064628005028,0.009474314009664527,78.0192308820795,7131696.7342978,118608.79099916715,157.0,2128.1615316372827,0.0002984088655091733,2.602190698023965,0.009474314009660922,-1.1435611862532835,0.009474314009660922,-6.490254541242169,0.23859115025344213,-41.436680397940684,0.25940583160670716,accumulation,True,17.32002902638421,17.32002902638421,17.32002902638421,True,12.409697755543414,17.32002902638421,12.409697755543414,False,,,,False,,,
2026-08-16-seven-token-pilot,early,base,MONGO,0xadf9afd4fa1dfef7a06a7cd56140af14a4dc2860,2026-08-16T06:00:00Z,2026-08-16T05:00:00Z,2026-08-16T06:00:00Z,0.00654699124634972,145755471.13913602,954259.7936555025,182,-106000.0,-0.07267169264931347,-693.9810721130704,7131696.7342978,118608.79099916715,157.0,2128.1615316372827,0.0002984088655091733,0.3410613885368452,-0.07267169264931761,18.971777108117326,-0.06320426378401134,15.761756664624894,-0.06253443838482031,-11.02129520565308,0.186545624348744,distribution,True,-3.0569978378966023,-3.0569978378966023,-3.0569978378966023,False,,,,False,,,,False,,,
2026-08-16-seven-token-pilot,early,base,MONGO,0xadf9afd4fa1dfef7a06a7cd56140af14a4dc2860,2026-08-16T07:00:00Z,2026-08-16T06:00:00Z,2026-08-16T07:00:00Z,0.00634684986550153,145774390.506994,925208.1707828826,182,18919.36785799265,0.012980211109833743,120.07838734487461,7131696.7342978,118608.79099916715,157.0,2128.1615316372827,0.0002984088655091733,-3.0569978378966023,0.01298021110982539,12.409697755543414,-0.05970091447859982,10.86538905891745,-0.0495623443771076,-13.279526905802342,0.19955004947442845,accumulation,True,-5.748801603986864,-5.748801603986864,-5.748801603986864,False,,,,False,,,,False,,,
2026-08-16-seven-token-pilot,early,base,MONGO,0xadf9afd4fa1dfef7a06a7cd56140af14a4dc2860,2026-08-16T09:00:00Z,2026-08-16T08:00:00Z,2026-08-16T09:00:00Z,0.00613672204380242,145790204.54337302,894673.961991781,182,15814.036379009485,0.010848295317174215,97.0463456485609,7131696.7342978,118608.79099916715,157.0,2128.1615316372827,0.0002984088655091733,2.5867677912577047,0.010848295317167356,-5.9468418160958825,-0.048859095692943555,3.225369613437179,-0.03871942572941656,-20.47822449628418,0.20396392995596369,accumulation,False,,,,False,,,,False,,,,False,,,
2026-08-16-seven-token-pilot,momentum,base,PRISMA,0xadf0d31463cb2f2a88dbf0bcb22964a7d5960c25,2026-08-12T14:00:00Z,2026-08-12T13:00:00Z,2026-08-12T14:00:00Z,0.002395074697800795,93245061.22398901,223328.88683246204,79,1857.3127169907093,0.00199190143525965,4.448402694368097,6769478.19334206,114353.72388017198,156.0,2400.1383293564063,0.00035455293019733756,0.820209388171822,0.0019919014352609565,,,,,,,accumulation,True,11.59108378214555,11.59108378214555,11.59108378214555,True,16.386788185721258,36.379587566169306,11.59108378214555,True,25.85610177007689,57.146089525928126,11.59108378214555,True,52.90173170326389,57.146089525928126,11.59108378214555
2026-08-16-seven-token-pilot,momentum,base,PRISMA,0xadf0d31463cb2f2a88dbf0bcb22964a7d5960c25,2026-08-12T20:00:00Z,2026-08-12T19:00:00Z,2026-08-12T20:00:00Z,0.00273551231497551,92419359.44669402,252814.2959085797,79,-825701.7772949934,-0.8855179743102216,-2258.7173802876205,6769478.19334206,114353.72388017198,156.0,2400.1383293564063,0.00035455293019733756,-3.1041238191682696,-0.8855179743102237,-5.176591352524918,-0.8855179743102237,,,,,distribution,True,1.8979036828556506,1.8979036828556506,1.8979036828556506,True,37.589080049620826,37.589080049620826,1.8979036828556506,True,18.71291191362001,37.589080049620826,-2.0856385156624913,True,42.665243136744536,55.005322853527375,-2.0856385156624913
2026-08-16-seven-token-pilot,momentum,base,PRISMA,0xadf0d31463cb2f2a88dbf0bcb22964a7d5960c25,2026-08-12T21:00:00Z,2026-08-12T20:00:00Z,2026-08-12T21:00:00Z,0.0027874297039464,93072839.22021201,259433.9966730465,79,653479.7735179961,0.7070810460387497,1821.5289316322283,6769478.19334206,114353.72388017198,156.0,2400.1383293564063,0.00035455293019733756,1.8979036828556506,0.70708104603876,-14.66337001040624,-0.18469825802708284,,,,,accumulation,True,8.375441948891549,8.375441948891549,8.375441948891549,True,14.137626512531698,35.026408862982535,8.375441948891549,True,22.522691748721925,35.026408862982535,-3.909346566065197,True,35.68674528349587,52.118264705387716,-3.909346566065197
2026-08-16-seven-token-pilot,momentum,base,PRISMA,0xadf0d31463cb2f2a88dbf0bcb22964a7d5960c25,2026-08-12T22:00:00Z,2026-08-12T21:00:00Z,2026-08-12T22:00:00Z,0.00302088926066659,93100371.716212,281245.91308157233,79,27532.495999991894,0.02958166553278719,83.17262148572136,6769478.19334206,114353.72388017198,156.0,2400.1383293564063,0.00035455293019733756,8.375441948891549,0.029581665532796286,8.370744994814338,-0.15517122931523186,,,,,accumulation,True,16.684625294006384,16.684625294006384,16.684625294006384,True,-0.21654588992171542,24.591334009654386,-0.21654588992171542,True,12.233992700556318,24.591334009654386,-11.335398771199557,True,22.44781046153923,40.36230161545706,-11.335398771199557
2026-08-16-seven-token-pilot,momentum,base,PRISMA,0xadf0d31463cb2f2a88dbf0bcb22964a7d5960c25,2026-08-12T23:00:00Z,2026-08-12T22:00:00Z,2026-08-12T23:00:00Z,0.00352491331435569,93150455.24129201,328347.27991832397,80,50083.525080010295,0.05379519346353911,176.5400843843954,6769478.19334206,114353.72388017198,156.0,2400.1383293564063,0.00035455293019733756,16.684625294006384,0.05379519346353501,24.85762253241104,-0.10145951051470092,82.28309681501311,-0.09946963005289522,,,accumulation,True,6.776135841140807,6.776135841140807,6.776135841140807,True,-14.46341544156624,6.776135841140807,-14.484488544521412,True,-3.5191094481684893,6.776135841140807,-24.013467065266568,True,8.868091533987354,20.292027558721482,-24.013467065266568
2026-08-16-seven-token-pilot,momentum,base,PRISMA,0xadf0d31463cb2f2a88dbf0bcb22964a7d5960c25,2026-08-13T01:00:00Z,2026-08-13T00:00:00Z,2026-08-13T01:00:00Z,0.00318150610478971,93165368.89196901,296406.1898847847,80,14913.650676995516,0.01601028211656506,47.44787067356243,6769478.19334206,114353.72388017198,156.0,2400.1383293564063,0.00035455293019733756,-15.47014582284244,0.01601028211657418,14.137626512531698,0.09941640604522739,33.92488841754027,-0.08347527330471172,,,accumulation,True,-5.254066789453127,-5.254066789453127,-5.254066789453127,True,-15.81158959584238,-4.262372688806715,-15.81158959584238,True,3.851388357650798,7.346451378388874,-15.81158959584238,True,21.212640295950578,33.27617662409157,-15.81158959584238
2026-08-16-seven-token-pilot,momentum,base,PRISMA,0xadf0d31463cb2f2a88dbf0bcb22964a7d5960c25,2026-08-13T03:00:00Z,2026-08-13T02:00:00Z,2026-08-13T03:00:00Z,0.003015090457745345,93191127.12379502,280979.6781374876,80,25758.231826007366,0.02764786114449418,77.66339898698726,6769478.19334206,114353.72388017198,156.0,2400.1383293564063,0.00035455293019733756,0.02464243339777017,0.027647861144486363,-14.46341544156624,0.043662569761626635,12.81108804525688,-0.05784124058263451,,,accumulation,True,1.021793547253247,1.021793547253247,1.021793547253247,True,2.3361271135928785,2.3361271135928785,-11.164873688843958,True,24.518664080184237,24.518664080184237,-11.164873688843958,True,15.455197016454903,40.63225481787243,-11.164873688843958
2026-08-16-seven-token-pilot,momentum,base,PRISMA,0xadf0d31463cb2f2a88dbf0bcb22964a7d5960c25,2026-08-13T05:00:00Z,2026-08-13T04:00:00Z,2026-08-13T05:00:00Z,0.00267845941653369,93303098.50901201,249908.56279323375,82,111971.38521699607,0.1201524100768235,299.9108111167844,6769478.19334206,114353.72388017198,156.0,2400.1383293564063,0.00035455293019733756,-12.063404150904178,0.12015241007681254,-15.81158959584238,0.14783349079281471,-17.999474624500188,0.062241671849605495,,,accumulation,True,8.19916516726762,8.19916516726762,8.19916516726762,True,27.507397827156964,27.507397827156964,8.19916516726762,True,50.82280412823652,50.82280412823652,8.19916516726762,True,28.1090435485736,58.30703535591375,8.19916516726762
2026-08-16-seven-token-pilot,momentum,base,PRISMA,0xadf0d31463cb2f2a88dbf0bcb22964a7d5960c25,2026-08-13T08:00:00Z,2026-08-13T07:00:00Z,2026-08-13T08:00:00Z,0.0032474063248631047,93370846.06930001,303213.07608326426,82,67747.56028799713,0.0726101934133018,220.00385577328638,6769478.19334206,114353.72388017198,156.0,2400.1383293564063,0.00035455293019733756,5.246414364482854,0.07261019341329167,6.61571192176118,0.19284984638747726,18.71291191362001,1.0295317218193878,,,accumulation,True,5.168049890477744,5.168049890477744,5.168049890477744,True,3.7862178275611447,5.168049890477744,3.7862178275611447,True,20.176685785075456,30.57157840278999,1.7439128331688813,True,2.4328609170531257,30.57157840278999,1.7439128331688813
2026-08-16-seven-token-pilot,momentum,base,PRISMA,0xadf0d31463cb2f2a88dbf0bcb22964a7d5960c25,2026-08-13T15:00:00Z,2026-08-13T14:00:00Z,2026-08-13T15:00:00Z,0.003754350358793615,93967813.89836502,352788.0958243782,84,596967.82906501,0.6393514187736281,2241.2263832384656,6769478.19334206,114353.72388017198,156.0,2400.1383293564063,0.00035455293019733756,2.518757026065166,0.639351418773626,10.393894358551803,0.639351418773626,24.518664080184237,0.8334342533900863,40.470859768274295,0.7751109440958359,accumulation,True,0.14922136125474772,0.14922136125474772,0.14922136125474772,True,5.587656614528469,12.94070319234375,0.14922136125474772,True,-7.2788020419917725,12.94070319234375,-7.2788020419917725,True,-5.775281836886082,12.94070319234375,-25.76782871143264
2026-08-16-seven-token-pilot,momentum,base,PRISMA,0xadf0d31463cb2f2a88dbf0bcb22964a7d5960c25,2026-08-13T17:00:00Z,2026-08-13T16:00:00Z,2026-08-13T17:00:00Z,0.004039727599452914,94018557.68613502,379809.3623454355,85,50743.78777000308,0.054001243260684166,204.9910799552627,6769478.19334206,114353.72388017198,156.0,2400.1383293564063,0.00035455293019733756,7.440916784833118,0.05400124326069289,22.26636863558522,0.6936979197492477,50.82280412823652,0.7668118085637943,23.675491771214972,0.8295307569029964,accumulation,True,4.962267656364339,4.962267656364339,4.962267656364339,True,-6.37555257779111,4.962267656364339,-6.37555257779111,True,-15.059898077714195,4.962267656364339,-16.205064346184873,True,0.3376617605311605,4.962267656364339,-31.01178927286967
2026-08-16-seven-token-pilot,momentum,base,PRISMA,0xadf0d31463cb2f2a88dbf0bcb22964a7d5960c25,2026-08-13T19:00:00Z,2026-08-13T18:00:00Z,2026-08-13T19:00:00Z,0.00396413056494932,94010392.85865402,372669.4717538835,84,-8164.8274810016155,-0.00868427221385219,-32.36644217497666,6769478.19334206,114353.72388017198,156.0,2400.1383293564063,0.00035455293019733756,-6.510537273079208,-0.008684272213854705,5.587656614528469,0.04531228143187516,28.47500013758062,0.7580609443251118,40.4153446077316,0.8207744459801214,distribution,True,-1.5515450045401336,-1.5515450045401336,-1.5515450045401336,True,-3.1942618768027065,-1.5515450045401336,-6.687918181592223,True,-14.41707399103077,2.665582268967004,-14.607072418810274,True,0.08318450605682148,2.665582268967004,-29.6961655664273
2026-08-16-seven-token-pilot,momentum,base,PRISMA,0xadf0d31463cb2f2a88dbf0bcb22964a7d5960c25,2026-08-13T20:00:00Z,2026-08-13T19:00:00Z,2026-08-13T20:00:00Z,0.0039026252951954,94027118.13585101,366952.6096712983,85,16725.277196988463,0.017790881080706852,65.272489858122,6769478.19334206,114353.72388017198,156.0,2400.1383293564063,0.00035455293019733756,-1.5515450045401336,0.017790881080714804,3.7945329878822154,0.06311122396667201,20.176685785075456,0.7028661452461504,42.665243136744536,1.7396340969927593,accumulation,True,-3.08645190696214,-3.08645190696214,-3.08645190696214,True,4.283589085985762,4.283589085985762,-5.21732228026226,True,-14.764781331842913,4.283589085985762,-14.764781331842913,True,0.8142696360090573,4.283589085985762,-28.58817902544546
2026-08-16-seven-token-pilot,momentum,base,PRISMA,0xadf0d31463cb2f2a88dbf0bcb22964a7d5960c25,2026-08-13T23:00:00Z,2026-08-13T22:00:00Z,2026-08-13T23:00:00Z,0.00383750585356646,94059903.229017,360955.4292272474,85,32785.09316599369,0.03486769967641204,125.81298693422252,6769478.19334206,114353.72388017198,156.0,2400.1383293564063,0.00035455293019733756,3.7440556857239793,0.03486769967642189,-3.1942618768027065,0.052664784028100264,12.839020153427349,0.7379789181792162,8.868091533987354,0.9763215706989348,accumulation,True,6.05319917948699,6.05319917948699,6.05319917948699,True,-9.287991704846188,6.05319917948699,-9.287991704846188,True,-20.008269006332924,6.05319917948699,-27.37637685887756,True,-3.7776746315356324,6.05319917948699,-27.37637685887756
2026-08-16-seven-token-pilot,momentum,base,PRISMA,0xadf0d31463cb2f2a88dbf0bcb22964a7d5960c25,2026-08-14T01:00:00Z,2026-08-14T00:00:00Z,2026-08-14T01:00:00Z,0.00385638755079246,93909903.229017,362152.9817085058,85,-150000.0,-0.15947284108381451,-578.458132618869,6769478.19334206,114353.72388017198,156.0,2400.1383293564063,0.00035455293019733756,-5.243753865950529,-0.15947284108381865,1.9622295294296155,-0.12466074591869214,16.717399943186017,0.5773292011479692,21.212640295950578,0.7991535330164723,distribution,True,-0.0672845508736919,-0.0672845508736919,-0.0672845508736919,True,-11.021682982746439,-0.0672845508736919,-12.221292648469195,True,-16.90711506924577,-0.0672845508736919,-27.73195763117935,True,-19.199268180457473,5.107906334594214,-27.73195763117935
2026-08-16-seven-token-pilot,momentum,base,PRISMA,0xadf0d31463cb2f2a88dbf0bcb22964a7d5960c25,2026-08-14T04:00:00Z,2026-08-14T03:00:00Z,2026-08-14T04:00:00Z,0.00338508714255098,93967003.39712901,318086.49502366566,86,57100.168112009764,0.06080313805963599,193.2890449134637,6769478.19334206,114353.72388017198,156.0,2400.1383293564063,0.00035455293019733756,-2.7575213293152046,0.06080313805962856,-16.824192008696492,-0.0987666675159149,-9.969952914280034,-0.0008625306925691412,11.135915717441659,0.8325645340712784,accumulation,True,1.3666294502590937,1.3666294502590937,1.3666294502590937,True,-1.7333656689308086,1.3666294502590937,-1.7333656689308086,True,10.29796760209698,10.29796760209698,-17.67019069965794,True,-18.707849272074174,19.74191635525513,-18.707849272074174
2026-08-16-seven-token-pilot,momentum,base,PRISMA,0xadf0d31463cb2f2a88dbf0bcb22964a7d5960c25,2026-08-14T06:00:00Z,2026-08-14T05:00:00Z,2026-08-14T06:00:00Z,0.00342765692415071,93367003.39712901,320030.055681372,86,-600000.0,-0.6385220112471224,-2056.594154490426,6769478.19334206,114353.72388017198,156.0,2400.1383293564063,0.00035455293019733756,-0.1075908188486907,-0.6385220112471224,-11.057570968713225,-0.578107114607529,-19.162651431195577,-0.6930060458714027,18.27374987761392,0.06849171049858604,distribution,True,-1.022214201320082,-1.022214201320082,-1.022214201320082,True,-18.692685680520526,-1.022214201320082,-18.692685680520526,True,5.182925979560182,18.254781749787185,-18.692685680520526,True,-26.65830807842201,18.254781749787185,-26.65830807842201
2026-08-16-seven-token-pilot,momentum,base,PRISMA,0xadf0d31463cb2f2a88dbf0bcb22964a7d5960c25,2026-08-14T07:00:00Z,2026-08-14T06:00:00Z,2026-08-14T07:00:00Z,0.00339261892829951,92962066.34511901,315384.8658962856,86,-404937.05200999975,-0.43370466789817885,-1373.7971074189284,6769478.19334206,114353.72388017198,156.0,2400.1383293564063,0.00035455293019733756,-1.022214201320082,-0.4337046678981826,-2.54115776638143,-1.0093045049642035,-14.41707399103077,-1.1151176818409714,9.952664307768755,-0.3655100091451535,distribution,True,-1.951522571209774,-1.951522571209774,-1.951522571209774,True,-9.518651398029665,-1.951522571209774,-17.852967043677914,True,16.942933799164493,19.476083239845888,-17.852967043677914,True,-30.346307322695274,19.476083239845888,-30.346307322695274
2026-08-16-seven-token-pilot,momentum,base,PRISMA,0xadf0d31463cb2f2a88dbf0bcb22964a7d5960c25,2026-08-14T08:00:00Z,2026-08-14T07:00:00Z,2026-08-14T08:00:00Z,0.00332641120415861,92911322.55734901,309061.2643479604,85,-50743.78777000308,-0.05458547745874991,-168.7947041795849,6769478.19334206,114353.72388017198,156.0,2400.1383293564063,0.00035455293019733756,-1.951522571209774,-0.0545854774587462,-1.7333656689308086,-1.1234590884189655,-14.764781331842913,-1.1866742282687914,2.4328609170531257,-0.4921488144275177,distribution,True,-7.830541743084662,-7.830541743084662,-7.830541743084662,True,-8.28536999450139,-7.717742309987097,-16.217941256677747,True,18.277715727468568,21.854093376022,-16.217941256677747,True,-21.379163527792024,21.854093376022,-28.959944607102972
2026-08-16-seven-token-pilot,momentum,base,PRISMA,0xadf0d31463cb2f2a88dbf0bcb22964a7d5960c25,2026-08-14T09:00:00Z,2026-08-14T08:00:00Z,2026-08-14T09:00:00Z,0.0030659351862703252,92938915.28436102,284944.6905441194,86,27592.72701200843,0.029697916521398096,84.5975126312683,6769478.19334206,114353.72388017198,156.0,2400.1383293564063,0.00035455293019733756,-7.830541743084662,0.029697916521387313,-10.649268895051566,-1.0940948158397967,-18.937196257515552,-1.1573287292690915,-10.227666023447135,-0.46259705585018907,accumulation,True,-9.099977012139803,-9.099977012139803,-9.099977012139803,True,4.5157015847424375,4.5157015847424375,-9.099977012139803,True,21.449441663615332,32.2065852186773,-9.099977012139803,True,-14.621505202288043,32.2065852186773,-22.924516714768693
2026-08-16-seven-token-pilot,momentum,base,PRISMA,0xadf0d31463cb2f2a88dbf0bcb22964a7d5960c25,2026-08-14T12:00:00Z,2026-08-14T11:00:00Z,2026-08-14T12:00:00Z,0.00305080572835552,92995033.32500902,283709.78037655,87,56118.04064799845,0.060381639355588136,171.2052398730016,6769478.19334206,114353.72388017198,156.0,2400.1383293564063,0.00035455293019733756,-0.6150994771075391,0.06038163935557783,-8.28536999450139,0.0900974879658456,-25.037902779294253,-1.1321188598453547,-9.481315187521687,-0.40249474018052567,accumulation,True,5.034012499746199,5.034012499746199,5.034012499746199,True,22.38348332347604,22.38348332347604,5.034012499746199,True,4.589576219107694,32.86221987562554,4.589576219107694,True,-9.577153994605691,32.86221987562554,-23.239771944529007
2026-08-16-seven-token-pilot,momentum,base,PRISMA,0xadf0d31463cb2f2a88dbf0bcb22964a7d5960c25,2026-08-14T18:00:00Z,2026-08-14T17:00:00Z,2026-08-14T18:00:00Z,0.00360530984536271,92996765.08318001,335282.15274127206,87,1731.758170992136,0.0018622050114652916,6.243524783665268,6769478.19334206,114353.72388017198,156.0,2400.1383293564063,0.00035455293019733756,-11.053976487720796,0.0018622050114602828,11.382311324860694,0.0018622050114602828,5.182925979560182,-0.39654085541787065,-14.9729114910354,-1.0867988491868763,accumulation,True,10.044026104504745,10.044026104504745,10.044026104504745,True,-5.818394992862985,10.044026104504745,-5.818394992862985,True,-30.272245957646938,10.044026104504745,-30.272245957646938,True,30.897891348079966,30.897891348079966,-35.045653908853595
2026-08-16-seven-token-pilot,momentum,base,PRISMA,0xadf0d31463cb2f2a88dbf0bcb22964a7d5960c25,2026-08-14T23:00:00Z,2026-08-14T22:00:00Z,2026-08-14T23:00:00Z,0.003692537368452585,92997099.00657901,343395.26323947764,87,333.92339900135994,0.0003590699081873284,1.233024629013224,6769478.19334206,114353.72388017198,156.0,2400.1383293564063,0.00035455293019733756,8.74673266270458,0.00035906990818457274,-6.928688598423549,0.00035906990818457274,20.29034023039491,0.06260426220809912,-3.7776746315356324,-1.1299227257870692,accumulation,True,-13.587204023544796,-13.587204023544796,-13.587204023544796,True,-21.961218789647784,-13.587204023544796,-21.961218789647784,True,-33.00519068448838,-13.587204023544796,-36.58004778441985,True,56.667321806375085,56.667321806375085,-36.58004778441985
2026-08-16-seven-token-pilot,momentum,base,PRISMA,0xadf0d31463cb2f2a88dbf0bcb22964a7d5960c25,2026-08-15T01:00:00Z,2026-08-15T00:00:00Z,2026-08-15T01:00:00Z,0.00311598936283804,92947015.481499,289621.91154789337,86,-50083.525080010295,-0.05385493269684377,-156.05973140274426,6769478.19334206,114353.72388017198,156.0,2400.1383293564063,0.00035455293019733756,-2.3453315307815137,-0.05385493269683961,-16.316955077466776,-0.053496056165514005,-2.75854318107005,-0.05163484736028234,-19.199268180457473,-1.0253314234280664,distribution,True,-0.03191017145207642,-0.03191017145207642,-0.03191017145207642,True,-13.52247971110584,-0.03191017145207642,-13.52247971110584,True,-4.144111401239137,-0.03191017145207642,-24.845525387732515,True,115.89845652899311,115.89845652899311,-24.845525387732515
2026-08-16-seven-token-pilot,momentum,base,PRISMA,0xadf0d31463cb2f2a88dbf0bcb22964a7d5960c25,2026-08-15T05:00:00Z,2026-08-15T04:00:00Z,2026-08-15T05:00:00Z,0.00269463033344805,92314959.52731,248754.69017331858,87,-632055.9541890025,-0.6800174819113074,-1703.1571465941372,6769478.19334206,114353.72388017198,156.0,2400.1383293564063,0.00035455293019733756,-2.07789803044105,-0.6800174819113103,-13.52247971110584,-0.6800174819113103,-33.52120531220015,-0.7313012032827859,-21.470228258789536,-1.7581106240421973,distribution,True,-6.706996123566212,-6.706996123566212,-6.706996123566212,True,-2.856830452083381,-2.856830452083381,-12.303950092998239,True,38.67624529669562,38.67624529669562,-13.093629001849205,True,155.00693745620012,192.5737976099994,-13.093629001849205
2026-08-16-seven-token-pilot,momentum,base,PRISMA,0xadf0d31463cb2f2a88dbf0bcb22964a7d5960c25,2026-08-15T09:00:00Z,2026-08-15T08:00:00Z,2026-08-15T09:00:00Z,0.00261764931351103,92315005.019976,241648.30951730735,87,45.49266600608826,4.927984179273776e-05,0.1190838459406235,6769478.19334206,114353.72388017198,156.0,2400.1383293564063,0.00035455293019733756,0.09165464778191357,4.927984178504374e-05,-2.856830452083381,4.927984178504374e-05,-29.700380974834694,-0.7331008369960146,-14.621505202288043,-0.6713121865862814,accumulation,True,-10.537846971028097,-10.537846971028097,-10.537846971028097,True,14.104638729663211,14.104638729663211,-10.537846971028097,True,94.313698226728,94.313698226728,-10.537846971028097,True,168.91997208747676,201.17794073590022,-10.537846971028097
2026-08-16-seven-token-pilot,momentum,base,PRISMA,0xadf0d31463cb2f2a88dbf0bcb22964a7d5960c25,2026-08-15T10:00:00Z,2026-08-15T09:00:00Z,2026-08-15T10:00:00Z,0.0023418054346150702,92349939.60706101,216265.59045818896,88,34934.58708500862,0.03784280472871029,81.81000589170664,6769478.19334206,114353.72388017198,156.0,2400.1383293564063,0.00035455293019733756,-10.537846971028097,0.03784280472871604,-6.84577901119151,0.03789210321938352,-31.03287410930805,-0.6955354581855033,-15.972034814597658,-0.6337234252174584,accumulation,True,5.636801944882652,5.636801944882652,5.636801944882652,True,33.07339032233516,33.07339032233516,5.636801944882652,True,120.85308547965296,120.85308547965296,5.636801944882652,False,,,
2026-08-16-seven-token-pilot,momentum,base,PRISMA,0xadf0d31463cb2f2a88dbf0bcb22964a7d5960c25,2026-08-15T12:00:00Z,2026-08-15T11:00:00Z,2026-08-15T12:00:00Z,0.00275862536567466,92371726.50688301,254818.98781304984,89,21786.89982199669,0.023591677390042254,60.1018944883728,6769478.19334206,114353.72388017198,156.0,2400.1383293564063,0.00035455293019733756,11.513300721131525,0.02359167739003354,5.482188151998102,0.061492719992162215,-13.545068950308291,-0.6724645245673289,-9.577153994605691,-0.6702581802918495,accumulation,True,8.27346581948043,8.27346581948043,8.27346581948043,True,27.45343759204768,27.45343759204768,8.27346581948043,True,128.8151450268009,128.8151450268009,8.27346581948043,False,,,
2026-08-16-seven-token-pilot,momentum,base,PRISMA,0xadf0d31463cb2f2a88dbf0bcb22964a7d5960c25,2026-08-15T14:00:00Z,2026-08-15T13:00:00Z,2026-08-15T14:00:00Z,0.00311631988659497,92465545.374123,288152.2178742291,90,93818.86723999679,0.10156664900380091,292.3696017178153,6769478.19334206,114353.72388017198,156.0,2400.1383293564063,0.00035455293019733756,4.334338565378282,0.10156664900380363,33.07339032233516,0.1251822876700226,0.042531088678399165,-0.5180049137476939,-3.7245266885916117,-0.569372290061454,accumulation,True,10.973435763664918,10.973435763664918,10.973435763664918,True,51.437424137513666,51.437424137513666,10.973435763664918,True,138.67305667225227,138.67305667225227,10.973435763664918,False,,,
2026-08-16-seven-token-pilot,momentum,base,PRISMA,0xadf0d31463cb2f2a88dbf0bcb22964a7d5960c25,2026-08-15T15:00:00Z,2026-08-15T14:00:00Z,2026-08-15T15:00:00Z,0.0034582872475407847,93051541.29586801,321798.958627515,91,585995.9217450023,0.6337451635352561,2026.542223281649,6769478.19334206,114353.72388017198,156.0,2400.1383293564063,0.00035455293019733756,10.973435763664918,0.6337451635352487,39.79608489562154,0.7597207878989876,20.01227986111662,0.1124574186998073,-2.2399494984111756,0.060764504123023144,accumulation,True,1.667750743920382,1.667750743920382,1.667750743920382,True,28.702775380306633,36.46276975692007,1.667750743920382,True,127.96782724529807,127.96782724529807,1.667750743920382,False,,,
2026-08-16-seven-token-pilot,momentum,base,PRISMA,0xadf0d31463cb2f2a88dbf0bcb22964a7d5960c25,2026-08-15T18:00:00Z,2026-08-15T17:00:00Z,2026-08-15T18:00:00Z,0.00471927456414451,93069918.21917601,439222.49773876695,92,18376.92330799997,0.019749187441794692,86.72574673467864,6769478.19334206,114353.72388017198,156.0,2400.1383293564063,0.00035455293019733756,26.291457748502456,0.019749187441786553,51.437424137513666,0.6536195104972942,87.72710113188471,0.8178075316630284,30.897891348079966,0.07866202220105922,accumulation,True,-5.6865285604537075,-5.6865285604537075,-5.6865285604537075,True,9.59204614989655,9.59204614989655,-7.999056253883385,True,57.48683079229391,67.05496132855512,-7.999056253883385,False,,,
2026-08-16-seven-token-pilot,momentum,base,PRISMA,0xadf0d31463cb2f2a88dbf0bcb22964a7d5960c25,2026-08-15T20:00:00Z,2026-08-15T19:00:00Z,2026-08-15T20:00:00Z,0.00434177713698338,92956352.50479701,403595.76604269526,91,-113565.71437899768,-0.12202193421031582,-493.07702223591684,6769478.19334206,114353.72388017198,156.0,2400.1383293564063,0.00035455293019733756,-2.4519590448030426,-0.1220219342103146,23.487571151921284,-0.10229684510902892,66.01752400885329,0.6947876928844465,10.354148508379124,-0.04345589693023344,distribution,True,17.151365148692356,17.151365148692356,17.151365148692356,True,45.38177414606328,45.38177414606328,17.151365148692356,True,60.81602793982519,81.57961704127257,17.151365148692356,False,,,
2026-08-16-seven-token-pilot,momentum,base,PRISMA,0xadf0d31463cb2f2a88dbf0bcb22964a7d5960c25,2026-08-15T21:00:00Z,2026-08-15T20:00:00Z,2026-08-15T21:00:00Z,0.00508645118768984,93054325.90792,473316.28653401707,92,97973.40312299132,0.10539721114588205,498.3369326769547,6769478.19334206,114353.72388017198,156.0,2400.1383293564063,0.00035455293019733756,17.151365148692356,0.10539721114588563,36.11738976589904,0.002992548015012808,94.313698226728,0.800867516373982,36.60178956709916,0.0618955129122023,accumulation,True,1.6809041792175572,1.6809041792175572,1.6809041792175572,True,32.260640901389806,32.260640901389806,1.6809041792175572,True,38.39475782798243,54.99573292279247,1.6809041792175572,False,,,
2026-08-16-seven-token-pilot,momentum,base,PRISMA,0xadf0d31463cb2f2a88dbf0bcb22964a7d5960c25,2026-08-15T23:00:00Z,2026-08-15T22:00:00Z,2026-08-15T23:00:00Z,0.005784999401854265,93043864.89516301,538258.702764727,91,-10461.012756988406,-0.01124183390177893,-60.51695254196777,6769478.19334206,114353.72388017198,156.0,2400.1383293564063,0.00035455293019733756,11.85336083944426,-0.011241833901776133,29.97335901260698,-0.02799328130024259,133.84994062532715,0.7514084914993724,56.667321806375085,0.050287470344301255,distribution,True,9.112416315745108,9.112416315745108,9.112416315745108,True,36.2797426667488,36.2797426667488,9.112416315745108,False,,,,False,,,
2026-08-16-seven-token-pilot,momentum,base,PRISMA,0xadf0d31463cb2f2a88dbf0bcb22964a7d5960c25,2026-08-16T00:00:00Z,2026-08-15T23:00:00Z,2026-08-16T00:00:00Z,0.00631215263121459,93091422.04301701,587607.2645923377,91,47557.14785400033,0.05111261006578483,300.1879759596895,6769478.19334206,114353.72388017198,156.0,2400.1383293564063,0.00035455293019733756,9.112416315745108,0.05111261006578438,45.38177414606328,0.14530425794518909,128.8151450268009,0.7791296789070756,97.82197586417279,0.10142578364873422,accumulation,True,6.578109450443503,6.578109450443503,6.578109450443503,True,13.26473825761527,24.898473765247743,6.578109450443503,False,,,,False,,,
2026-08-16-seven-token-pilot,momentum,base,PRISMA,0xadf0d31463cb2f2a88dbf0bcb22964a7d5960c25,2026-08-16T08:00:00Z,2026-08-16T07:00:00Z,2026-08-16T08:00:00Z,0.006982273533696135,93106046.07751901,650091.8813541536,92,14624.034501999617,0.015709325500734034,102.10900905917106,6769478.19334206,114353.72388017198,156.0,2400.1383293564063,0.00035455293019733756,-4.079053384218323,0.01570932550072346,-2.3382187789836806,0.01570932550072346,60.81602793982519,0.16103640976476985,166.98278779508348,0.8569429638053183,accumulation,True,0.8179036422757191,0.8179036422757191,0.8179036422757191,False,,,,False,,,,False,,,
2026-08-16-seven-token-pilot,early,ethereum,CDXR,0x40aaf75454036bed56f3266ccf18f6b7befd6aca,2026-08-12T18:00:00Z,2026-08-12T17:00:00Z,2026-08-12T18:00:00Z,0.0197620595669961,43346790.65197964,856621.8589025314,4,145428.022506319,0.3366283229388312,2873.9572434803254,33729028.7040088,2836325.670113879,72.0,412131.6194107813,0.012218899720696615,-0.4031512371937884,0.3366283229388367,-1.1666255944549064,0.3366283229388367,,,,,accumulation,True,0.03342245989295112,0.03342245989295112,0.03342245989295112,True,-0.057295645530841544,0.03342245989295112,-0.11087768440691814,True,0.5390034801802335,0.5390034801802335,-0.4758721670486077,True,0.8304414695853746,2.5359619341936757,-0.4758721670486077
2026-08-16-seven-token-pilot,early,ethereum,CDXR,0x40aaf75454036bed56f3266ccf18f6b7befd6aca,2026-08-13T05:00:00Z,2026-08-13T04:00:00Z,2026-08-13T05:00:00Z,0.0197606966374147,44021885.28438331,869903.1205117691,4,675094.6324036717,1.5574270257372336,13340.340232475948,33729028.7040088,2836325.670113879,72.0,412131.6194107813,0.012218899720696615,0.17858376694814826,1.5574270257372236,0.25104914074158824,1.5574270257372236,-0.4100201311434848,1.8992980891537892,,,accumulation,True,0.5459378299373263,0.5459378299373263,0.5459378299373263,True,1.8020026659975485,1.92044538942302,0.3894250409851363,True,0.8373959203269887,2.5430340176450628,0.3894250409851363,True,1.1263833797846345,2.5430340176450628,0.3894250409851363
2026-08-16-seven-token-pilot,early,ethereum,CDXR,0x40aaf75454036bed56f3266ccf18f6b7befd6aca,2026-08-13T22:00:00Z,2026-08-13T21:00:00Z,2026-08-13T22:00:00Z,0.0199764232552839,44639103.86644383,891729.632572662,4,617218.5820605159,1.402072124065693,12329.819636267042,33729028.7040088,2836325.670113879,72.0,412131.6194107813,0.012218899720696615,0.0,1.4020721240656897,0.25218767879333637,1.4020721240656897,-0.40183364836411384,1.4020721240656897,1.142673767286717,2.9813353999834646,accumulation,True,1.0830198417881132,1.0830198417881132,1.0830198417881132,True,0.5470092466037357,1.0830198417881132,-0.02832052333944235,True,1.0065286176238697,1.0830198417881132,-0.02832052333944235,True,-0.2931030137665491,1.2537327411255017,-0.509176210472484
2026-08-16-seven-token-pilot,early,ethereum,CDXR,0x40aaf75454036bed56f3266ccf18f6b7befd6aca,2026-08-14T12:00:00Z,2026-08-14T11:00:00Z,2026-08-14T12:00:00Z,0.0200757613928063,45263301.09192911,908695.2325723176,4,624197.2254852802,1.3983193465371122,12531.234560894196,33729028.7040088,2836325.670113879,72.0,412131.6194107813,0.012218899720696615,-0.5503465445248934,1.3983193465371135,0.026051314640618273,1.3983193465371135,0.40615449507508394,1.3983193465371135,0.2890239392566274,2.81999691636603,accumulation,True,0.10829054975962649,0.10829054975962649,0.10829054975962649,True,0.08144467110402509,0.10829054975962649,-0.8362753608316842,True,-0.7674514257636322,0.7527127782513299,-1.0014730126930105,True,0.4214045190022775,0.7527127782513299,-1.0014730126930105
2026-08-16-seven-token-pilot,early,ethereum,CDXR,0x40aaf75454036bed56f3266ccf18f6b7befd6aca,2026-08-15T15:00:00Z,2026-08-15T14:00:00Z,2026-08-15T15:00:00Z,0.0201994328587597,45473317.66450333,918535.2270291864,4,210016.5725742206,0.4639886342970876,4242.215656939802,33729028.7040088,2836325.670113879,72.0,412131.6194107813,0.012218899720696615,0.05263577637804051,0.4639886342970856,0.22955691786552546,0.4639886342970856,1.0731608263719439,0.4639886342970856,1.4645467935692658,0.4639886342970856,accumulation,True,0.036666241550897816,0.036666241550897816,0.036666241550897816,True,-0.03560345194087988,0.05101390128798844,-0.03560345194087988,True,0.0005313948047591666,0.0685499298558101,-0.16154402074585184,False,,,
2026-08-16-seven-token-pilot,early,ethereum,CDXR,0x40aaf75454036bed56f3266ccf18f6b7befd6aca,2026-08-15T22:00:00Z,2026-08-15T21:00:00Z,2026-08-15T22:00:00Z,0.0202096300387621,58493768.1606078,1182137.4140990055,4,13020450.496104471,28.633165919776935,263138.48746428784,33729028.7040088,2836325.670113879,72.0,412131.6194107813,0.012218899720696615,0.06803046489256559,28.633165919776935,0.032409227597551826,28.633165919776935,0.29350975879975927,29.230009189581207,1.4648065096832141,29.230009189581207,accumulation,True,0.018058307087032155,0.018058307087032155,0.018058307087032155,True,-0.2119195449305833,0.018058307087032155,-0.2119195449305833,False,,,,False,,,
2026-08-16-seven-token-pilot,early,ethereum,CDXR,0x40aaf75454036bed56f3266ccf18f6b7befd6aca,2026-08-15T23:00:00Z,2026-08-15T22:00:00Z,2026-08-15T23:00:00Z,0.02021327955581565,65882037.14468497,1331692.0345121482,4,7388268.9840771705,12.63086516121002,149341.14640871395,33729028.7040088,2836325.670113879,72.0,412131.6194107813,0.012218899720696615,0.018058307087032155,12.630865161210014,0.10419047720318098,44.88064765969953,0.2982642088275256,45.55287739813654,1.5439551437788301,45.55287739813654,accumulation,True,-0.0892131716877298,-0.0892131716877298,-0.0892131716877298,True,-0.06797194033364429,-0.06797194033364429,-0.22993632940914166,False,,,,False,,,
2026-08-16-seven-token-pilot,momentum,solana,CATE,Ai66LHZG9MCzg1WKdawwqduVAXpNDUuV8M3uyq5ppump,2026-08-12T12:00:00Z,2026-08-12T11:00:00Z,2026-08-12T12:00:00Z,0.016929365310415265,62708310.126523,1061611.8901307206,27,68427.0235550031,0.10923874720922157,1158.4260788670379,17616893.9507943,588226.6092511985,21.0,43477.21428720788,0.002467927343415018,-0.9682261619219812,0.10923874720922822,,,,,,,accumulation,True,0.57726610422697,0.57726610422697,0.57726610422697,True,-3.3515176842457306,0.57726610422697,-4.128190310477087,True,-9.763672171900728,0.57726610422697,-16.638653709820616,True,-21.453164502971145,0.57726610422697,-23.623847377556196
2026-08-16-seven-token-pilot,momentum,solana,CATE,Ai66LHZG9MCzg1WKdawwqduVAXpNDUuV8M3uyq5ppump,2026-08-12T13:00:00Z,2026-08-12T12:00:00Z,2026-08-12T13:00:00Z,0.017027092798013052,62777730.760951,1068922.2473153912,27,69420.63442799449,0.1107040427144798,1182.031584502402,17616893.9507943,588226.6092511985,21.0,43477.21428720788,0.002467927343415018,0.57726610422697,0.1107040427144712,,,,,,,accumulation,True,-4.413010827090613,-4.413010827090613,-4.413010827090613,True,-5.180558223735455,-3.906234421207433,-5.180558223735455,True,-15.13180470626143,-3.906234421207433,-17.117108548374095,True,-20.19027654835346,-3.906234421207433,-24.06221049665822
2026-08-16-seven-token-pilot,momentum,solana,CATE,Ai66LHZG9MCzg1WKdawwqduVAXpNDUuV8M3uyq5ppump,2026-08-12T14:00:00Z,2026-08-12T13:00:00Z,2026-08-12T14:00:00Z,0.01627568534929797,62723771.156159,1020872.3632590155,27,-53959.60479199886,-0.08595341714002,-878.2295491670444,17616893.9507943,588226.6092511985,21.0,43477.21428720788,0.002467927343415018,-4.413010827090613,-0.0859534171400167,,,,,,,distribution,True,-0.2776931126558524,-0.2776931126558524,-0.2776931126558524,True,-8.143452768808324,0.5301729976727954,-8.143452768808324,True,-13.718287954935693,0.5301729976727954,-13.718287954935693,True,-11.662563669870075,0.5301729976727954,-20.556353787881886
2026-08-16-seven-token-pilot,momentum,solana,CATE,Ai66LHZG9MCzg1WKdawwqduVAXpNDUuV8M3uyq5ppump,2026-08-12T15:00:00Z,2026-08-12T14:00:00Z,2026-08-12T15:00:00Z,0.016230488892045432,62888750.368834004,1020715.1642959784,27,164979.2126750052,0.263025021668847,2677.693278740073,17616893.9507943,588226.6092511985,21.0,43477.21428720788,0.002467927343415018,-0.2776931126558524,0.263025021668839,-5.056446253799097,0.3972984200128815,,,,,accumulation,True,0.8101157459597275,0.8101157459597275,0.8101157459597275,True,-10.701199709280129,0.8101157459597275,-10.701199709280129,True,-15.501542340170326,0.8101157459597275,-15.501542340170326,True,-6.084149714105913,0.8101157459597275,-20.335129930492624
2026-08-16-seven-token-pilot,momentum,solana,CATE,Ai66LHZG9MCzg1WKdawwqduVAXpNDUuV8M3uyq5ppump,2026-08-12T17:00:00Z,2026-08-12T16:00:00Z,2026-08-12T17:00:00Z,0.01614499434180252,61023298.799056,985220.8138288836,24,-1865451.5697780028,-2.9662722805547608,-30117.705038972483,17616893.9507943,588226.6092511985,21.0,43477.21428720788,0.002467927343415018,-1.3261253681261298,-2.9662722805547603,-5.180558223735455,-2.7946724748233343,,,,,distribution,True,-7.399889504025059,-7.399889504025059,-7.399889504025059,True,-11.730983409131678,-7.399889504025059,-11.730983409131678,True,-15.202351557997517,-5.379727875350337,-15.202351557997517,True,8.042327678165616,8.042327678165616,-19.91327086429786
2026-08-16-seven-token-pilot,momentum,solana,CATE,Ai66LHZG9MCzg1WKdawwqduVAXpNDUuV8M3uyq5ppump,2026-08-12T18:00:00Z,2026-08-12T17:00:00Z,2026-08-12T18:00:00Z,0.014950282600078035,61024947.807422996,912340.2153759863,24,1649.0083669945598,0.002702260283280636,24.653141096461862,17616893.9507943,588226.6092511985,21.0,43477.21428720788,0.002467927343415018,-7.399889504025059,0.0027022602832715847,-8.143452768808324,-2.7084202965197424,,,,,accumulation,True,-3.0544622491653017,-3.0544622491653017,-3.0544622491653017,True,-5.60347774916905,-3.0544622491653017,-5.60347774916905,True,-6.393934759448916,2.1815974277509476,-8.42597488510729,True,31.99999566970686,31.99999566970686,-13.513354674470634
2026-08-16-seven-token-pilot,momentum,solana,CATE,Ai66LHZG9MCzg1WKdawwqduVAXpNDUuV8M3uyq5ppump,2026-08-12T19:00:00Z,2026-08-12T18:00:00Z,2026-08-12T19:00:00Z,0.014493631861915122,61103599.679565,885613.07919345,24,78651.87214200199,0.12888478395787317,1139.9512800765945,17616893.9507943,588226.6092511985,21.0,43477.21428720788,0.002467927343415018,-3.0544622491653017,0.12888478395787217,-10.701199709280129,-2.8385850868388074,,,,,accumulation,True,-0.9543683936049319,-0.9543683936049319,-0.9543683936049319,True,-2.345649446384135,-0.9543683936049319,-2.6293273100976733,True,-3.443296260959239,5.401032165475983,-5.540752839751761,True,24.18530205760088,36.158918432086715,-10.788420661698051
2026-08-16-seven-token-pilot,momentum,solana,CATE,Ai66LHZG9MCzg1WKdawwqduVAXpNDUuV8M3uyq5ppump,2026-08-12T20:00:00Z,2026-08-12T19:00:00Z,2026-08-12T20:00:00Z,0.01435530922033955,61157975.822858006,877941.6542271767,24,54376.14329300821,0.08899008172703994,780.5863511806253,17616893.9507943,588226.6092511985,21.0,43477.21428720788,0.002467927343415018,-0.9543683936049319,0.08899008172704725,-12.26420075961313,-2.752121064300439,,,,,accumulation,True,-0.7264314866264221,-0.7264314866264221,-0.7264314866264221,True,6.416638932989116,6.416638932989116,-1.691098223442089,True,-2.9214758286196907,6.416638932989116,-4.630577211494813,True,21.6214062061278,37.4708972256131,-9.928809689632146
2026-08-16-seven-token-pilot,momentum,solana,CATE,Ai66LHZG9MCzg1WKdawwqduVAXpNDUuV8M3uyq5ppump,2026-08-12T21:00:00Z,2026-08-12T20:00:00Z,2026-08-12T21:00:00Z,0.014251027734160418,61227976.112013996,872561.5856788231,24,70000.28915598989,0.11445815237368767,997.5760621612606,17616893.9507943,588226.6092511985,21.0,43477.21428720788,0.002467927343415018,-0.7264314866264221,0.11445815237369761,-11.730983409131678,0.33540847018445064,,,,,accumulation,True,-0.9717256579586997,-0.9717256579586997,-0.9717256579586997,True,1.400310477433453,7.1953396322741,-0.9717256579586997,True,-7.215541705742135,7.1953396322741,-7.215541705742135,True,19.92058070478755,38.47683656812819,-9.269716341229373
2026-08-16-seven-token-pilot,momentum,solana,CATE,Ai66LHZG9MCzg1WKdawwqduVAXpNDUuV8M3uyq5ppump,2026-08-12T22:00:00Z,2026-08-12T21:00:00Z,2026-08-12T22:00:00Z,0.01411254684114477,61336357.54603399,865612.2189336083,24,108381.43401999772,0.17701292922326628,1529.538064317659,17616893.9507943,588226.6092511985,21.0,43477.21428720788,0.002467927343415018,-0.9717256579586997,0.17701292922327472,-5.60347774916905,0.5102990658733875,,,,,accumulation,True,0.29133809583197223,0.29133809583197223,0.29133809583197223,True,-0.49322688162735107,8.247205502161892,-0.49322688162735107,True,-8.379415614786545,8.247205502161892,-8.379415614786545,True,24.004061152506594,39.83565551171022,-8.379415614786545
2026-08-16-seven-token-pilot,momentum,solana,CATE,Ai66LHZG9MCzg1WKdawwqduVAXpNDUuV8M3uyq5ppump,2026-08-12T23:00:00Z,2026-08-12T22:00:00Z,2026-08-12T23:00:00Z,0.014153662066385155,62397065.038587004,883146.9724904163,25,1060707.4925530106,1.7293291205903958,15012.89540087806,17616893.9507943,588226.6092511985,21.0,43477.21428720788,0.002467927343415018,0.29133809583197223,1.729329120590406,-2.345649446384135,2.116839868363085,-17.205268181169806,-0.38764131149774395,,,accumulation,True,7.932756265279672,7.932756265279672,7.932756265279672,True,-3.1027254988641007,7.932756265279672,-3.1027254988641007,True,-7.979732033243092,7.932756265279672,-8.645565883599327,True,30.18356033565648,39.4294444232983,-8.645565883599327
2026-08-16-seven-token-pilot,momentum,solana,CATE,Ai66LHZG9MCzg1WKdawwqduVAXpNDUuV8M3uyq5ppump,2026-08-13T01:00:00Z,2026-08-13T00:00:00Z,2026-08-13T01:00:00Z,0.014450586368663813,62423514.749073,902056.3913170387,25,26449.710485994816,0.042389350315817,382.213825804021,17616893.9507943,588226.6092511985,21.0,43477.21428720788,0.002467927343415018,-5.406045798931258,0.04238935031581903,1.400310477433453,1.9526019198671696,-15.13180470626143,-0.5642383176078902,,,accumulation,True,-2.820967895848181,-2.820967895848181,-2.820967895848181,True,-5.259377068386694,-2.820967895848181,-5.259377068386694,True,-5.96038577771576,-2.820967895848181,-10.52267667468082,True,10.612049914035836,36.56450943406735,-10.52267667468082
2026-08-16-seven-token-pilot,momentum,solana,CATE,Ai66LHZG9MCzg1WKdawwqduVAXpNDUuV8M3uyq5ppump,2026-08-13T03:00:00Z,2026-08-13T02:00:00Z,2026-08-13T03:00:00Z,0.013714512784428368,62329166.294746995,854814.1479920695,25,-94348.45432600379,-0.15114248966156602,-1293.9430830450349,17616893.9507943,588226.6092511985,21.0,43477.21428720788,0.002467927343415018,-2.3387352135554096,-0.15114248966157096,-3.1027254988641007,-0.10881720766516834,-15.501542340170326,-0.8897999575522286,,,distribution,True,0.28476547112374906,0.28476547112374906,0.28476547112374906,True,2.04207322498704,2.04207322498704,-0.17453949594660179,True,11.145046769938173,11.145046769938173,-5.72032641090463,True,13.151165611551052,43.89408282238507,-5.72032641090463
2026-08-16-seven-token-pilot,momentum,solana,CATE,Ai66LHZG9MCzg1WKdawwqduVAXpNDUuV8M3uyq5ppump,2026-08-13T05:00:00Z,2026-08-13T04:00:00Z,2026-08-13T05:00:00Z,0.013690575542942894,62473082.815503,855292.4596861713,26,143916.52075600624,0.23089755456609612,1970.2999992876123,17616893.9507943,588226.6092511985,21.0,43477.21428720788,0.002467927343415018,-0.45800073910787775,0.23089755456608962,-5.259377068386694,0.07940608059198162,-15.202351557997517,2.375787682702968,,,accumulation,True,2.219013659287006,2.219013659287006,2.219013659287006,True,-3.4172168801103187,2.2204883501074635,-3.4172168801103187,True,27.411938495041355,27.411938495041355,-5.555483427730179,True,6.8157744038305434,44.1456739551352,-5.555483427730179
2026-08-16-seven-token-pilot,momentum,solana,CATE,Ai66LHZG9MCzg1WKdawwqduVAXpNDUuV8M3uyq5ppump,2026-08-13T08:00:00Z,2026-08-13T07:00:00Z,2026-08-13T08:00:00Z,0.013935922331343716,62290419.321370006,868074.4456494442,25,-182663.4941329956,-0.29238751459159107,-2545.584267009285,17616893.9507943,588226.6092511985,21.0,43477.21428720788,0.002467927343415018,-0.419097073180863,-0.2923875145915855,1.3258767723270504,-0.062165075646547496,-2.9214758286196907,1.8516693583713106,,,distribution,True,-5.117590568329156,-5.117590568329156,-5.117590568329156,True,-4.58126556033418,-4.58126556033418,-7.218212185263406,True,25.281474192397123,41.60793893294563,-7.218212185263406,True,7.398260534113921,41.60793893294563,-7.218212185263406
2026-08-16-seven-token-pilot,momentum,solana,CATE,Ai66LHZG9MCzg1WKdawwqduVAXpNDUuV8M3uyq5ppump,2026-08-13T12:00:00Z,2026-08-13T11:00:00Z,2026-08-13T12:00:00Z,0.013297480721062946,62621546.754058,832708.8106852281,25,331127.4326879978,0.5315864563050031,4403.160652383719,17616893.9507943,588226.6092511985,21.0,43477.21428720788,0.002467927343415018,2.09795740440768,0.5315864563049999,-4.58126556033418,0.5315864563049999,-12.954308550032057,0.35976326023055005,-21.453164502971145,-0.13836024649673817,accumulation,True,2.194362669195682,2.194362669195682,2.194362669195682,True,19.222402311160437,19.222402311160437,2.194362669195682,True,23.688928826737055,48.406850881559,2.194362669195682,True,12.042548752594161,48.406850881559,2.194362669195682
2026-08-16-seven-token-pilot,momentum,solana,CATE,Ai66LHZG9MCzg1WKdawwqduVAXpNDUuV8M3uyq5ppump,2026-08-13T13:00:00Z,2026-08-13T12:00:00Z,2026-08-13T13:00:00Z,0.013589275673949443,62621691.396276,850983.4275529826,25,144.64221799373627,0.00023097835408283517,1.9655829744083726,17616893.9507943,588226.6092511985,21.0,43477.21428720788,0.002467927343415018,2.194362669195682,0.0002309783540876964,2.7720186615328712,0.5318186625087318,-5.96038577771576,0.3174711452881507,-20.19027654835346,-0.24855846616880228,accumulation,True,5.8005115775964455,5.8005115775964455,5.8005115775964455,True,28.36171779067311,28.36171779067311,5.8005115775964455,True,17.62282398626056,45.220193174406,5.8005115775964455,True,12.706524298822174,45.220193174406,2.1376205030971818
2026-08-16-seven-token-pilot,momentum,solana,CATE,Ai66LHZG9MCzg1WKdawwqduVAXpNDUuV8M3uyq5ppump,2026-08-13T14:00:00Z,2026-08-13T13:00:00Z,2026-08-13T14:00:00Z,0.014377523182728379,62798198.303469,902882.5519416996,26,176506.90719300508,0.2818622481402692,2537.732150079117,17616893.9507943,588226.6092511985,21.0,43477.21428720788,0.002467927343415018,5.8005115775964455,0.2818622481402633,11.195093052835192,0.8151799066871801,2.3825724320258423,0.6002282247357327,-11.662563669870075,0.11865859775028742,accumulation,True,6.0196631561225455,6.0196631561225455,6.0196631561225455,True,37.25849810083221,37.25849810083221,6.0196631561225455,True,9.069551102032513,37.25849810083221,6.0196631561225455,True,3.395620900868157,37.25849810083221,-3.462073122220044
2026-08-16-seven-token-pilot,momentum,solana,CATE,Ai66LHZG9MCzg1WKdawwqduVAXpNDUuV8M3uyq5ppump,2026-08-13T15:00:00Z,2026-08-13T14:00:00Z,2026-08-13T15:00:00Z,0.015243001648522058,63169550.869882,962893.5680460094,26,371352.5664130002,0.5913427079841661,5660.527782016259,17616893.9507943,588226.6092511985,21.0,43477.21428720788,0.002467927343415018,6.0196631561225455,0.5913427079841771,17.03565251732273,1.4113431216064898,11.145046769938173,1.3483006834407618,-6.084149714105913,0.44650354697961525,accumulation,True,4.005604198381785,4.005604198381785,4.005604198381785,True,18.080158500679122,29.465133178840542,4.005604198381785,True,1.8049556862083094,29.465133178840542,1.8049556862083094,True,-4.3344226876175895,29.465133178840542,-8.943375215576733
2026-08-16-seven-token-pilot,momentum,solana,CATE,Ai66LHZG9MCzg1WKdawwqduVAXpNDUuV8M3uyq5ppump,2026-08-13T16:00:00Z,2026-08-13T15:00:00Z,2026-08-13T16:00:00Z,0.015853575962514663,63298416.357424006,1003506.252029302,26,128865.4875420034,0.20399937274754937,2042.9787956936377,17616893.9507943,588226.6092511985,21.0,43477.21428720788,0.002467927343415018,4.005604198381785,0.2039993727475542,19.222402311160437,1.0808893079954807,15.268831598288513,1.5550505811252835,-3.107196331329909,0.6514137841622913,accumulation,True,10.028347747133326,10.028347747133326,10.028347747133326,True,10.127386908143032,24.478997239318833,10.028347747133326,True,-5.12696392588049,24.478997239318833,-5.12696392588049,True,-6.42132892713041,24.478997239318833,-12.450270842386013
2026-08-16-seven-token-pilot,momentum,solana,CATE,Ai66LHZG9MCzg1WKdawwqduVAXpNDUuV8M3uyq5ppump,2026-08-13T18:00:00Z,2026-08-13T17:00:00Z,2026-08-13T18:00:00Z,0.019734372384711943,63261887.583393,1248433.647330462,26,-36528.7740310058,-0.057708827697585036,-720.8724294848636,17616893.9507943,588226.6092511985,21.0,43477.21428720788,0.002467927343415018,13.133569473746821,-0.057708827697589005,37.25849810083221,0.7383799096962074,41.016498589584046,1.2626314123468374,31.99999566970686,3.6656152218747184,distribution,True,-8.793853911565863,-8.793853911565863,-8.793853911565863,True,-11.321571956215305,-8.793853911565863,-13.400259800281678,True,-25.60433702978998,-6.631227805492745,-25.89734296356575,True,-27.79962592366291,-6.631227805492745,-29.667067457738238
2026-08-16-seven-token-pilot,momentum,solana,CATE,Ai66LHZG9MCzg1WKdawwqduVAXpNDUuV8M3uyq5ppump,2026-08-13T19:00:00Z,2026-08-13T18:00:00Z,2026-08-13T19:00:00Z,0.017998960506835977,63261943.02339,1138649.2140637045,26,55.439997002482414,8.763569839644821e-05,0.9978623165467859,17616893.9507943,588226.6092511985,21.0,43477.21428720788,0.002467927343415018,-8.793853911565863,8.76356983869897e-05,18.080158500679122,0.14626058320141855,28.613858229078136,1.2627201545611033,24.18530205760088,3.532268729082455,accumulation,True,-2.9992374704976177,-2.9992374704976177,-2.9992374704976177,True,2.3711407605976786,2.3711407605976786,-5.050543287126075,True,-22.885753253880015,2.3711407605976786,-22.885753253880015,True,-20.63626304238564,2.3711407605976786,-22.885753253880015
2026-08-16-seven-token-pilot,momentum,solana,CATE,Ai66LHZG9MCzg1WKdawwqduVAXpNDUuV8M3uyq5ppump,2026-08-13T21:00:00Z,2026-08-13T20:00:00Z,2026-08-13T21:00:00Z,0.0170899152152055,63236943.02339,1080713.994738516,26,-25000.0,-0.03951822976849871,-427.2478803801375,17616893.9507943,588226.6092511985,21.0,43477.21428720788,0.002467927343415018,-2.114731640387424,-0.03951822976849817,-2.02662275706742,-0.09711670144618711,29.24640926874824,1.5195333605585004,19.92058070478755,3.28112578423414,distribution,True,2.400339584475031,2.400339584475031,2.400339584475031,True,-6.470631330249854,7.816457623519457,-6.470631330249854,True,-13.702231084878935,7.816457623519457,-18.783898912331242,True,-16.770355444011376,7.816457623519457,-18.783898912331242
2026-08-16-seven-token-pilot,momentum,solana,CATE,Ai66LHZG9MCzg1WKdawwqduVAXpNDUuV8M3uyq5ppump,2026-08-13T22:00:00Z,2026-08-13T21:00:00Z,2026-08-13T22:00:00Z,0.017500131215069298,63211515.399256,1106209.8137903535,25,-25427.624134004116,-0.04021007803081021,-444.98675883253486,17616893.9507943,588226.6092511985,21.0,43477.21428720788,0.002467927343415018,2.400339584475031,-0.040210078030811225,-11.321571956215305,-0.07962485164642041,35.34519778998426,1.4787122769777117,24.004061152506594,3.057171844308937,distribution,True,5.28916023230217,5.28916023230217,5.28916023230217,True,-10.39210048042829,5.28916023230217,-10.39210048042829,True,-9.502542263413416,5.28916023230217,-20.687664301474662,True,-18.68112949474121,5.28916023230217,-20.687664301474662
2026-08-16-seven-token-pilot,momentum,solana,CATE,Ai66LHZG9MCzg1WKdawwqduVAXpNDUuV8M3uyq5ppump,2026-08-13T23:00:00Z,2026-08-13T22:00:00Z,2026-08-13T23:00:00Z,0.018425741195897443,63201519.197146,1164534.8359141562,25,-9996.202109999955,-0.015813894109106597,-184.1874330207431,17616893.9507943,588226.6092511985,21.0,43477.21428720788,0.002467927343415018,5.28916023230217,-0.01581389410910683,2.3711407605976786,-0.09551370596009301,41.47270292962675,1.4626645408749361,30.18356033565648,1.2892499960719395,distribution,True,-10.73622879015187,-10.73622879015187,-10.73622879015187,True,-15.780152838676297,-10.73622879015187,-15.780152838676297,True,-17.13323655942024,-10.73622879015187,-24.671888802668295,True,-24.736895923254554,-10.73622879015187,-24.736895923254554
2026-08-16-seven-token-pilot,momentum,solana,CATE,Ai66LHZG9MCzg1WKdawwqduVAXpNDUuV8M3uyq5ppump,2026-08-14T01:00:00Z,2026-08-14T00:00:00Z,2026-08-14T01:00:00Z,0.015984089806977277,63201834.760892004,1010223.8027838358,24,315.5637460052967,0.000499297722608457,5.043999255974829,17616893.9507943,588226.6092511985,21.0,43477.21428720788,0.002467927343415018,-2.8175791750529866,0.0004992977226114803,-6.470631330249854,-0.055518595332815224,17.62282398626056,0.9264255750372596,10.612049914035836,1.2468378542087155,accumulation,True,-1.8930687679988623,-1.8930687679988623,-1.8930687679988623,True,-8.510935166590238,-1.8930687679988623,-8.510935166590238,True,-4.179715739534229,-0.9191387094722892,-13.165134927360867,True,-14.202807859357636,-0.9191387094722892,-15.931450678764458
2026-08-16-seven-token-pilot,momentum,solana,CATE,Ai66LHZG9MCzg1WKdawwqduVAXpNDUuV8M3uyq5ppump,2026-08-14T02:00:00Z,2026-08-14T01:00:00Z,2026-08-14T02:00:00Z,0.0156814999949925,63176834.760892004,990707.5339865698,24,-25000.0,-0.039555813679430535,-392.0374998748125,17616893.9507943,588226.6092511985,21.0,43477.21428720788,0.002467927343415018,-1.8930687679988623,-0.039555813679426066,-10.39210048042829,-0.05486443117990181,9.069551102032513,0.6029415933133331,11.668212158323875,1.206788843670803,distribution,True,-1.0417939707220825,-1.0417939707220825,-1.0417939707220825,True,-6.376831468260857,-1.0417939707220825,-6.74556457478176,True,-5.202121163821882,0.992722987352912,-11.489571651880603,True,-13.491484600565329,0.992722987352912,-14.309266159358236
2026-08-16-seven-token-pilot,momentum,solana,CATE,Ai66LHZG9MCzg1WKdawwqduVAXpNDUuV8M3uyq5ppump,2026-08-14T03:00:00Z,2026-08-14T02:00:00Z,2026-08-14T03:00:00Z,0.015518131073525884,64195557.661708,996195.0781324736,25,1018722.9008159935,1.612494365492663,15808.675502465097,17616893.9507943,588226.6092511985,21.0,43477.21428720788,0.002467927343415018,-1.0417939707220825,1.6124943654926671,-15.780152838676297,1.5728078647307075,1.8049556862083094,1.6242109967496532,13.151165611551052,2.9944109281601294,accumulation,True,-3.0761580071056005,-3.0761580071056005,-3.0761580071056005,True,-10.55776787027387,-3.0761580071056005,-10.55776787027387,True,-6.0305299800426315,2.055935570894496,-10.55776787027387,True,-6.59023298256729,2.055935570894496,-13.407147038125188
2026-08-16-seven-token-pilot,momentum,solana,CATE,Ai66LHZG9MCzg1WKdawwqduVAXpNDUuV8M3uyq5ppump,2026-08-14T04:00:00Z,2026-08-14T03:00:00Z,2026-08-14T04:00:00Z,0.015040768841954476,64140557.661708,964723.3011838022,25,-55000.0,-0.08567571028798297,-827.2422863074962,17616893.9507943,588226.6092511985,21.0,43477.21428720788,0.002467927343415018,-3.0761580071056005,-0.08567571028798016,-8.552920761774041,1.4857846401331587,-5.12696392588049,1.3304302899597165,9.359040184460344,2.906169735040498,distribution,True,-2.7729603439899497,-2.7729603439899497,-2.7729603439899497,True,-0.4908703104341883,-0.4908703104341883,-7.719060356394825,True,-1.3643128277656236,5.294975387352396,-7.719060356394825,True,-5.164814060325861,5.294975387352396,-10.658872800127927
2026-08-16-seven-token-pilot,momentum,solana,CATE,Ai66LHZG9MCzg1WKdawwqduVAXpNDUuV8M3uyq5ppump,2026-08-14T10:00:00Z,2026-08-14T09:00:00Z,2026-08-14T10:00:00Z,0.015837173850204535,66549287.428748,1053952.6346163133,26,2408729.7670399994,3.755392617170858,38147.472078775136,17616893.9507943,588226.6092511985,21.0,43477.21428720788,0.002467927343415018,7.3836614811300105,3.7553926171708607,7.87150720402654,3.7553926171708607,-9.502542263413416,5.280322751970101,22.48396316849053,6.837115809745242,accumulation,True,-3.5887620266251585,-3.5887620266251585,-3.5887620266251585,True,-6.133951009470806,-3.2908242697862633,-6.133951009470806,True,-10.142370250934752,-3.2908242697862633,-10.350588914173898,True,-8.511235647819282,-3.2908242697862633,-15.151575969119445
2026-08-16-seven-token-pilot,momentum,solana,CATE,Ai66LHZG9MCzg1WKdawwqduVAXpNDUuV8M3uyq5ppump,2026-08-14T17:00:00Z,2026-08-14T16:00:00Z,2026-08-14T17:00:00Z,0.014471938291409022,66550993.887526006,963121.8767722154,26,1706.4587780088186,0.0025642029297997587,24.69576613217687,17616893.9507943,588226.6092511985,21.0,43477.21428720788,0.002467927343415018,-2.4510518783955493,0.0025642029297889835,-5.51098186295893,0.0025642029297889835,-1.0377404789334355,3.7580531159881803,-17.035008552931075,5.138481682915774,accumulation,True,-1.545388071219167,-1.545388071219167,-1.545388071219167,True,-1.7140938406358663,-1.294164028947009,-1.8933552406374066,True,-2.4045849130114427,0.1624646910310057,-7.14725178930431,True,22.58380893917149,24.226903299096826,-7.14725178930431
2026-08-16-seven-token-pilot,momentum,solana,CATE,Ai66LHZG9MCzg1WKdawwqduVAXpNDUuV8M3uyq5ppump,2026-08-14T19:00:00Z,2026-08-14T18:00:00Z,2026-08-14T19:00:00Z,0.014284647671750198,66603568.363340005,951408.5077516399,26,52574.47581399977,0.0789987838541568,751.007863529939,17616893.9507943,588226.6092511985,21.0,43477.21428720788,0.002467927343415018,0.25516736834418907,0.07899878385415615,-2.0412262964690897,0.08156501247309489,2.9170877061151623,3.840020716100545,-20.63626304238564,5.282204719375283,accumulation,True,-0.6070474007900839,-0.6070474007900839,-0.6070474007900839,True,-2.9182581758354864,-0.37619850312374803,-2.9182581758354864,True,3.7481147522044678,3.8841953764805703,-5.92982948047146,True,19.65498780567532,25.85568226738719,-5.92982948047146
2026-08-16-seven-token-pilot,momentum,solana,CATE,Ai66LHZG9MCzg1WKdawwqduVAXpNDUuV8M3uyq5ppump,2026-08-14T22:00:00Z,2026-08-14T21:00:00Z,2026-08-14T22:00:00Z,0.014230909041032573,66708577.809524,949323.7030639801,26,105009.44618399441,0.1576633936655469,1494.3798770936296,17616893.9507943,588226.6092511985,21.0,43477.21428720788,0.002467927343415018,0.049447511010569656,0.15766339366554138,-0.12199107059972514,0.2367867296832804,-10.142370250934752,0.23935700430535167,-18.68112949474121,5.5323185786322115,accumulation,True,-2.5516589755827157,-2.5516589755827157,-2.5516589755827157,True,-4.673462539072504,-2.5516589755827157,-5.574602548690988,True,1.8152432995067302,4.2764819406514,-5.574602548690988,True,17.600105591533797,26.33093736272796,-5.574602548690988
2026-08-16-seven-token-pilot,momentum,solana,CATE,Ai66LHZG9MCzg1WKdawwqduVAXpNDUuV8M3uyq5ppump,2026-08-14T23:00:00Z,2026-08-14T22:00:00Z,2026-08-14T23:00:00Z,0.013867784773180054,66764137.97561699,925870.6960127536,26,55560.16609299183,0.08328788878041332,770.4964253397468,17616893.9507943,588226.6092511985,21.0,43477.21428720788,0.002467927343415018,-2.5516589755827157,0.08328788878040339,-2.9182581758354864,0.24108259695792,-9.17576486414432,0.3228442484812799,-24.736895923254554,5.636919529351858,accumulation,True,-3.102098549169585,-3.102098549169585,-3.102098549169585,True,4.526067561087288,4.526067561087288,-3.102098549169585,True,12.184944516612628,12.184944516612628,-3.102098549169585,True,29.06352106963348,29.638879466479228,-3.102098549169585
2026-08-16-seven-token-pilot,momentum,solana,CATE,Ai66LHZG9MCzg1WKdawwqduVAXpNDUuV8M3uyq5ppump,2026-08-15T00:00:00Z,2026-08-14T23:00:00Z,2026-08-15T00:00:00Z,0.013437592422929275,66780991.93169899,897375.7511770995,24,16853.95608200133,0.02524402559972628,226.4765925438838,17616893.9507943,588226.6092511985,21.0,43477.21428720788,0.002467927343415018,-3.102098549169585,0.025244025599735487,-5.355291235933857,0.26638748151013303,-9.807771999589665,0.34816977296574514,-18.300148617208745,5.66358654036061,accumulation,True,2.0562301043181686,2.0562301043181686,2.0562301043181686,True,6.1495292392168555,7.872374939025573,0.9543407112299063,True,16.228989030027165,16.228989030027165,0.9543407112299063,True,37.703842165552736,37.703842165552736,0.9543407112299063
2026-08-16-seven-token-pilot,momentum,solana,CATE,Ai66LHZG9MCzg1WKdawwqduVAXpNDUuV8M3uyq5ppump,2026-08-15T01:00:00Z,2026-08-15T00:00:00Z,2026-08-15T01:00:00Z,0.013713900243625125,66885512.49388,917261.2460848123,25,104520.56218101084,0.15651244337297418,1433.3845631579995,17616893.9507943,588226.6092511985,21.0,43477.21428720788,0.002467927343415018,2.0562301043181686,0.15651244337298031,-3.5853480167945984,0.4233168544392596,-10.460303052929687,0.5052271453574786,-14.202807859357636,5.8284348024456145,accumulation,True,-1.0796885128541045,-1.0796885128541045,-1.0796885128541045,True,2.990017396392841,5.698961081319931,-1.0796885128541045,True,18.97496286068794,18.97496286068794,-1.0796885128541045,True,30.736810386733882,34.92938356119648,-1.0796885128541045
2026-08-16-seven-token-pilot,momentum,solana,CATE,Ai66LHZG9MCzg1WKdawwqduVAXpNDUuV8M3uyq5ppump,2026-08-15T02:00:00Z,2026-08-15T01:00:00Z,2026-08-15T02:00:00Z,0.013565832838030433,66969069.733531,908491.2053234848,24,83557.23965099454,0.12492576723343488,1133.5235455126403,17616893.9507943,588226.6092511985,21.0,43477.21428720788,0.002467927343415018,-1.0796885128541045,0.1249257672334414,-4.673462539072504,0.3904923962714246,-8.744249912034896,0.6307840714785184,-13.491484600565329,6.002571966436143,accumulation,True,6.852636725729355,6.852636725729355,6.852636725729355,True,9.388722928693728,9.388722928693728,4.114125651308509,True,17.744125627682838,20.27354248287829,4.114125651308509,True,27.741015860521443,36.402101381099804,4.114125651308509
2026-08-16-seven-token-pilot,momentum,solana,CATE,Ai66LHZG9MCzg1WKdawwqduVAXpNDUuV8M3uyq5ppump,2026-08-15T03:00:00Z,2026-08-15T02:00:00Z,2026-08-15T03:00:00Z,0.014495450081240358,66955069.733531,970543.8710083656,25,-14000.0,-0.020905173172788283,-202.936301137365,17616893.9507943,588226.6092511985,21.0,43477.21428720788,0.002467927343415018,6.852636725729355,-0.020905173172791613,4.526067561087288,0.28597951490625384,-0.5956221764428227,0.6097470318032538,-6.59023298256729,4.298602850939992,distribution,True,-1.5971148320249262,-1.5971148320249262,-1.5971148320249262,True,2.2393411406744557,2.373442790629521,-2.5628858195143045,True,15.569428446877854,15.569428446877854,-2.5628858195143045,True,16.740802969726087,27.654408502074123,-2.5628858195143045
2026-08-16-seven-token-pilot,momentum,solana,CATE,Ai66LHZG9MCzg1WKdawwqduVAXpNDUuV8M3uyq5ppump,2026-08-15T04:00:00Z,2026-08-15T03:00:00Z,2026-08-15T04:00:00Z,0.0142639410980241,67033831.889555,956166.6296474619,25,78762.15602400154,0.11763434245899615,1123.458754279742,17616893.9507943,588226.6092511985,21.0,43477.21428720788,0.002467927343415018,-1.5971148320249262,0.11763434245899429,6.1495292392168555,0.37861066531417187,-3.8530691492258073,0.7280986461737582,-5.164814060325861,4.510834226148752,accumulation,True,-0.9814458039932417,-0.9814458039932417,-0.9814458039932417,True,2.086420673741407,4.035001225702528,-0.9814458039932417,True,26.038383524060137,26.038383524060137,-0.9814458039932417,True,25.962184077882043,29.726286260983393,-0.9814458039932417
2026-08-16-seven-token-pilot,momentum,solana,CATE,Ai66LHZG9MCzg1WKdawwqduVAXpNDUuV8M3uyq5ppump,2026-08-15T05:00:00Z,2026-08-15T04:00:00Z,2026-08-15T05:00:00Z,0.014123948246633475,67034371.723266,946789.9969649995,25,539.8337109982967,0.0008053153098687947,7.624583395928036,17616893.9507943,588226.6092511985,21.0,43477.21428720788,0.002467927343415018,-0.9814458039932417,0.0008053153098597221,2.990017396392841,0.22255825489805314,-2.4045849130114427,0.7263269975455566,-3.417372040952238,4.511675867897247,accumulation,True,5.066168730120757,5.066168730120757,5.066168730120757,True,4.148599906170647,5.066168730120757,3.098274361451314,True,25.6040653445762,27.28764275286,2.5862911053388116,True,22.731818180439234,31.012099009434955,2.5862911053388116
2026-08-16-seven-token-pilot,momentum,solana,CATE,Ai66LHZG9MCzg1WKdawwqduVAXpNDUuV8M3uyq5ppump,2026-08-15T08:00:00Z,2026-08-15T07:00:00Z,2026-08-15T08:00:00Z,0.014561546913983571,67111059.195272,977240.8369190819,25,76687.47200600058,0.11440022489147045,1116.6882213301792,17616893.9507943,588226.6092511985,21.0,43477.21428720788,0.002467927343415018,-1.7442970710687011,0.1144002248914644,2.086420673741407,0.11520646148386327,2.5610335134596873,0.7619574212052616,-2.708578431821862,4.631237460127968,accumulation,True,1.0187615178087306,1.0187615178087306,1.0187615178087306,True,7.257682960508638,7.257682960508638,-0.49659730900785126,True,20.40446392715991,23.462437699590776,-0.49659730900785126,True,22.83757039534158,27.074967860393894,-0.49659730900785126
2026-08-16-seven-token-pilot,momentum,solana,CATE,Ai66LHZG9MCzg1WKdawwqduVAXpNDUuV8M3uyq5ppump,2026-08-15T09:00:00Z,2026-08-15T08:00:00Z,2026-08-15T09:00:00Z,0.014709894350340902,67215068.436325,988726.555449274,25,104009.24105300009,0.15498077708826802,1529.964947348771,17616893.9507943,588226.6092511985,21.0,43477.21428720788,0.002467927343415018,1.0187615178087306,0.15498077708826496,4.148599906170647,0.26955830033725814,3.416921466751033,0.9181190858259969,-0.25983611212339053,4.793395765020736,accumulation,True,-1.5000766234393392,-1.5000766234393392,-1.5000766234393392,True,10.919271974422173,10.919271974422173,-1.5000766234393392,True,17.558090845999818,22.21733452733472,-1.5000766234393392,True,27.22589537527078,27.22589537527078,-1.5000766234393392
2026-08-16-seven-token-pilot,momentum,solana,CATE,Ai66LHZG9MCzg1WKdawwqduVAXpNDUuV8M3uyq5ppump,2026-08-15T10:00:00Z,2026-08-15T09:00:00Z,2026-08-15T10:00:00Z,0.014489234663858814,67351517.70234099,975871.9449562597,26,136449.26601599157,0.20300398287216556,1977.0454350169973,17616893.9507943,588226.6092511985,21.0,43477.21428720788,0.002467927343415018,-1.5000766234393392,0.20300398287216304,-2.360300803536386,0.4731094972952876,1.8152432995067302,0.963803927364193,-8.511235647819282,1.2054678638774519,accumulation,True,7.373281021400491,7.373281021400491,7.373281021400491,True,10.240268929415208,12.608485542047498,7.373281021400491,True,15.503437187291524,24.078608731606323,7.373281021400491,False,,,
2026-08-16-seven-token-pilot,momentum,solana,CATE,Ai66LHZG9MCzg1WKdawwqduVAXpNDUuV8M3uyq5ppump,2026-08-15T11:00:00Z,2026-08-15T10:00:00Z,2026-08-15T11:00:00Z,0.015557566653475297,67785654.606409,1054579.839688663,26,434136.90406800807,0.6445836988955015,6754.113821771446,17616893.9507943,588226.6092511985,21.0,43477.21428720788,0.002467927343415018,7.373281021400491,0.6445836988955067,4.976460016962259,1.1207427828882732,12.184944516612628,1.5300379241997897,1.89111779479747,1.8578218121189316,accumulation,True,0.3908784132211851,0.3908784132211851,0.3908784132211851,True,7.679492447810232,7.679492447810232,0.3908784132211851,True,15.045313456050646,15.558179419772312,0.3908784132211851,False,,,
2026-08-16-seven-token-pilot,momentum,solana,CATE,Ai66LHZG9MCzg1WKdawwqduVAXpNDUuV8M3uyq5ppump,2026-08-15T12:00:00Z,2026-08-15T11:00:00Z,2026-08-15T12:00:00Z,0.01561837782314623,68044373.089297,1062742.7276477644,26,258718.48288799822,0.3816714382862018,4040.7630155759484,17616893.9507943,588226.6092511985,21.0,43477.21428720788,0.002467927343415018,0.3908784132211851,0.38167143828620187,7.257682960508638,1.3907005867831002,16.228989030027165,1.8918274812242064,4.829514788534017,2.2465840256362446,accumulation,True,4.467364705600407,4.467364705600407,4.467364705600407,True,15.108246133797776,15.108246133797776,2.2703602135957457,True,18.476331347920127,18.476331347920127,2.2703602135957457,False,,,
2026-08-16-seven-token-pilot,momentum,solana,CATE,Ai66LHZG9MCzg1WKdawwqduVAXpNDUuV8M3uyq5ppump,2026-08-15T13:00:00Z,2026-08-15T12:00:00Z,2026-08-15T13:00:00Z,0.016316107721604786,68506405.19907,1117757.8868479324,27,462032.10977301,0.6790158962397511,7538.565673896759,17616893.9507943,588226.6092511985,21.0,43477.21428720788,0.002467927343415018,4.467364705600407,0.6790158962397541,10.919271974422173,1.9212012912972476,18.97496286068794,2.4233838461480195,6.529821188349438,2.9408545845324374,accumulation,True,-2.1030534255324973,-2.1030534255324973,-2.1030534255324973,True,8.72846323173684,10.185842687029044,-2.1030534255324973,True,9.885985457140523,13.409897609457655,-2.1030534255324973,False,,,
2026-08-16-seven-token-pilot,momentum,solana,CATE,Ai66LHZG9MCzg1WKdawwqduVAXpNDUuV8M3uyq5ppump,2026-08-15T14:00:00Z,2026-08-15T13:00:00Z,2026-08-15T14:00:00Z,0.015972971259252004,68624664.873586,1096139.7997015899,26,118259.6745159924,0.1726257189708705,1888.9583821724434,17616893.9507943,588226.6092511985,21.0,43477.21428720788,0.002467927343415018,-2.1030534255324973,0.17262571897087575,10.240268929415208,1.8903021263331654,17.744125627682838,2.472178793348312,7.448285026057921,3.118556974873754,accumulation,True,4.879101939086983,4.879101939086983,4.879101939086983,True,9.435855551536587,12.552890097765946,4.879101939086983,True,8.490351581912158,15.846205196185426,4.774270154625837,False,,,
2026-08-16-seven-token-pilot,momentum,solana,CATE,Ai66LHZG9MCzg1WKdawwqduVAXpNDUuV8M3uyq5ppump,2026-08-15T15:00:00Z,2026-08-15T14:00:00Z,2026-08-15T15:00:00Z,0.016752308809691974,69307120.97939399,1161054.2933574896,27,682456.1058079898,0.9944764132038346,11432.715433555266,17616893.9507943,588226.6092511985,21.0,43477.21428720788,0.002467927343415018,4.879101939086983,0.9944764132038264,7.679492447810232,2.2445256032699534,15.569428446877854,3.512879988361939,14.881071301860027,4.144046701625026,accumulation,True,7.316794305824481,7.316794305824481,7.316794305824481,True,2.0294791833571635,7.316794305824481,2.0294791833571635,True,1.0135678081913069,10.456900425661608,-0.09995488378801154,False,,,
2026-08-16-seven-token-pilot,momentum,solana,CATE,Ai66LHZG9MCzg1WKdawwqduVAXpNDUuV8M3uyq5ppump,2026-08-15T17:00:00Z,2026-08-15T16:00:00Z,2026-08-15T17:00:00Z,0.017740253184935634,69763176.75608,1237616.4186382755,27,456055.77668601274,0.6580215282952018,8090.544944862332,17616893.9507943,588226.6092511985,21.0,43477.21428720788,0.002467927343415018,-1.3226558147145573,0.658021528295194,8.72846323173684,1.834531462215816,25.6040653445762,4.070754991303804,22.58380893917149,4.826648981355142,accumulation,True,-1.4661314450293172,-1.4661314450293172,-1.4661314450293172,True,-2.5229753856689685,-1.1696602156051505,-3.652483132368567,True,-2.286746974516607,4.305619925615178,-5.663330255620824,False,,,
2026-08-16-seven-token-pilot,momentum,solana,CATE,Ai66LHZG9MCzg1WKdawwqduVAXpNDUuV8M3uyq5ppump,2026-08-15T18:00:00Z,2026-08-15T17:00:00Z,2026-08-15T18:00:00Z,0.017480157754563477,69854411.055831,1221066.125108049,27,91234.29975099862,0.13077715779771648,1594.7899522745872,17616893.9507943,588226.6092511985,21.0,43477.21428720788,0.002467927343415018,-1.4661314450293172,0.13077715779772348,9.435855551536587,1.7919886159157628,17.794858366091248,4.20685576678006,22.68248973158624,4.963738293507536,accumulation,True,-2.218883435109942,-2.218883435109942,-2.218883435109942,True,-4.259650891764133,0.3008825632972778,-4.259650891764133,True,1.3242598880743417,5.857631954665932,-4.259650891764133,False,,,
2026-08-16-seven-token-pilot,momentum,solana,CATE,Ai66LHZG9MCzg1WKdawwqduVAXpNDUuV8M3uyq5ppump,2026-08-15T20:00:00Z,2026-08-15T19:00:00Z,2026-08-15T20:00:00Z,0.017532752501283815,69854495.98345101,1224741.5891797708,27,84.92762000858784,0.00012157803455061643,1.4890149421336498,17616893.9507943,588226.6092511985,21.0,43477.21428720788,0.002467927343415018,2.5769454133151015,0.00012157803455092875,-2.4768454514656146,0.7897817660320383,20.40446392715991,4.087905661265867,23.488062600035953,4.881011183029016,accumulation,True,-1.369331698156817,-1.369331698156817,-1.369331698156817,True,5.540080255886015,5.540080255886015,-4.546852767903986,True,2.0207776263624355,5.540080255886015,-4.546852767903986,False,,,
2026-08-16-seven-token-pilot,momentum,solana,CATE,Ai66LHZG9MCzg1WKdawwqduVAXpNDUuV8M3uyq5ppump,2026-08-15T22:00:00Z,2026-08-15T21:00:00Z,2026-08-15T22:00:00Z,0.016735564058889436,69899863.259433,1169813.6392858531,27,45367.27598199248,0.06494539162195127,759.2469533739513,17616893.9507943,588226.6092511985,21.0,43477.21428720788,0.002467927343415018,-3.221635952037638,0.06494539162196222,-4.259650891764133,0.06506704861584112,15.503437187291524,3.783649788493837,17.600105591533797,4.7839206811172375,accumulation,True,6.947404100895205,6.947404100895205,6.947404100895205,True,3.5467500005508246,10.567417959790726,3.5467500005508246,False,,,,False,,,
2026-08-16-seven-token-pilot,momentum,solana,CATE,Ai66LHZG9MCzg1WKdawwqduVAXpNDUuV8M3uyq5ppump,2026-08-15T23:00:00Z,2026-08-15T22:00:00Z,2026-08-15T23:00:00Z,0.017898251322624664,69966179.67360401,1252272.267882078,27,66316.41417101026,0.09487345336410345,1186.9478476480092,17616893.9507943,588226.6092511985,21.0,43477.21428720788,0.002467927343415018,6.947404100895205,0.09487345336409714,4.7153291407170395,0.1600022333359652,15.045313456050646,3.2167942905560576,29.06352106963348,4.79605038734483,accumulation,True,3.3848543490409444,3.3848543490409444,3.3848543490409444,True,-5.453865219083931,3.3848543490409444,-5.453865219083931,False,,,,False,,,
2026-08-16-seven-token-pilot,momentum,solana,CATE,Ai66LHZG9MCzg1WKdawwqduVAXpNDUuV8M3uyq5ppump,2026-08-16T01:00:00Z,2026-08-16T00:00:00Z,2026-08-16T01:00:00Z,0.017929115758134016,69987206.977673,1254808.735491184,27,21027.3040689826,0.03005352609943276,377.00096873427145,17616893.9507943,588226.6092511985,21.0,43477.21428720788,0.002467927343415018,-3.107235106103534,0.030053526099438344,3.6804308353797,0.18998203673736835,9.885985457140523,2.1615523020073635,30.736810386733882,4.6373188574682755,accumulation,True,-3.3464175756773518,-3.3464175756773518,-3.3464175756773518,True,-3.31604349147423,0.2122580111208583,-5.616623556916645,False,,,,False,,,
2026-08-16-seven-token-pilot,momentum,solana,CATE,Ai66LHZG9MCzg1WKdawwqduVAXpNDUuV8M3uyq5ppump,2026-08-16T02:00:00Z,2026-08-16T01:00:00Z,2026-08-16T02:00:00Z,0.017329132677240282,69961818.370397,1212377.632881596,26,-25388.607275992632,-0.036276068687941775,-439.9625439760243,17616893.9507943,588226.6092511985,21.0,43477.21428720788,0.002467927343415018,-3.3464175756773518,-0.03627606868794597,3.5467500005508246,0.08863409465345029,8.490351581912158,1.9485027712327296,27.741015860521443,4.468852036879278,distribution,True,-2.348806867057207,-2.348806867057207,-2.348806867057207,True,2.207310671360796,3.681886897037212,-2.348806867057207,False,,,,False,,,
2026-08-16-seven-token-pilot,momentum,solana,CATE,Ai66LHZG9MCzg1WKdawwqduVAXpNDUuV8M3uyq5ppump,2026-08-16T03:00:00Z,2026-08-16T02:00:00Z,2026-08-16T03:00:00Z,0.016922104818915807,69834499.530314,1181746.7210285002,26,-127318.84008300304,-0.1819833204004823,-2154.5027573073567,17616893.9507943,588226.6092511985,21.0,43477.21428720788,0.002467927343415018,-2.348806867057207,-0.1819833204004806,-5.453865219083931,-0.188205421396892,1.0135678081913069,0.7609298200062398,16.740802969726087,4.300540359740657,distribution,True,6.175750209098019,6.175750209098019,6.175750209098019,True,4.112444467308252,6.175750209098019,2.4374843877615904,False,,,,False,,,
2026-08-16-seven-token-pilot,momentum,solana,CATE,Ai66LHZG9MCzg1WKdawwqduVAXpNDUuV8M3uyq5ppump,2026-08-16T04:00:00Z,2026-08-16T03:00:00Z,2026-08-16T04:00:00Z,0.017967171742653786,69839551.022849,1254819.20765736,26,5051.492534995079,0.007233520063822194,90.76103393299013,17616893.9507943,588226.6092511985,21.0,43477.21428720788,0.002467927343415018,6.175750209098019,0.00723352006382072,-2.9015724504197427,-0.18098551520998596,-0.060457333748298314,0.7682183820812538,25.962184077882043,4.185527000629619,accumulation,True,-3.520828262550013,-3.520828262550013,-3.520828262550013,True,-0.4459316284505799,-0.4459316284505799,-3.520828262550013,False,,,,False,,,
2026-08-16-seven-token-pilot,momentum,solana,CATE,Ai66LHZG9MCzg1WKdawwqduVAXpNDUuV8M3uyq5ppump,2026-08-16T05:00:00Z,2026-08-16T04:00:00Z,2026-08-16T05:00:00Z,0.017334578481957533,69839593.48258299,1210639.9143718446,26,42.45973399281502,6.079611534003665e-05,0.736021591221492,17616893.9507943,588226.6092511985,21.0,43477.21428720788,0.002467927343415018,-3.520828262550013,6.079611534204332e-05,-3.31604349147423,-0.2109149678413358,-2.286746974516607,0.10953733768483964,22.731818180439234,4.18475132562981,accumulation,True,2.1752013786444646,2.1752013786444646,2.1752013786444646,True,7.962214457401595,7.962214457401595,1.6351046587656848,False,,,,False,,,
2026-08-16-seven-token-pilot,momentum,solana,CATE,Ai66LHZG9MCzg1WKdawwqduVAXpNDUuV8M3uyq5ppump,2026-08-16T09:00:00Z,2026-08-16T08:00:00Z,2026-08-16T09:00:00Z,0.018714794795977582,69705699.85789299,1304527.8689504713,25,-133893.62468999624,-0.1917159279046884,-2505.791710562917,17616893.9507943,588226.6092511985,21.0,43477.21428720788,0.002467927343415018,4.627617938392281,-0.19171592790468983,7.962214457401595,-0.19171592790468983,8.22385295618291,-0.21300865959045234,27.22589537527078,3.705465871730018,distribution,False,,,,False,,,,False,,,,False,,,
2026-08-16-seven-token-pilot,early,solana,TOAD,A13oRB9FFaiUjfi6LdCg6p9ka1u8SfGkUFs4SKvPpump,2026-08-12T12:00:00Z,2026-08-12T11:00:00Z,2026-08-12T12:00:00Z,0.013049000211396076,28151956.736962996,367354.8894118433,17,14579.62858999893,0.051815876561075724,190.24957655297231,6801824.64329852,351701.194409072,8.0,15840.557576656207,0.002328868856133049,-2.554246344554467,0.051815876561067675,,,,,,,accumulation,True,-14.727214261023603,-14.727214261023603,-14.727214261023603,True,-27.894115102070906,-14.727214261023603,-27.894115102070906,True,-24.348848809072308,-14.727214261023603,-29.849726408432865,True,-33.28529384189831,-14.727214261023603,-33.28529384189831
2026-08-16-seven-token-pilot,early,solana,TOAD,A13oRB9FFaiUjfi6LdCg6p9ka1u8SfGkUFs4SKvPpump,2026-08-12T13:00:00Z,2026-08-12T12:00:00Z,2026-08-12T13:00:00Z,0.011127245991342353,28225117.566439997,314067.8262963362,16,73160.82947700098,0.2598783102736947,814.0785465212406,6801824.64329852,351701.194409072,8.0,15840.557576656207,0.002328868856133049,-14.727214261023603,0.2598783102736979,,,,,,,accumulation,True,-10.228907398022702,-10.228907398022702,-10.228907398022702,True,-17.417878555976152,-10.228907398022702,-17.417878555976152,True,-11.468461012186214,-8.220477253935265,-17.73427713936766,True,-21.40676654032223,-8.220477253935265,-21.763191409838267
2026-08-16-seven-token-pilot,early,solana,TOAD,A13oRB9FFaiUjfi6LdCg6p9ka1u8SfGkUFs4SKvPpump,2026-08-12T14:00:00Z,2026-08-12T13:00:00Z,2026-08-12T14:00:00Z,0.00998905030293775,28743358.13592,287118.8502950598,17,518240.5694800019,1.8360971154862298,5176.731117558846,6801824.64329852,351701.194409072,8.0,15840.557576656207,0.002328868856133049,-10.228907398022702,1.8360971154862238,,,,,,,accumulation,True,-4.014623486402047,-4.014623486402047,-4.014623486402047,True,-6.891006150224199,-4.014623486402047,-8.008113691817886,True,-5.9902638122552805,2.2372793801143986,-8.360564101210066,True,-13.196009385812669,2.2372793801143986,-13.196009385812669
2026-08-16-seven-token-pilot,early,solana,TOAD,A13oRB9FFaiUjfi6LdCg6p9ka1u8SfGkUFs4SKvPpump,2026-08-12T18:00:00Z,2026-08-12T17:00:00Z,2026-08-12T18:00:00Z,0.009300704232213321,28939706.501903,269159.65074126056,17,196348.3659830019,0.6831086508908271,1826.1780784862758,6801824.64329852,351701.194409072,8.0,15840.557576656207,0.002328868856133049,1.214354424531816,0.6831086508908291,-6.891006150224199,0.6831086508908291,,,,,accumulation,True,1.4631661059165468,1.4631661059165468,1.4631661059165468,True,-1.5783200851218426,4.548653755973797,-1.5783200851218426,True,6.099225243253392,9.803870875316711,-1.5783200851218426,True,3.2887333410472452,9.803870875316711,-6.771637169402888
2026-08-16-seven-token-pilot,early,solana,TOAD,A13oRB9FFaiUjfi6LdCg6p9ka1u8SfGkUFs4SKvPpump,2026-08-12T19:00:00Z,2026-08-12T18:00:00Z,2026-08-12T19:00:00Z,0.009436788984150613,29103192.071543,274640.6823443565,17,163485.56963999942,0.5649178564725562,1542.7788226463344,6801824.64329852,351701.194409072,8.0,15840.557576656207,0.002328868856133049,1.4631661059165468,0.5649178564725466,-1.577368844344551,1.2518855101113724,,,,,accumulation,True,-1.4276853525377775,-1.4276853525377775,-1.4276853525377775,True,8.220426278333726,8.220426278333726,-2.997625944240112,True,-1.4130679933752721,8.220426278333726,-2.997625944240112,True,-4.530263690480951,8.220426278333726,-8.11605195399009
2026-08-16-seven-token-pilot,early,solana,TOAD,A13oRB9FFaiUjfi6LdCg6p9ka1u8SfGkUFs4SKvPpump,2026-08-12T20:00:00Z,2026-08-12T19:00:00Z,2026-08-12T20:00:00Z,0.009302061330073996,29525616.128999002,274649.09204017074,17,422424.05745600164,1.4514698470792364,3929.414489754429,6801824.64329852,351701.194409072,8.0,15840.557576656207,0.002328868856133049,-1.4276853525377775,1.4514698470792453,-1.137577196388606,2.721526097889826,,,,,accumulation,True,4.5334009265939335,4.5334009265939335,4.5334009265939335,True,6.123992613465079,9.787851350937004,-1.5926790370269117,True,0.3573863231917551,9.787851350937004,-1.5926790370269117,True,-0.2777021675664293,9.787851350937004,-6.785238457038201
2026-08-16-seven-token-pilot,early,solana,TOAD,A13oRB9FFaiUjfi6LdCg6p9ka1u8SfGkUFs4SKvPpump,2026-08-12T22:00:00Z,2026-08-12T21:00:00Z,2026-08-12T22:00:00Z,0.009153909349258521,29528221.818136,270298.6657680147,17,2605.6891369968653,0.008825181244694334,23.852242152416974,6801824.64329852,351701.194409072,8.0,15840.557576656207,0.002328868856133049,-5.8604043390138365,0.008825181244698221,-1.5783200851218426,2.0335911706440335,,,,,accumulation,True,11.56471924710354,11.56471924710354,11.56471924710354,True,2.5865505016559043,11.56471924710354,2.5865505016559043,True,-3.0107601692979324,11.56471924710354,-3.0107601692979324,True,3.869418278344039,11.56471924710354,-5.276598701396473
2026-08-16-seven-token-pilot,early,solana,TOAD,A13oRB9FFaiUjfi6LdCg6p9ka1u8SfGkUFs4SKvPpump,2026-08-13T00:00:00Z,2026-08-12T23:00:00Z,2026-08-13T00:00:00Z,0.009871718878827719,29575660.794338,291962.60901727126,17,47438.97620199993,0.1606563933791072,468.3042369655416,6801824.64329852,351701.194409072,8.0,15840.557576656207,0.002328868856133049,-3.337216907324647,0.16065639337909943,6.123992613465079,0.16949575284170848,-24.348848809072308,5.057211726621147,,,accumulation,True,-0.2086440668067735,-0.2086440668067735,-0.2086440668067735,True,-5.227051874393873,-0.2086440668067735,-5.227051874393873,True,-11.812701977623941,-0.037923955583207825,-11.812701977623941,True,0.10694655065959235,1.4841094038630542,-12.164290800405997
2026-08-16-seven-token-pilot,early,solana,TOAD,A13oRB9FFaiUjfi6LdCg6p9ka1u8SfGkUFs4SKvPpump,2026-08-13T02:00:00Z,2026-08-13T01:00:00Z,2026-08-13T02:00:00Z,0.009390679837452894,29520462.773544,277217.2145597984,16,-55198.02079400048,-0.1866332629990389,-518.3469409375259,6801824.64329852,351701.194409072,8.0,15840.557576656207,0.002328868856133049,-4.674008502674387,-0.18663326299903638,2.5865505016559043,-0.026276707889116846,-5.9902638122552805,2.7035972413149256,,,distribution,True,1.3926165364237075,1.3926165364237075,1.3926165364237075,True,5.082649002560169,5.082649002560169,-0.3722928043654483,True,-7.664892877868478,5.082649002560169,-7.664892877868478,True,-2.137798535591673,6.682648758565768,-7.664892877868478
2026-08-16-seven-token-pilot,early,solana,TOAD,A13oRB9FFaiUjfi6LdCg6p9ka1u8SfGkUFs4SKvPpump,2026-08-13T03:00:00Z,2026-08-13T02:00:00Z,2026-08-13T03:00:00Z,0.00952145599775187,29135143.332975,277408.98523311527,15,-385319.44056899846,-1.305262195666928,-3668.802098456086,6801824.64329852,351701.194409072,8.0,15840.557576656207,0.002328868856133049,1.3926165364237075,-1.305262195666923,-6.76695242901435,-1.3311959236216975,-0.6943195078887632,1.3630460129339994,,,distribution,True,-1.740668503366949,-1.740668503366949,-1.740668503366949,True,-2.2897260501978822,3.639350272424302,-2.2897260501978822,True,-4.300131098997573,3.639350272424302,-8.933105509747275,True,-1.9551759570007432,5.217374206179692,-8.933105509747275
2026-08-16-seven-token-pilot,early,solana,TOAD,A13oRB9FFaiUjfi6LdCg6p9ka1u8SfGkUFs4SKvPpump,2026-08-13T04:00:00Z,2026-08-13T03:00:00Z,2026-08-13T04:00:00Z,0.00935571901213706,28975658.671691,271088.1207239336,15,-159484.66128399968,-0.5473961787704534,-1492.0936777189552,6801824.64329852,351701.194409072,8.0,15840.557576656207,0.002328868856133049,-1.740668503366949,-0.547396178770454,-5.227051874393873,-2.0287023401413307,-0.567302688132032,0.8081885723738802,,,distribution,True,1.7188172999827556,1.7188172999827556,1.7188172999827556,True,-0.21819153683420023,5.475326051832141,-0.5587841261160409,True,5.092764067589672,5.475326051832141,-7.319851353381923,True,2.9800691021647507,7.08130475097426,-7.319851353381923
2026-08-16-seven-token-pilot,early,solana,TOAD,A13oRB9FFaiUjfi6LdCg6p9ka1u8SfGkUFs4SKvPpump,2026-08-13T12:00:00Z,2026-08-13T11:00:00Z,2026-08-13T12:00:00Z,0.008705602147602961,30195296.804293,262868.24070696195,16,1219638.1326019987,4.2091817356807,10617.684346478425,6801824.64329852,351701.194409072,8.0,15840.557576656207,0.002328868856133049,-4.69962106655315,4.2091817356807,-6.745397555602317,4.2091817356807,-11.812701977623941,2.095087627166814,-33.28529384189831,7.258252370952012,accumulation,True,0.4555718413606913,0.4555718413606913,0.4555718413606913,True,12.94088038423704,12.94088038423704,-0.3986841990474055,True,13.516287260846948,15.077921287613494,-0.3986841990474055,True,11.331822213162134,15.077921287613494,-0.3986841990474055
2026-08-16-seven-token-pilot,early,solana,TOAD,A13oRB9FFaiUjfi6LdCg6p9ka1u8SfGkUFs4SKvPpump,2026-08-13T13:00:00Z,2026-08-13T12:00:00Z,2026-08-13T13:00:00Z,0.008745262419608331,30166219.321383998,263811.5041729623,15,-29077.48290900141,-0.09629805296322616,-254.29021854089356,6801824.64329852,351701.194409072,8.0,15840.557576656207,0.002328868856133049,0.4555718413606913,-0.09629805296322846,-3.967628804355239,4.1088303226603395,-11.225723218822626,1.9967720456107507,-21.40676654032223,6.877214064298509,distribution,True,-0.8503819397465806,-0.8503819397465806,-0.8503819397465806,True,14.556036243907311,14.556036243907311,-0.8503819397465806,True,3.6563319988096143,14.556036243907311,-0.8503819397465806,True,6.712032134167889,14.556036243907311,-0.8503819397465806
2026-08-16-seven-token-pilot,early,solana,TOAD,A13oRB9FFaiUjfi6LdCg6p9ka1u8SfGkUFs4SKvPpump,2026-08-13T14:00:00Z,2026-08-13T13:00:00Z,2026-08-13T14:00:00Z,0.008670894287408536,30203999.622195996,261895.68778098884,15,37780.300811998546,0.1252404234335628,327.5889944873343,6801824.64329852,351701.194409072,8.0,15840.557576656207,0.002328868856133049,-0.8503819397465806,0.12524042343355912,-2.33617516340332,4.239216662588152,-7.664892877868478,2.3154679311619075,-13.196009385812669,5.081666099587245,accumulation,True,5.087440871551396,5.087440871551396,5.087440871551396,True,10.791104986720178,15.538555251207708,5.087440871551396,True,5.985907759836273,15.538555251207708,3.9025187094851255,True,12.573980547306984,15.538555251207708,1.3905745155080362
2026-08-16-seven-token-pilot,early,solana,TOAD,A13oRB9FFaiUjfi6LdCg6p9ka1u8SfGkUFs4SKvPpump,2026-08-13T15:00:00Z,2026-08-13T14:00:00Z,2026-08-13T15:00:00Z,0.009112020907315173,30543495.579083998,278312.97029910196,16,339495.9568880014,1.124009936215587,3093.4942571124393,6801824.64329852,351701.194409072,8.0,15840.557576656207,0.002328868856133049,5.087440871551396,1.1240099362155975,-0.2505477974628745,5.4108758153089465,-4.300131098997573,4.8338607090874675,-4.9645939578012115,6.262794467687494,accumulation,True,7.90343666088944,7.90343666088944,7.90343666088944,True,-1.127558300248832,9.945160233210682,-1.127558300248832,True,2.4503222093466004,9.945160233210682,-1.127558300248832,True,6.018319318323173,9.945160233210682,-3.517895502434054
2026-08-16-seven-token-pilot,early,solana,TOAD,A13oRB9FFaiUjfi6LdCg6p9ka1u8SfGkUFs4SKvPpump,2026-08-13T17:00:00Z,2026-08-13T16:00:00Z,2026-08-13T17:00:00Z,0.010018225987031325,30105054.225488998,301599.23658278113,15,-438441.35359499976,-1.4354655394952298,-4392.404562374617,6801824.64329852,351701.194409072,8.0,15840.557576656207,0.002328868856133049,1.8921765937240709,-1.4354655394952287,14.556036243907311,-0.20276023071821303,5.271873575935104,3.897739018100066,9.022741766635157,4.737428671799182,distribution,True,-4.108974925439801,-4.108974925439801,-4.108974925439801,True,-3.927270641629721,-3.927270641629721,-10.071128651750172,True,-7.319038926217791,-1.3570231450945047,-10.071128651750172,True,-8.569702362467147,1.1948262364403828,-12.245246363812212
2026-08-16-seven-token-pilot,early,solana,TOAD,A13oRB9FFaiUjfi6LdCg6p9ka1u8SfGkUFs4SKvPpump,2026-08-13T18:00:00Z,2026-08-13T17:00:00Z,2026-08-13T18:00:00Z,0.009606579593250314,30287606.353365,290960.30112263473,15,182552.12787600234,0.6063836540823807,1753.7015463580258,6801824.64329852,351701.194409072,8.0,15840.557576656207,0.002328868856133049,-4.108974925439801,0.6063836540823875,10.791104986720178,0.276806820999842,-2.6489278274770878,4.527757924467002,3.2887333410472452,4.657614103216168,accumulation,True,-6.217634780392112,-6.217634780392112,-6.217634780392112,True,-1.0249975185519955,0.18949039669644563,-6.217634780392112,True,-7.608020863043919,2.8698741912556613,-7.608020863043919,True,-10.104123050965185,5.531071503048612,-10.104123050965185
2026-08-16-seven-token-pilot,early,solana,TOAD,A13oRB9FFaiUjfi6LdCg6p9ka1u8SfGkUFs4SKvPpump,2026-08-13T19:00:00Z,2026-08-13T18:00:00Z,2026-08-13T19:00:00Z,0.009009277559254332,30409292.524774,273965.75673624687,15,121686.17140899971,0.4017688621190106,1096.3044933466772,6801824.64329852,351701.194409072,8.0,15840.557576656207,0.002328868856133049,-6.217634780392112,0.40176886211900076,-1.127558300248832,-0.43938341622528077,-3.161875142738202,4.9477179080786415,-4.530263690480951,4.487825424854686,accumulation,True,2.963076041579793,2.963076041579793,2.963076041579793,True,8.977609869283466,8.977609869283466,2.963076041579793,True,-0.6539066477114219,9.689997634808822,-1.4825666631418155,True,-7.477421339776502,12.527628468240337,-7.477421339776502
2026-08-16-seven-token-pilot,early,solana,TOAD,A13oRB9FFaiUjfi6LdCg6p9ka1u8SfGkUFs4SKvPpump,2026-08-13T21:00:00Z,2026-08-13T20:00:00Z,2026-08-13T21:00:00Z,0.009624783139030525,30470906.697883,293275.8690167566,15,61614.173108998686,0.20261626625743606,593.0230544647985,6801824.64329852,351701.194409072,8.0,15840.557576656207,0.002328868856133049,3.7574948125014718,0.20261626625743823,-3.927270641629721,1.215252660412891,5.690453040328314,5.160359055626373,-1.0178975492690534,3.2015947262674205,accumulation,True,-1.2121909298467681,-1.2121909298467681,-1.2121909298467681,True,-5.8158701667180175,2.675314330820844,-5.8158701667180175,True,-6.720267335660868,2.675314330820844,-8.657998765867047,True,-17.406577731399086,5.331478466655892,-17.420303810316984
2026-08-16-seven-token-pilot,early,solana,TOAD,A13oRB9FFaiUjfi6LdCg6p9ka1u8SfGkUFs4SKvPpump,2026-08-13T22:00:00Z,2026-08-13T21:00:00Z,2026-08-13T22:00:00Z,0.009508112390801775,30596575.382437,290915.6775098499,16,125668.68455399945,0.4124218744128491,1194.8719767436419,6801824.64329852,351701.194409072,8.0,15840.557576656207,0.002328868856133049,-1.2121909298467681,0.4124218744128383,-1.0249975185519955,1.0201170256482595,7.093754378992512,5.594063379582881,3.869418278344039,3.6180761946350115,accumulation,True,3.2601945267621613,3.2601945267621613,3.2601945267621613,True,-3.346472531223632,3.935207488918957,-4.6601693875020445,True,-4.095420874049626,3.935207488918957,-7.537172760591049,True,-14.534982464198087,6.623964493286549,-16.40699701008671
2026-08-16-seven-token-pilot,early,solana,TOAD,A13oRB9FFaiUjfi6LdCg6p9ka1u8SfGkUFs4SKvPpump,2026-08-13T23:00:00Z,2026-08-13T22:00:00Z,2026-08-13T23:00:00Z,0.00981809535056509,30215077.320739,296654.5101597122,16,-381498.06169799715,-1.2468652355027423,-3745.5843458066997,6801824.64329852,351701.194409072,8.0,15840.557576656207,0.002328868856133049,3.2601945267621613,-1.2468652355027476,8.977609869283466,-0.6386705770177858,7.478861479007137,4.277447712548121,-3.862292585100635,2.326098424867351,distribution,True,0.6537010367357432,0.6537010367357432,0.6537010367357432,True,-4.917456533052311,0.6537010367357432,-7.6702973014557525,True,0.9649433265143559,0.9649433265143559,-10.456466150230648,True,-17.900287286939655,3.257566947205981,-19.046246839823343
2026-08-16-seven-token-pilot,early,solana,TOAD,A13oRB9FFaiUjfi6LdCg6p9ka1u8SfGkUFs4SKvPpump,2026-08-14T00:00:00Z,2026-08-13T23:00:00Z,2026-08-14T00:00:00Z,0.009882276341659437,30114342.722231,297598.25662852754,16,-100734.59850800037,-0.33339182765836656,-995.4871396221741,6801824.64329852,351701.194409072,8.0,15840.557576656207,0.002328868856133049,0.6537010367357432,-0.33339182765836917,6.5333339405210245,-0.9699331291667113,13.516287260846948,-0.26810162717291197,0.10694655065959235,1.8213690359747625,distribution,True,-8.269937669905925,-8.269937669905925,-8.269937669905925,True,-2.507017911570819,-2.507017911570819,-8.269937669905925,True,-1.924362662306922,0.30922090948748426,-11.038011590762565,True,-18.81496724843903,2.5869549590828322,-19.57200547386644
2026-08-16-seven-token-pilot,early,solana,TOAD,A13oRB9FFaiUjfi6LdCg6p9ka1u8SfGkUFs4SKvPpump,2026-08-14T01:00:00Z,2026-08-14T00:00:00Z,2026-08-14T01:00:00Z,0.009065018247836343,30029114.239783,272214.46854999504,14,-85228.48244800046,-0.2830162465577677,-772.5977486265236,6801824.64329852,351701.194409072,8.0,15840.557576656207,0.002328868856133049,-8.269937669905925,-0.2830162465577657,-5.8158701667180175,-1.4498828750989956,3.6563319988096143,-0.45449872302628647,-7.97984093016062,1.5331980191354289,distribution,True,1.3779097863282797,1.3779097863282797,1.3779097863282797,True,2.426579555316355,6.282476662445746,1.3779097863282797,True,2.9479145908745563,9.352613921182119,-3.017630044658237,True,-9.3687169786832,11.835697429180648,-12.321007439512687
2026-08-16-seven-token-pilot,early,solana,TOAD,A13oRB9FFaiUjfi6LdCg6p9ka1u8SfGkUFs4SKvPpump,2026-08-14T03:00:00Z,2026-08-14T02:00:00Z,2026-08-14T03:00:00Z,0.009335294779327421,30354876.387686,283371.71906909434,15,325762.1479029991,1.0848210350188243,3041.0856786213544,6801824.64329852,351701.194409072,8.0,15840.557576656207,0.002328868856133049,1.5818272920053555,1.0848210350188348,-4.917456533052311,0.4626798252508335,2.4503222093466004,-0.6175429099450014,-1.9551759570007432,4.186466635056885,accumulation,True,3.2053741359975296,3.2053741359975296,3.2053741359975296,True,-4.12337793334856,3.2053741359975296,-4.923098591104392,True,3.4826607003594967,6.186624426608334,-5.825474808742149,True,-11.977199208011024,8.597817414402753,-14.859499747903183
2026-08-16-seven-token-pilot,early,solana,TOAD,A13oRB9FFaiUjfi6LdCg6p9ka1u8SfGkUFs4SKvPpump,2026-08-14T04:00:00Z,2026-08-14T03:00:00Z,2026-08-14T04:00:00Z,0.00963452590370311,30122638.097508997,290217.33703832456,14,-232238.29017700255,-0.7650773708016619,-2237.5058225420507,6801824.64329852,351701.194409072,8.0,15840.557576656207,0.002328868856133049,3.2053741359975296,-0.7650773708016589,-2.507017911570819,0.027546260446431603,-2.0103143962091896,-1.377895599687684,2.9800691021647507,3.958423995857552,distribution,True,-3.6279706949018276,-3.6279706949018276,-3.6279706949018276,True,-8.75036694585245,-3.6279706949018276,-8.75036694585245,True,5.224963645109604,5.224963645109604,-8.75036694585245,True,-14.728427042566672,5.224963645109604,-17.503811245426004
2026-08-16-seven-token-pilot,early,solana,TOAD,A13oRB9FFaiUjfi6LdCg6p9ka1u8SfGkUFs4SKvPpump,2026-08-14T07:00:00Z,2026-08-14T06:00:00Z,2026-08-14T07:00:00Z,0.008950365294383594,30122588.439255998,269608.1701437173,14,-49.658252999186516,-0.00016485359893924107,-0.444459504223639,6801824.64329852,351701.194409072,8.0,15840.557576656207,0.002328868856133049,0.8411303333461406,-0.00016485359893847473,-4.12337793334856,-0.7652409631430213,-0.6539066477114219,-0.9428173486260127,-3.795106078698929,3.95825261665419,distribution,True,-1.77529916960395,-1.77529916960395,-1.77529916960395,True,10.753405927035665,10.753405927035665,-1.77529916960395,True,-6.868427798029653,13.268297394653516,-6.868427798029653,True,-13.637511398084678,13.268297394653516,-13.637511398084678
2026-08-16-seven-token-pilot,early,solana,TOAD,A13oRB9FFaiUjfi6LdCg6p9ka1u8SfGkUFs4SKvPpump,2026-08-14T11:00:00Z,2026-08-14T10:00:00Z,2026-08-14T11:00:00Z,0.009912834406441183,31217883.14608,309457.706146722,15,1095294.706824001,3.6361241300120284,10857.475054997865,6801824.64329852,351701.194409072,8.0,15840.557576656207,0.002328868856133049,8.708674635728197,3.6361241300120195,10.753405927035665,3.6361241300120195,0.9649433265143559,3.318892136849483,8.515971580262427,7.738303725187223,accumulation,True,-2.2266981555064125,-2.2266981555064125,-2.2266981555064125,True,-2.5464259183770377,-1.5299716694328835,-5.8569238545352675,True,-18.68493161279259,2.2707125316531185,-19.819938987756125,True,-22.928037338129126,2.2707125316531185,-24.153977428162122
2026-08-16-seven-token-pilot,early,solana,TOAD,A13oRB9FFaiUjfi6LdCg6p9ka1u8SfGkUFs4SKvPpump,2026-08-14T12:00:00Z,2026-08-14T11:00:00Z,2026-08-14T12:00:00Z,0.009692105505554553,30901014.680861,299495.894515595,15,-316868.4652189985,-1.0150222670007891,-3071.1225962856765,6801824.64329852,351701.194409072,8.0,15840.557576656207,0.002328868856133049,-2.2266981555064125,-1.015022267000787,10.244430336394462,2.5841943934358236,-1.924362662306922,2.6122833424794045,11.331822213162134,2.3371781411589465,distribution,True,-3.712900792491036,-3.712900792491036,-3.712900792491036,True,4.599835131181895,4.599835131181895,-3.712900792491036,True,-17.22201868337041,4.599835131181895,-17.99391091469059,True,-17.847073898964837,4.599835131181895,-22.42665314456762
2026-08-16-seven-token-pilot,early,solana,TOAD,A13oRB9FFaiUjfi6LdCg6p9ka1u8SfGkUFs4SKvPpump,2026-08-14T13:00:00Z,2026-08-14T12:00:00Z,2026-08-14T13:00:00Z,0.00933224724342975,31141417.749463998,290619.4099489297,15,240403.0686029978,0.7779779113593154,2243.5008742823793,6801824.64329852,351701.194409072,8.0,15840.557576656207,0.002328868856133049,-3.712900792491036,0.7779779113593177,3.9460499826170725,3.3822767663626685,2.9479145908745563,3.704083646288181,6.712032134167889,3.2327499103896873,accumulation,True,4.5961448916504555,4.5961448916504555,4.5961448916504555,True,-1.8490016497133666,8.633281085514977,-1.8490016497133666,True,-11.963944698156626,8.633281085514977,-14.831696291340613,True,-15.202858015997789,8.633281085514977,-19.43536829554544
2026-08-16-seven-token-pilot,early,solana,TOAD,A13oRB9FFaiUjfi6LdCg6p9ka1u8SfGkUFs4SKvPpump,2026-08-14T14:00:00Z,2026-08-14T13:00:00Z,2026-08-14T14:00:00Z,0.009761170848384838,31174826.942305,304302.8119526698,15,33409.192841000855,0.1072821831998188,326.11283922764494,6801824.64329852,351701.194409072,8.0,15840.557576656207,0.002328868856133049,4.5961448916504555,0.10728218319981941,7.045462711585593,3.493187529919295,6.215989395872579,3.815339651291283,12.573980547306984,3.214234314171982,accumulation,True,-1.0322473408171273,-1.0322473408171273,-1.0322473408171273,True,-11.52783713863219,3.8597370850011137,-11.52783713863219,True,-12.139370982520358,3.8597370850011137,-18.574146497575093,True,-15.792241479358292,3.8597370850011137,-22.975524778747612
2026-08-16-seven-token-pilot,early,solana,TOAD,A13oRB9FFaiUjfi6LdCg6p9ka1u8SfGkUFs4SKvPpump,2026-08-14T15:00:00Z,2026-08-14T14:00:00Z,2026-08-14T15:00:00Z,0.009660411421869769,31247151.050936,301860.3349133521,15,72324.10863099992,0.2319952209032293,698.6806450954616,6801824.64329852,351701.194409072,8.0,15840.557576656207,0.002328868856133049,-1.0322473408171273,0.231995220903225,-2.5464259183770377,0.09375364985204637,3.4826607003594967,2.93947717610199,6.018319318323173,2.303781733266508,accumulation,True,4.943008499611845,4.943008499611845,4.943008499611845,True,-13.713655118162682,4.943008499611845,-13.713655118162682,True,-14.939565530824051,4.943008499611845,-17.724863589827432,True,-12.116323648366789,4.943008499611845,-22.172148854887077
2026-08-16-seven-token-pilot,early,solana,TOAD,A13oRB9FFaiUjfi6LdCg6p9ka1u8SfGkUFs4SKvPpump,2026-08-14T17:00:00Z,2026-08-14T16:00:00Z,2026-08-14T17:00:00Z,0.009159693837943404,31122390.333474997,285071.5669596003,15,-124760.71746100113,-0.3992706959352186,-1142.76997494493,6801824.64329852,351701.194409072,8.0,15840.557576656207,0.002328868856133049,-9.649236983808684,-0.3992706959352166,-1.8490016497133666,-0.06110003128977359,-1.3494286439840852,3.3189398376388457,-8.569702362467147,3.3792867482186795,distribution,True,-5.718257368104496,-5.718257368104496,-5.718257368104496,True,-13.212843997835577,-5.718257368104496,-13.22726702717164,True,-12.18236392287545,-5.718257368104496,-13.22726702717164,True,-11.151549418518625,-5.718257368104496,-17.91766455912032
2026-08-16-seven-token-pilot,early,solana,TOAD,A13oRB9FFaiUjfi6LdCg6p9ka1u8SfGkUFs4SKvPpump,2026-08-14T19:00:00Z,2026-08-14T18:00:00Z,2026-08-14T19:00:00Z,0.008335615916478953,28108832.156243,234304.42871521454,14,-3013558.1772319973,-9.682926487785348,-25119.863507370337,6801824.64329852,351701.194409072,8.0,15840.557576656207,0.002328868856133049,-3.4773722949243413,-9.682926487785348,-13.713655118162682,-10.043536095745885,-6.868427798029653,-6.685203321998234,-7.477421339776502,-7.564991413913525,distribution,True,-4.648717566096694,-4.648717566096694,-4.648717566096694,True,-3.2989504618014642,-2.5133834914619957,-4.648717566096694,True,-7.268301651104114,2.886531634778766,-7.268301651104114,True,1.0955925528053134,2.886531634778766,-9.802818450946859
2026-08-16-seven-token-pilot,early,solana,TOAD,A13oRB9FFaiUjfi6LdCg6p9ka1u8SfGkUFs4SKvPpump,2026-08-15T00:00:00Z,2026-08-14T23:00:00Z,2026-08-15T00:00:00Z,0.008022929284575975,28577735.484565,229277.15090598253,15,468903.3283220008,1.6681707931357685,3761.9782444297234,6801824.64329852,351701.194409072,8.0,15840.557576656207,0.002328868856133049,-0.4676905046795521,1.6681707931357703,0.9412620939857286,1.6681707931357703,-17.22201868337041,-7.518456012821339,-18.81496724843903,-5.102576044376505,accumulation,True,2.4032750721768803,2.4032750721768803,2.4032750721768803,True,2.4004013206656793,6.896443962799292,2.4004013206656793,True,-0.7550984037694275,6.896443962799292,-6.287462412606127,True,0.8163024887563264,6.896443962799292,-6.287462412606127
2026-08-16-seven-token-pilot,early,solana,TOAD,A13oRB9FFaiUjfi6LdCg6p9ka1u8SfGkUFs4SKvPpump,2026-08-15T02:00:00Z,2026-08-15T01:00:00Z,2026-08-15T02:00:00Z,0.008576226106861772,29708824.973415002,254789.60034118872,15,1131089.4888500012,3.9579395276470004,9700.479203472318,6801824.64329852,351701.194409072,8.0,15840.557576656207,0.002328868856133049,4.387719911746468,3.957939527647003,5.53913482654087,5.692135511992946,-12.139370982520358,-4.702518386399113,-6.677963599646885,-1.0665957837133755,accumulation,True,-4.186435565431113,-4.186435565431113,-4.186435565431113,True,-7.145176754466764,-4.186435565431113,-7.145176754466764,True,-4.157573804885006,-4.157573804885006,-12.3333442036608,True,-3.9021834708636516,-0.9714293263042628,-12.3333442036608
2026-08-16-seven-token-pilot,early,solana,TOAD,A13oRB9FFaiUjfi6LdCg6p9ka1u8SfGkUFs4SKvPpump,2026-08-15T03:00:00Z,2026-08-15T02:00:00Z,2026-08-15T03:00:00Z,0.008217187926952323,29798350.406448,244858.64520295933,16,89525.43303299695,0.30134289428514577,735.6473074739213,6801824.64329852,351701.194409072,8.0,15840.557576656207,0.002328868856133049,-4.186435565431113,0.3013428942851393,1.9422785514250362,6.010631252176579,-14.939565530824051,-4.636584762963858,-11.977199208011024,-1.8333989377198212,accumulation,True,-0.020397998539312123,-0.020397998539312123,-0.020397998539312123,True,-5.931831230994988,-0.020397998539312123,-5.931831230994988,True,3.3191011779752255,3.3191011779752255,-8.50287606593868,True,-3.954149943724994,3.3554813017340424,-8.50287606593868
2026-08-16-seven-token-pilot,early,solana,TOAD,A13oRB9FFaiUjfi6LdCg6p9ka1u8SfGkUFs4SKvPpump,2026-08-15T05:00:00Z,2026-08-15T04:00:00Z,2026-08-15T05:00:00Z,0.008043826600383941,33488591.773429997,269376.425316515,16,3690241.366981998,12.384045816789492,29683.66166956699,6801824.64329852,351701.194409072,8.0,15840.557576656207,0.002328868856133049,-2.0897685888161432,12.384045816789492,-2.0925162516744145,17.184203736217583,-12.18236392287545,7.60289108452552,-13.367400258569873,11.174166303180954,accumulation,True,-0.9993627624485191,-0.9993627624485191,-0.9993627624485191,True,-5.048366284233308,-0.9993627624485191,-5.949702191143292,True,1.1738126308154406,5.545844409761425,-6.530921227722331,True,-4.611024441331557,5.5830086014556635,-6.530921227722331
2026-08-16-seven-token-pilot,early,solana,TOAD,A13oRB9FFaiUjfi6LdCg6p9ka1u8SfGkUFs4SKvPpump,2026-08-15T07:00:00Z,2026-08-15T06:00:00Z,2026-08-15T07:00:00Z,0.0077297582071918156,35344426.319183,273203.8694191912,16,1855834.5457530022,5.54169180450708,14345.152311224363,6801824.64329852,351701.194409072,8.0,15840.557576656207,0.002328868856133049,-2.9344278028709536,5.541691804507076,-5.931831230994988,18.612023273391998,-7.268301651104114,25.741354613101453,-13.637511398084678,17.335289397380805,accumulation,True,-2.128337392877555,-2.128337392877555,-2.128337392877555,True,-1.1609958852643043,-1.1609958852643043,-2.733171984305538,True,9.019455431993606,9.83428563565103,-2.733171984305538,True,-3.386683665347967,9.872959848442541,-3.386683665347967
2026-08-16-seven-token-pilot,early,solana,TOAD,A13oRB9FFaiUjfi6LdCg6p9ka1u8SfGkUFs4SKvPpump,2026-08-15T08:00:00Z,2026-08-15T07:00:00Z,2026-08-15T08:00:00Z,0.007565242872889131,35411122.998576,267893.7458859774,16,66696.6793930009,0.18870494258610057,504.5765784232714,6801824.64329852,351701.194409072,8.0,15840.557576656207,0.002328868856133049,-2.128337392877555,0.18870494258609316,-7.915135772440818,18.835850023810274,-4.817163837519834,25.97863476413107,-13.947914578504161,17.556706887871364,accumulation,True,0.9583551864363216,0.9583551864363216,0.9583551864363216,True,5.2490766971478475,5.2490766971478475,-0.6179874493967841,True,9.415992843947718,12.2227647000839,-0.6179874493967841,True,-3.257598843818754,12.262279930295893,-3.257598843818754
2026-08-16-seven-token-pilot,early,solana,TOAD,A13oRB9FFaiUjfi6LdCg6p9ka1u8SfGkUFs4SKvPpump,2026-08-15T13:00:00Z,2026-08-15T12:00:00Z,2026-08-15T13:00:00Z,0.007913478945309258,35505179.992513,280969.49432016717,16,94056.99393700063,0.2656142645935939,744.318041179535,6801824.64329852,351701.194409072,8.0,15840.557576656207,0.002328868856133049,-0.6137552217514552,0.2656142645935944,3.6101517302921105,0.2656142645935944,-3.679075927171116,24.240704837125925,-15.202858015997789,14.012728251988825,accumulation,True,3.869148241904541,3.869148241904541,3.869148241904541,True,2.840307142588827,7.284353277576727,2.840307142588827,True,3.0624482034361744,7.322129622948692,2.210680181206115,False,,,
2026-08-16-seven-token-pilot,early,solana,TOAD,A13oRB9FFaiUjfi6LdCg6p9ka1u8SfGkUFs4SKvPpump,2026-08-15T14:00:00Z,2026-08-15T13:00:00Z,2026-08-15T14:00:00Z,0.008219663176795178,37597392.03786401,309037.89887716295,16,2092212.045351006,5.892695223041235,17197.27830721899,6801824.64329852,351701.194409072,8.0,15840.557576656207,0.002328868856133049,3.869148241904541,5.892695223041233,9.325974995292574,6.17396132671626,-4.157573804885006,26.552942001267652,-15.792241479358292,20.601766635129025,accumulation,True,3.2879879092859943,3.2879879092859943,3.2879879092859943,True,1.2321958416758427,3.2879879092859943,-0.9905165457981924,True,0.26646897846829276,3.3243570776207543,-1.5966897666629176,False,,,
2026-08-16-seven-token-pilot,early,solana,TOAD,A13oRB9FFaiUjfi6LdCg6p9ka1u8SfGkUFs4SKvPpump,2026-08-15T15:00:00Z,2026-08-15T14:00:00Z,2026-08-15T15:00:00Z,0.008489924708232236,38008182.558437005,322686.60821787576,16,410790.52057299763,1.092603764003881,3487.580590520275,6801824.64329852,351701.194409072,8.0,15840.557576656207,0.002328868856133049,3.2879879092859943,1.0926037640038855,11.124435762375384,7.334022024563969,3.3191011779752255,27.551297437634336,-12.116323648366789,21.637273415678273,accumulation,True,-3.1286191584776857,-3.1286191584776857,-3.1286191584776857,True,-0.7418723570164709,-0.7418723570164709,-4.1423059367192145,True,-7.039599685610398,0.03521142106737152,-7.039599685610398,False,,,
2026-08-16-seven-token-pilot,early,solana,TOAD,A13oRB9FFaiUjfi6LdCg6p9ka1u8SfGkUFs4SKvPpump,2026-08-15T16:00:00Z,2026-08-15T15:00:00Z,2026-08-15T16:00:00Z,0.008224307297270151,38147685.998092,313738.29232807853,16,139503.43965499848,0.36703528099643823,1147.3191567488902,6801824.64329852,351701.194409072,8.0,15840.557576656207,0.002328868856133049,-3.1286191584776857,0.36703528099644167,3.2899719361145996,7.727975753906624,0.10705982075414067,28.01945570059916,-18.87584315210824,22.08372512395591,accumulation,True,-1.0464254451992172,-1.0464254451992172,-1.0464254451992172,True,0.6478150831641161,2.463830680152923,-1.0464254451992172,True,-4.308180002314921,3.266011645607647,-4.308180002314921,False,,,
2026-08-16-seven-token-pilot,early,solana,TOAD,A13oRB9FFaiUjfi6LdCg6p9ka1u8SfGkUFs4SKvPpump,2026-08-15T17:00:00Z,2026-08-15T16:00:00Z,2026-08-15T17:00:00Z,0.00813824605302014,38126074.743611,310279.377299343,16,-21611.25448100269,-0.05665154757246245,-175.87770648083395,6801824.64329852,351701.194409072,8.0,15840.557576656207,0.002328868856133049,-1.0464254451992172,-0.0566515475724616,2.840307142588827,7.381725009282225,1.1738126308154406,13.84794858367382,-11.151549418518625,22.503684116457134,distribution,True,2.2449489785512977,2.2449489785512977,2.2449489785512977,True,1.3932080474619246,3.5473767786005084,1.3932080474619246,True,-5.7177217322588625,4.3580407380014785,-5.7177217322588625,False,,,
2026-08-16-seven-token-pilot,early,solana,TOAD,A13oRB9FFaiUjfi6LdCg6p9ka1u8SfGkUFs4SKvPpump,2026-08-15T18:00:00Z,2026-08-15T17:00:00Z,2026-08-15T18:00:00Z,0.008320945524659408,38021459.475625,316374.4930647209,16,-104615.26798599958,-0.274392967777336,-870.4979459591478,6801824.64329852,351701.194409072,8.0,15840.557576656207,0.002328868856133049,2.2449489785512977,-0.2743929677773371,1.2321958416758427,1.1279171633338692,4.489340665370034,13.535557818801447,-3.6472487362184003,22.167542621973425,distribution,True,1.2738309452552388,1.2738309452552388,1.2738309452552388,True,2.066695499934612,2.066695499934612,-0.8330396167228304,True,-9.375799771819226,2.066695499934612,-9.375799771819226,False,,,
2026-08-16-seven-token-pilot,early,solana,TOAD,A13oRB9FFaiUjfi6LdCg6p9ka1u8SfGkUFs4SKvPpump,2026-08-15T19:00:00Z,2026-08-15T18:00:00Z,2026-08-15T19:00:00Z,0.00842694030369035,37953716.525028005,319833.7034595969,16,-67742.95059699565,-0.17817030574648157,-570.8658006767268,6801824.64329852,351701.194409072,8.0,15840.557576656207,0.002328868856133049,1.2738309452552388,-0.1781703057464834,-0.7418723570164709,-0.1433008098328803,9.019455431993606,7.38246585835467,1.0955925528053134,35.02416718724633,distribution,True,-1.7723479445713952,-1.7723479445713952,-1.7723479445713952,True,-0.7781726282845014,0.782891836201971,-2.0803701630650817,True,-11.37974781490312,0.782891836201971,-11.37974781490312,False,,,
2026-08-16-seven-token-pilot,early,solana,TOAD,A13oRB9FFaiUjfi6LdCg6p9ka1u8SfGkUFs4SKvPpump,2026-08-15T20:00:00Z,2026-08-15T19:00:00Z,2026-08-15T20:00:00Z,0.008277585600427635,37847935.876527004,313289.5290174484,16,-105780.6485010013,-0.27870959206655255,-875.6083728357854,6801824.64329852,351701.194409072,8.0,15840.557576656207,0.002328868856133049,-1.7723479445713952,-0.27870959206655055,0.6478150831641161,-0.7857622650558449,9.415992843947718,6.881489971523913,4.145245204205761,34.647841881687505,distribution,True,-0.31357994622519536,-0.31357994622519536,-0.31357994622519536,True,-2.285267148680814,2.6013446593750267,-2.285267148680814,True,-11.5829426378664,2.6013446593750267,-11.5829426378664,False,,,
2026-08-16-seven-token-pilot,early,solana,TOAD,A13oRB9FFaiUjfi6LdCg6p9ka1u8SfGkUFs4SKvPpump,2026-08-15T21:00:00Z,2026-08-15T20:00:00Z,2026-08-15T21:00:00Z,0.00825162875195307,37866595.12855,312461.0851013093,16,18659.252022996545,0.049300580311352905,153.96922048289676,6801824.64329852,351701.194409072,8.0,15840.557576656207,0.002328868856133049,-0.31357994622519536,0.0493005803113622,1.3932080474619246,-0.680583083377817,8.037503217049014,6.934183166325281,3.8014131293588216,34.714224049111884,accumulation,True,2.9240939779237696,2.9240939779237696,2.9240939779237696,True,-1.1610266982892803,2.9240939779237696,-1.9778894671832026,True,-13.904440382629247,2.9240939779237696,-13.904440382629247,False,,,
2026-08-16-seven-token-pilot,early,solana,TOAD,A13oRB9FFaiUjfi6LdCg6p9ka1u8SfGkUFs4SKvPpump,2026-08-15T22:00:00Z,2026-08-15T21:00:00Z,2026-08-15T22:00:00Z,0.008492914131369555,37845867.149912,321421.6999314225,16,-20727.978638000786,-0.054739483620413136,-176.04094268940312,6801824.64329852,351701.194409072,8.0,15840.557576656207,0.002328868856133049,2.9240939779237696,-0.05473948362041403,2.066695499934612,-0.461824264861721,12.960360782726465,6.875647946646346,4.513896720108046,34.64048217850415,distribution,True,-1.5489379556835936,-1.5489379556835936,-1.5489379556835936,True,-2.9595036307414557,-1.5489379556835936,-4.7627171205980146,False,,,,False,,,
2026-08-16-seven-token-pilot,early,solana,TOAD,A13oRB9FFaiUjfi6LdCg6p9ka1u8SfGkUFs4SKvPpump,2026-08-16T01:00:00Z,2026-08-16T00:00:00Z,2026-08-16T01:00:00Z,0.00815582513909918,37862438.314054005,308799.4262293536,16,16571.164142005146,0.043785928002031994,135.15151709350445,6801824.64329852,351701.194409072,8.0,15840.557576656207,0.002328868856133049,0.8333454201850277,0.043785928002026964,-1.1610266982892803,-0.010977523809263534,3.0624482034361744,6.639195525943209,-0.7292975183696537,32.48928815407268,accumulation,True,1.0512840667180834,1.0512840667180834,1.0512840667180834,True,-5.920937992677578,1.0512840667180834,-5.920937992677578,False,,,,False,,,
2026-08-16-seven-token-pilot,early,solana,TOAD,A13oRB9FFaiUjfi6LdCg6p9ka1u8SfGkUFs4SKvPpump,2026-08-16T02:00:00Z,2026-08-16T01:00:00Z,2026-08-16T02:00:00Z,0.008241566029295919,37393534.985732004,308181.28765369725,15,-468903.3283220008,-1.238439332492621,-3864.4977417223927,6801824.64329852,351701.194409072,8.0,15840.557576656207,0.002328868856133049,1.0512840667180834,-1.2384393324926246,-2.9595036307414557,-1.1951956666450658,0.26646897846829276,-0.5422106190948073,-3.9021834708636516,25.866758510959897,distribution,True,-4.238248324302985,-4.238248324302985,-4.238248324302985,True,-8.502943417060715,-4.238248324302985,-8.502943417060715,False,,,,False,,,
2026-08-16-seven-token-pilot,early,solana,TOAD,A13oRB9FFaiUjfi6LdCg6p9ka1u8SfGkUFs4SKvPpump,2026-08-16T03:00:00Z,2026-08-16T02:00:00Z,2026-08-16T03:00:00Z,0.00789226799516296,37304128.541096,294414.17977233714,14,-89406.44463600218,-0.23909599525724537,-705.6196215620291,6801824.64329852,351701.194409072,8.0,15840.557576656207,0.002328868856133049,-4.238248324302985,-0.23909599525724357,-5.610282684240609,-1.4314339969278667,-7.039599685610398,-1.8523748570680287,-3.954149943724994,25.188569274035522,distribution,True,-0.2822846387930844,-0.2822846387930844,-0.2822846387930844,True,-5.376049657779558,-0.2822846387930844,-5.376049657779558,False,,,,False,,,
2026-08-16-seven-token-pilot,early,solana,TOAD,A13oRB9FFaiUjfi6LdCg6p9ka1u8SfGkUFs4SKvPpump,2026-08-16T06:00:00Z,2026-08-16T05:00:00Z,2026-08-16T06:00:00Z,0.007540790333145189,37566575.191722006,283281.6670551091,15,262446.65062600374,0.7035324530819157,1979.0551660069018,6801824.64329852,351701.194409072,8.0,15840.557576656207,0.002328868856133049,-1.7220744047007686,0.7035324530819231,-8.502943417060715,0.4627543399040146,-9.375799771819226,-1.1963882769797762,-5.307370698309144,12.17723171485372,accumulation,True,-0.9656094561756867,-0.9656094561756867,-0.9656094561756867,False,,,,False,,,,False,,,
2026-08-16-seven-token-pilot,early,solana,TOAD,A13oRB9FFaiUjfi6LdCg6p9ka1u8SfGkUFs4SKvPpump,2026-08-16T07:00:00Z,2026-08-16T06:00:00Z,2026-08-16T07:00:00Z,0.007467975748617957,37304128.541096,278586.3272682319,14,-262446.65062600374,-0.6986174525801203,-1959.9452221810056,6801824.64329852,351701.194409072,8.0,15840.557576656207,0.002328868856133049,-0.9656094561756867,-0.6986174525801192,-5.376049657779558,0.0,-11.37974781490312,-1.7115266788264138,-3.386683665347967,5.544586306807253,distribution,True,-1.9975712978948845,-1.9975712978948845,-1.9975712978948845,False,,,,False,,,,False,,,
