experiment_id,cohort_role,chain,symbol,address,timestamp,price_usd,token_amount,value_usd,holders_count,holdings_delta_tokens,holdings_delta_pct,holdings_delta_notional_usd,selection_market_cap_usd,selection_liquidity_usd,selection_token_age_days,selection_netflow_usd,selection_flow_mcap_ratio,trailing_price_return_1h_pct,trailing_holdings_change_1h_pct,trailing_price_return_4h_pct,trailing_holdings_change_4h_pct,trailing_price_return_12h_pct,trailing_holdings_change_12h_pct,trailing_price_return_24h_pct,trailing_holdings_change_24h_pct
2026-08-16-seven-token-pilot,early,base,AI-HEDGE-FUND,0xadf4d5b9d7e54e3e85b667ed613a285bce36b821,2026-08-12T10:00:00Z,0.0104740587353977,150864928.23419398,1580168.1194365073,151,,,,7883698.08513757,123110.38460183535,158.0,8786.022479232748,0.0011144544583456652,,,,,,,,
2026-08-16-seven-token-pilot,early,base,AI-HEDGE-FUND,0xadf4d5b9d7e54e3e85b667ed613a285bce36b821,2026-08-12T11:00:00Z,0.010539016947994001,150864928.23419398,1589968.0355180693,151,0.0,0.0,0.0,7883698.08513757,123110.38460183535,158.0,8786.022479232748,0.0011144544583456652,0.6201818629942402,0.0,,,,,,
2026-08-16-seven-token-pilot,early,base,AI-HEDGE-FUND,0xadf4d5b9d7e54e3e85b667ed613a285bce36b821,2026-08-12T12:00:00Z,0.0111791999378208,150864928.23419398,1686549.1963350407,151,0.0,0.0,0.0,7883698.08513757,123110.38460183535,158.0,8786.022479232748,0.0011144544583456652,6.074408960397881,0.0,,,,,,
2026-08-16-seven-token-pilot,early,base,AI-HEDGE-FUND,0xadf4d5b9d7e54e3e85b667ed613a285bce36b821,2026-08-12T13:00:00Z,0.012595556872726999,150871797.512334,1900314.3060571551,151,6869.27814000845,0.004553263783975676,86.52238348705676,7883698.08513757,123110.38460183535,158.0,8786.022479232748,0.0011144544583456652,12.669573339631102,0.004553263783968475,,,,,,
2026-08-16-seven-token-pilot,early,base,AI-HEDGE-FUND,0xadf4d5b9d7e54e3e85b667ed613a285bce36b821,2026-08-12T14:00:00Z,0.014360965584914849,151378742.56228098,2173944.912224602,152,506945.0499469936,0.3360104792981936,7280.220415731714,7883698.08513757,123110.38460183535,158.0,8786.022479232748,0.0011144544583456652,14.016122748891458,0.3360104792981877,37.10984392689261,0.3405790425256239,,,,
2026-08-16-seven-token-pilot,early,base,AI-HEDGE-FUND,0xadf4d5b9d7e54e3e85b667ed613a285bce36b821,2026-08-12T15:00:00Z,0.0127930318743961,151378742.56228098,1936593.078705263,152,0.0,0.0,0.0,7883698.08513757,123110.38460183535,158.0,8786.022479232748,0.0011144544583456652,-10.918024287766205,0.0,21.387335626508587,0.3405790425256239,,,,
2026-08-16-seven-token-pilot,early,base,AI-HEDGE-FUND,0xadf4d5b9d7e54e3e85b667ed613a285bce36b821,2026-08-12T16:00:00Z,0.0128479952726737,151378742.56228098,1944913.368823475,152,0.0,0.0,0.0,7883698.08513757,123110.38460183535,158.0,8786.022479232748,0.0011144544583456652,0.42963543605016863,0.0,14.927681266412751,0.3405790425256239,,,,
2026-08-16-seven-token-pilot,early,base,AI-HEDGE-FUND,0xadf4d5b9d7e54e3e85b667ed613a285bce36b821,2026-08-12T17:00:00Z,0.0118545162983132,151378742.56228098,1794521.770922718,152,0.0,0.0,0.0,7883698.08513757,123110.38460183535,158.0,8786.022479232748,0.0011144544583456652,-7.732560242091024,0.0,-5.883349040472874,0.3360104792981877,,,,
2026-08-16-seven-token-pilot,early,base,AI-HEDGE-FUND,0xadf4d5b9d7e54e3e85b667ed613a285bce36b821,2026-08-12T18:00:00Z,0.0109498772275362,151378742.56228098,1657578.6459157858,152,0.0,0.0,0.0,7883698.08513757,123110.38460183535,158.0,8786.022479232748,0.0011144544583456652,-7.631176574498633,0.0,-23.752500047502025,0.0,,,,
2026-08-16-seven-token-pilot,early,base,AI-HEDGE-FUND,0xadf4d5b9d7e54e3e85b667ed613a285bce36b821,2026-08-12T19:00:00Z,0.011059852895255,151914405.713068,1680150.979856618,152,535663.1507870257,0.3538562559843173,5924.355649113302,7883698.08513757,123110.38460183535,158.0,8786.022479232748,0.0011144544583456652,1.0043552583606896,0.35385625598431947,-13.547836010710446,0.35385625598431947,,,,
2026-08-16-seven-token-pilot,early,base,AI-HEDGE-FUND,0xadf4d5b9d7e54e3e85b667ed613a285bce36b821,2026-08-12T20:00:00Z,0.0103159700443415,151915809.84396502,1567158.9436122226,153,1404.1308970153332,0.000924290813912289,14.484972271944537,7883698.08513757,123110.38460183535,158.0,8786.022479232748,0.0011144544583456652,-6.725974187528738,0.0009242908139084349,-19.707551058316042,0.35478381745910337,,,,
2026-08-16-seven-token-pilot,early,base,AI-HEDGE-FUND,0xadf4d5b9d7e54e3e85b667ed613a285bce36b821,2026-08-12T21:00:00Z,0.0102520795060218,151355809.84396502,1551711.7962186458,153,-560000.0,-0.36862522773316636,-5741.164523372208,7883698.08513757,123110.38460183535,158.0,8786.022479232748,0.0011144544583456652,-0.6193362140940462,-0.36862522773316586,-13.517521524850517,-0.015149232929134726,,,,
2026-08-16-seven-token-pilot,early,base,AI-HEDGE-FUND,0xadf4d5b9d7e54e3e85b667ed613a285bce36b821,2026-08-12T22:00:00Z,0.00949796162396475,150865809.84396502,1432917.672266343,153,-490000.0,-0.3237404632865751,-4654.001195742728,7883698.08513757,123110.38460183535,158.0,8786.022479232748,0.0011144544583456652,-7.355755304219991,-0.32374046328657036,-13.259651897468272,-0.33884065201884583,-9.319186917810306,0.0005843702584495958,,
2026-08-16-seven-token-pilot,early,base,AI-HEDGE-FUND,0xadf4d5b9d7e54e3e85b667ed613a285bce36b821,2026-08-12T23:00:00Z,0.008720014355176085,150865809.84396502,1315552.0275446402,153,0.0,0.0,0.0,7883698.08513757,123110.38460183535,158.0,8786.022479232748,0.0011144544583456652,-8.19067605859547,0.0,-21.156145223981916,-0.6902543996278654,-17.25969890544816,0.0005843702584495958,,
2026-08-16-seven-token-pilot,early,base,AI-HEDGE-FUND,0xadf4d5b9d7e54e3e85b667ed613a285bce36b821,2026-08-13T00:00:00Z,0.00867324842476031,150865809.84396502,1308496.647579358,153,0.0,0.0,0.0,7883698.08513757,123110.38460183535,158.0,8786.022479232748,0.0011144544583456652,-0.5363056585797388,0.0,-15.924063491074724,-0.6911723019996874,-22.41619728601959,0.0005843702584495958,,
2026-08-16-seven-token-pilot,early,base,AI-HEDGE-FUND,0xadf4d5b9d7e54e3e85b667ed613a285bce36b821,2026-08-13T01:00:00Z,0.00991066462586632,150865809.84396502,1495180.444873259,153,0.0,0.0,0.0,7883698.08513757,123110.38460183535,158.0,8786.022479232748,0.0011144544583456652,14.267044370289739,0.0,-3.330201252876952,-0.32374046328657036,-21.316185334165272,-0.003968712819557574,,
2026-08-16-seven-token-pilot,early,base,AI-HEDGE-FUND,0xadf4d5b9d7e54e3e85b667ed613a285bce36b821,2026-08-13T02:00:00Z,0.01019295021010835,150865809.84396502,1537767.6881472091,153,0.0,0.0,0.0,7883698.08513757,123110.38460183535,158.0,8786.022479232748,0.0011144544583456652,2.848301248185514,0.0,7.317239357864347,0.0,-29.023225145701183,-0.33884065201884583,,
2026-08-16-seven-token-pilot,early,base,AI-HEDGE-FUND,0xadf4d5b9d7e54e3e85b667ed613a285bce36b821,2026-08-13T03:00:00Z,0.01033302659287915,150865824.74587202,1558900.5790557407,153,14.901906996965408,9.87759056367901e-06,0.15398180128425545,7883698.08513757,123110.38460183535,158.0,8786.022479232748,0.0011144544583456652,1.3742476896618783,9.877590567697325e-06,18.49781631088261,9.877590567697325e-06,-19.22925937861837,-0.33883080789757214,,
2026-08-16-seven-token-pilot,early,base,AI-HEDGE-FUND,0xadf4d5b9d7e54e3e85b667ed613a285bce36b821,2026-08-13T04:00:00Z,0.0105568359077598,150900155.15679702,1593028.1764457994,153,34330.410925000906,0.022755591587975098,362.4205147811989,7883698.08513757,123110.38460183535,158.0,8786.022479232748,0.0011144544583456652,2.1659608912153905,0.022755591587975132,21.71720894817497,0.022765471426233752,-17.832816064206913,-0.3161523192644178,,
2026-08-16-seven-token-pilot,early,base,AI-HEDGE-FUND,0xadf4d5b9d7e54e3e85b667ed613a285bce36b821,2026-08-13T05:00:00Z,0.009441658029004929,150900155.15679702,1424747.6615142622,153,0.0,0.0,0.0,7883698.08513757,123110.38460183535,158.0,8786.022479232748,0.0011144544583456652,-10.563561738561834,0.0,-4.732342527637434,0.022765471426233752,-20.35391582912245,-0.3161523192644178,,
2026-08-16-seven-token-pilot,early,base,AI-HEDGE-FUND,0xadf4d5b9d7e54e3e85b667ed613a285bce36b821,2026-08-13T06:00:00Z,0.009423203529279486,150900155.15679702,1421962.8746423514,153,0.0,0.0,0.0,7883698.08513757,123110.38460183535,158.0,8786.022479232748,0.0011144544583456652,-0.19545825181075394,0.0,-7.551755526731663,0.022765471426233752,-13.942381878195963,-0.3161523192644178,,
2026-08-16-seven-token-pilot,early,base,AI-HEDGE-FUND,0xadf4d5b9d7e54e3e85b667ed613a285bce36b821,2026-08-13T07:00:00Z,0.00950827023019442,150888070.47563902,1434684.5485949952,154,-12084.681158006191,-0.00800839544893063,-114.9044140960617,7883698.08513757,123110.38460183535,158.0,8786.022479232748,0.0011144544583456652,0.9027365338190707,-0.008008395448932948,-7.9817501220126434,0.014745373781277493,-14.028962950549317,-0.6756009955813602,,
2026-08-16-seven-token-pilot,early,base,AI-HEDGE-FUND,0xadf4d5b9d7e54e3e85b667ed613a285bce36b821,2026-08-13T08:00:00Z,0.00986311225429558,150888070.47563902,1488225.9769352903,154,0.0,0.0,0.0,7883698.08513757,123110.38460183535,158.0,8786.022479232748,0.0011144544583456652,3.731930367043268,0.0,-6.571321743802983,-0.008008395448932948,-4.389871123116739,-0.6765190333919868,,
2026-08-16-seven-token-pilot,early,base,AI-HEDGE-FUND,0xadf4d5b9d7e54e3e85b667ed613a285bce36b821,2026-08-13T09:00:00Z,0.00970958168063474,150888070.47563902,1465060.044916588,154,0.0,0.0,0.0,7883698.08513757,123110.38460183535,158.0,8786.022479232748,0.0011144544583456652,-1.5566138730092494,0.0,2.837675870135792,-0.008008395448932948,-5.291588160903471,-0.30903297918211114,,
2026-08-16-seven-token-pilot,early,base,AI-HEDGE-FUND,0xadf4d5b9d7e54e3e85b667ed613a285bce36b821,2026-08-13T10:00:00Z,0.00919441675846895,150888070.47563902,1387327.8038342588,154,0.0,0.0,0.0,7883698.08513757,123110.38460183535,158.0,8786.022479232748,0.0011144544583456652,-5.305737560179957,0.0,-2.427908620456487,-0.008008395448932948,-3.1958948405299226,0.014755252828324572,-12.21725034445459,0.015339709312089944
2026-08-16-seven-token-pilot,early,base,AI-HEDGE-FUND,0xadf4d5b9d7e54e3e85b667ed613a285bce36b821,2026-08-13T11:00:00Z,0.00853652086753508,150888070.47563902,1288059.162277396,154,0.0,0.0,0.0,7883698.08513757,123110.38460183535,158.0,8786.022479232748,0.0011144544583456652,-7.155384710268686,0.0,-10.220043595032212,0.0,-2.104279651008656,0.014755252828324572,-19.000786224564102,0.015339709312089944
2026-08-16-seven-token-pilot,early,base,AI-HEDGE-FUND,0xadf4d5b9d7e54e3e85b667ed613a285bce36b821,2026-08-13T12:00:00Z,0.008883877292646204,150888070.47563902,1340471.1030297293,154,0.0,0.0,0.0,7883698.08513757,123110.38460183535,158.0,8786.022479232748,0.0011144544583456652,4.069063152321717,0.0,-9.9282552646899,0.0,2.4284888149242123,0.014755252828324572,-20.532083314917703,0.015339709312089944
2026-08-16-seven-token-pilot,early,base,AI-HEDGE-FUND,0xadf4d5b9d7e54e3e85b667ed613a285bce36b821,2026-08-13T13:00:00Z,0.0111056523747475,150888070.47563902,1675710.4581988486,154,0.0,0.0,0.0,7883698.08513757,123110.38460183535,158.0,8786.022479232748,0.0011144544583456652,25.009069901724224,0.0,14.378278488527997,0.0,12.057594460035737,0.014755252828324572,-11.828810056072802,0.010785954415171162
2026-08-16-seven-token-pilot,early,base,AI-HEDGE-FUND,0xadf4d5b9d7e54e3e85b667ed613a285bce36b821,2026-08-13T14:00:00Z,0.0106425862078223,150888070.47563902,1605839.297768955,154,0.0,0.0,0.0,7883698.08513757,123110.38460183535,158.0,8786.022479232748,0.0011144544583456652,-4.169643991181815,0.0,15.750530864499336,0.0,4.411244913842971,0.014755252828324572,-25.892265774931154,-0.3241353959854032
2026-08-16-seven-token-pilot,early,base,AI-HEDGE-FUND,0xadf4d5b9d7e54e3e85b667ed613a285bce36b821,2026-08-13T15:00:00Z,0.0100358210133513,150888070.47563902,1514285.6683434495,154,0.0,0.0,0.0,7883698.08513757,123110.38460183535,158.0,8786.022479232748,0.0011144544583456652,-5.7012946160119204,0.0,17.563362979854592,0.0,-2.8762684084512657,0.014745373781277493,-21.552442674383286,-0.3241353959854032
2026-08-16-seven-token-pilot,early,base,AI-HEDGE-FUND,0xadf4d5b9d7e54e3e85b667ed613a285bce36b821,2026-08-13T16:00:00Z,0.00987441412585945,150788470.47563902,1488947.8028813903,154,-99600.0,-0.06600919455463544,-983.4916469356011,7883698.08513757,123110.38460183535,158.0,8786.022479232748,0.0011144544583456652,-1.6083077535671508,-0.06600919455463927,11.149825696412762,-0.06600919455463927,-6.46426436730666,-0.07401230372623413,-23.1443200569877,-0.3899306313758788
2026-08-16-seven-token-pilot,early,base,AI-HEDGE-FUND,0xadf4d5b9d7e54e3e85b667ed613a285bce36b821,2026-08-13T17:00:00Z,0.009720365492031716,150788470.47563902,1465719.0450076442,154,0.0,0.0,0.0,7883698.08513757,123110.38460183535,158.0,8786.022479232748,0.0011144544583456652,-1.560078723296665,0.0,-12.473710106987568,-0.06600919455463927,2.95189109974745,-0.07401230372623413,-18.002850159184945,-0.3899306313758788
2026-08-16-seven-token-pilot,early,base,AI-HEDGE-FUND,0xadf4d5b9d7e54e3e85b667ed613a285bce36b821,2026-08-13T18:00:00Z,0.00973644387664474,150788470.47563902,1468143.480031161,154,0.0,0.0,0.0,7883698.08513757,123110.38460183535,158.0,8786.022479232748,0.0011144544583456652,0.16540925982881927,0.0,-8.514305766314067,-0.06600919455463927,3.324138615832317,-0.07401230372623413,-11.081707362343563,-0.3899306313758788
2026-08-16-seven-token-pilot,early,base,AI-HEDGE-FUND,0xadf4d5b9d7e54e3e85b667ed613a285bce36b821,2026-08-13T19:00:00Z,0.00971316443447402,150788470.47563902,1464633.208552713,154,0.0,0.0,0.0,7883698.08513757,123110.38460183535,158.0,8786.022479232748,0.0011144544583456652,-0.2390959416564864,0.0,-3.2150491568953665,-0.06600919455463927,2.154905143828789,-0.06600919455463927,-12.176368650967762,-0.7411642313604139
2026-08-16-seven-token-pilot,early,base,AI-HEDGE-FUND,0xadf4d5b9d7e54e3e85b667ed613a285bce36b821,2026-08-13T20:00:00Z,0.00989037915653076,150788470.47563902,1491355.1454374138,154,0.0,0.0,0.0,7883698.08513757,123110.38460183535,158.0,8786.022479232748,0.0011144544583456652,1.8244797897971177,0.0,0.16168078903537886,0.0,0.2764533296607752,-0.06600919455463927,-4.125553738343635,-0.7420816631816818
2026-08-16-seven-token-pilot,early,base,AI-HEDGE-FUND,0xadf4d5b9d7e54e3e85b667ed613a285bce36b821,2026-08-13T21:00:00Z,0.00994366714330622,150788521.552646,1499390.8673507676,154,51.07700699567795,3.38732841009418e-05,0.5078927562413448,7883698.08513757,123110.38460183535,158.0,8786.022479232748,0.0011144544583456652,0.5387860862773319,3.3873284110974566e-05,2.297255709752455,3.3873284110974566e-05,2.4108707292545217,-0.06597534363002033,-3.0082907817328697,-0.37480443724218215
2026-08-16-seven-token-pilot,early,base,AI-HEDGE-FUND,0xadf4d5b9d7e54e3e85b667ed613a285bce36b821,2026-08-13T22:00:00Z,0.01002801444381455,150350395.552646,1507715.938235165,154,-438126.0,-0.2905565990625046,-4393.533856210694,7883698.08513757,123110.38460183535,158.0,8786.022479232748,0.0011144544583456652,0.8482514478082459,-0.2905565990625081,2.994631005568804,-0.2905228241994684,9.066346536638935,-0.3563402469778487,5.580700794920013,-0.34163757305388787
2026-08-16-seven-token-pilot,early,base,AI-HEDGE-FUND,0xadf4d5b9d7e54e3e85b667ed613a285bce36b821,2026-08-13T23:00:00Z,0.0104367621804147,150456955.143566,1570283.4592227202,154,106559.59092000127,0.07087416732647626,1112.1371084743307,7883698.08513757,123110.38460183535,158.0,8786.022479232748,0.0011144544583456652,4.0760585147767925,0.07087416732647345,7.449660209318409,-0.21985456250553925,22.260137852018303,-0.28571863283426424,19.687442649903165,-0.2710055385125809
2026-08-16-seven-token-pilot,early,base,AI-HEDGE-FUND,0xadf4d5b9d7e54e3e85b667ed613a285bce36b821,2026-08-14T00:00:00Z,0.0103683877097782,150463140.922203,1560060.1811123951,154,6185.778636991978,0.004111327808734072,64.13655119519616,7883698.08513757,123110.38460183535,158.0,8786.022479232748,0.0011144544583456652,-0.6551310593702064,0.004111327808731247,4.833066009727283,-0.21575227363856975,16.710163459380812,-0.281619051855142,19.54445672487164,-0.2669053526299203
2026-08-16-seven-token-pilot,early,base,AI-HEDGE-FUND,0xadf4d5b9d7e54e3e85b667ed613a285bce36b821,2026-08-14T01:00:00Z,0.010098508546333686,150463140.922203,1519453.3145110763,154,0.0,0.0,0.0,7883698.08513757,123110.38460183535,158.0,8786.022479232748,0.0011144544583456652,-2.6029038554373995,0.0,1.5571861044413549,-0.21578607382883863,-9.068749808015774,-0.281619051855142,1.8953715775741564,-0.2669053526299203
2026-08-16-seven-token-pilot,early,base,AI-HEDGE-FUND,0xadf4d5b9d7e54e3e85b667ed613a285bce36b821,2026-08-14T02:00:00Z,0.0103744109242103,150463140.922203,1560966.4528742966,154,0.0,0.0,0.0,7883698.08513757,123110.38460183535,158.0,8786.022479232748,0.0011144544583456652,2.7321101587499452,0.0,3.4542878087836515,0.0749884090045505,-2.5198319128004076,-0.281619051855142,1.7802570439517496,-0.2669053526299203
2026-08-16-seven-token-pilot,early,base,AI-HEDGE-FUND,0xadf4d5b9d7e54e3e85b667ed613a285bce36b821,2026-08-14T03:00:00Z,0.009741880947712936,150303140.922203,1464235.3049314218,154,-160000.0,-0.10633833576738108,-1558.7009516340697,7883698.08513757,123110.38460183535,158.0,8786.022479232748,0.0011144544583456652,-6.097020651276274,-0.10633833576738638,-6.658015394906247,-0.10223137987621644,-2.928909007517333,-0.3876579186095741,-5.720934131473099,-0.37296970643738714
2026-08-16-seven-token-pilot,early,base,AI-HEDGE-FUND,0xadf4d5b9d7e54e3e85b667ed613a285bce36b821,2026-08-14T04:00:00Z,0.0100809626556731,150303140.922203,1515200.3506671,154,0.0,0.0,0.0,7883698.08513757,123110.38460183535,158.0,8786.022479232748,0.0011144544583456652,3.480659533616759,0.0,-2.7721287258002048,-0.10633833576738638,2.0917547834330197,-0.321861182028782,-4.507726142990531,-0.3956352688793907
2026-08-16-seven-token-pilot,early,base,AI-HEDGE-FUND,0xadf4d5b9d7e54e3e85b667ed613a285bce36b821,2026-08-14T05:00:00Z,0.0104246174579119,150303140.922203,1566852.7468365894,154,0.0,0.0,0.0,7883698.08513757,123110.38460183535,158.0,8786.022479232748,0.0011144544583456652,3.4089482718736797,0.0,3.22927796794914,-0.10633833576738638,7.245118164100894,-0.321861182028782,10.410877262100616,-0.3956352688793907
2026-08-16-seven-token-pilot,early,base,AI-HEDGE-FUND,0xadf4d5b9d7e54e3e85b667ed613a285bce36b821,2026-08-14T06:00:00Z,0.0114153104841065,150423702.073298,1717133.2633354312,154,120561.15109500289,0.08021199713810732,1376.2429720707341,7883698.08513757,123110.38460183535,158.0,8786.022479232748,0.0011144544583456652,9.50339933522164,0.08021199713810212,10.033336519060555,-0.026211634732120626,17.243119035369105,-0.24190735617278802,21.14044282963008,-0.3157406186918399
2026-08-16-seven-token-pilot,early,base,AI-HEDGE-FUND,0xadf4d5b9d7e54e3e85b667ed613a285bce36b821,2026-08-14T07:00:00Z,0.01075121949051565,150423702.073298,1617238.2375659614,154,0.0,0.0,0.0,7883698.08513757,123110.38460183535,158.0,8786.022479232748,0.0011144544583456652,-5.81754648299283,0.0,10.360817877164408,0.08021199713810212,10.687094438114908,-0.24190735617278802,13.07229632971647,-0.3077568696300492
2026-08-16-seven-token-pilot,early,base,AI-HEDGE-FUND,0xadf4d5b9d7e54e3e85b667ed613a285bce36b821,2026-08-14T08:00:00Z,0.00923879108759463,150423702.073298,1389733.1580777748,154,0.0,0.0,0.0,7883698.08513757,123110.38460183535,158.0,8786.022479232748,0.0011144544583456652,-14.067505590926055,0.0,-8.354078839926416,0.08021199713810212,-6.5880999972167675,-0.24190735617278802,-6.329859689359674,-0.3077568696300492
2026-08-16-seven-token-pilot,early,base,AI-HEDGE-FUND,0xadf4d5b9d7e54e3e85b667ed613a285bce36b821,2026-08-14T09:00:00Z,0.00927304785056545,150331602.073298,1394032.1394778555,154,-92100.0,-0.06122705313762441,-854.0477070370779,7883698.08513757,123110.38460183535,158.0,8786.022479232748,0.0011144544583456652,0.3707927005387024,-0.061227053137624665,-11.04663659837658,0.018935832558364396,-6.744184847259415,-0.30302006720616115,-4.495907696414303,-0.3687954923055736
2026-08-16-seven-token-pilot,early,base,AI-HEDGE-FUND,0xadf4d5b9d7e54e3e85b667ed613a285bce36b821,2026-08-14T10:00:00Z,0.00991762976800871,150372135.279593,1491335.1651279242,155,40533.206294983625,0.02696253198660161,401.9933333439676,7883698.08513757,123110.38460183535,158.0,8786.022479232748,0.0011144544583456652,6.951133304072776,0.02696253198659626,-13.11992974858639,-0.034281029514804384,-1.1007630316480777,0.014459374627562305,7.865784513994445,-0.34193239692155153
2026-08-16-seven-token-pilot,early,base,AI-HEDGE-FUND,0xadf4d5b9d7e54e3e85b667ed613a285bce36b821,2026-08-14T11:00:00Z,0.00918196061529599,149962135.401362,1376946.4210409906,155,-409999.878230989,-0.2726568173476154,-3764.6027341930926,7883698.08513757,123110.38460183535,158.0,8786.022479232748,0.0011144544583456652,-7.4177920523487035,-0.27265681734761626,-14.596101182791443,-0.30684437729839864,-12.022900813754578,-0.3288779450121515,7.5609227433105275,-0.6136569122782376
2026-08-16-seven-token-pilot,early,base,AI-HEDGE-FUND,0xadf4d5b9d7e54e3e85b667ed613a285bce36b821,2026-08-14T12:00:00Z,0.0084967503004214,149962135.401362,1274190.8190233575,155,0.0,0.0,0.0,7883698.08513757,123110.38460183535,158.0,8786.022479232748,0.0011144544583456652,-7.4625708340887,0.0,-8.031795287260069,-0.30684437729839864,-18.0513833176946,-0.33297558310313446,-4.357635517379954,-0.6136569122782376
2026-08-16-seven-token-pilot,early,base,AI-HEDGE-FUND,0xadf4d5b9d7e54e3e85b667ed613a285bce36b821,2026-08-14T13:00:00Z,0.00799241590946753,149972106.915581,1198639.4532884548,156,9971.514218986034,0.006649354646956747,79.69648888530567,7883698.08513757,123110.38460183535,158.0,8786.022479232748,0.0011144544583456652,-5.935615066019507,0.00664935464695926,-13.810259169748907,-0.23913478786831144,-20.855482046710584,-0.32634836918359333,-28.032900366654534,-0.6070483618556888
2026-08-16-seven-token-pilot,early,base,AI-HEDGE-FUND,0xadf4d5b9d7e54e3e85b667ed613a285bce36b821,2026-08-14T14:00:00Z,0.008039835693040724,149964879.915581,1205692.994247854,156,-7227.0,-0.004818896092503431,-58.10389255360531,7883698.08513757,123110.38460183535,158.0,8786.022479232748,0.0011144544583456652,0.5933097590307135,-0.00481889609250663,-18.933899720931148,-0.27083166921503254,-22.503207634868993,-0.33115153888728655,-24.455996540282232,-0.611838004918408
2026-08-16-seven-token-pilot,early,base,AI-HEDGE-FUND,0xadf4d5b9d7e54e3e85b667ed613a285bce36b821,2026-08-14T15:00:00Z,0.00988890391284015,149964879.915581,1482988.2877857925,156,0.0,0.0,0.0,7883698.08513757,123110.38460183535,158.0,8786.022479232748,0.0011144544583456652,22.998830951234204,0.0,7.699263013244484,0.001830138128955383,1.509184580640266,-0.22505252022451128,-1.4639270699995155,-0.611838004918408
2026-08-16-seven-token-pilot,early,base,AI-HEDGE-FUND,0xadf4d5b9d7e54e3e85b667ed613a285bce36b821,2026-08-14T16:00:00Z,0.009171168404217825,149964962.657168,1375353.927261125,156,82.74158701300621,5.5173976106661463e-05,0.7588370285285224,7883698.08513757,123110.38460183535,158.0,8786.022479232748,0.0011144544583456652,-7.257988498506784,5.517397609899888e-05,7.93736522730315,0.0018853131148244273,-9.02487473201069,-0.22499747041883067,-7.121898197483345,-0.5461344729297823
2026-08-16-seven-token-pilot,early,base,AI-HEDGE-FUND,0xadf4d5b9d7e54e3e85b667ed613a285bce36b821,2026-08-14T17:00:00Z,0.00945209863444093,150020944.485544,1418012.7645093494,157,55981.82837599516,0.03732993852969119,529.1457635462504,7883698.08513757,123110.38460183535,158.0,8786.022479232748,0.0011144544583456652,3.063189092612295,0.03732993852969546,18.26334792267643,0.03256443545898158,-9.329060058053873,-0.1877515233065341,-2.7598433187589366,-0.5090084060631273
2026-08-16-seven-token-pilot,early,base,AI-HEDGE-FUND,0xadf4d5b9d7e54e3e85b667ed613a285bce36b821,2026-08-14T18:00:00Z,0.01093183409476985,150020944.485544,1640004.075856645,157,0.0,0.0,0.0,7883698.08513757,123110.38460183535,158.0,8786.022479232748,0.0011144544583456652,15.655099650961724,0.0,35.97086448212414,0.037385133102207924,-4.23533280158952,-0.2677487538218948,12.277482757257484,-0.5090084060631273
2026-08-16-seven-token-pilot,early,base,AI-HEDGE-FUND,0xadf4d5b9d7e54e3e85b667ed613a285bce36b821,2026-08-14T19:00:00Z,0.01102555935432515,150020944.485544,1654064.8278172836,157,0.0,0.0,0.0,7883698.08513757,123110.38460183535,158.0,8786.022479232748,0.0011144544583456652,0.8573607936489092,0.0,11.49425104645947,0.037385133102207924,2.5517092647165507,-0.2677487538218948,13.511507281737867,-0.5090084060631273
2026-08-16-seven-token-pilot,early,base,AI-HEDGE-FUND,0xadf4d5b9d7e54e3e85b667ed613a285bce36b821,2026-08-14T20:00:00Z,0.0117775276855231,150020944.485544,1766875.8270868186,157,0.0,0.0,0.0,7883698.08513757,123110.38460183535,158.0,8786.022479232748,0.0011144544583456652,6.820228407758422,0.0,28.419053782794013,0.03732993852969546,27.479099525665806,-0.2677487538218948,19.080648973363456,-0.5090084060631273
2026-08-16-seven-token-pilot,early,base,AI-HEDGE-FUND,0xadf4d5b9d7e54e3e85b667ed613a285bce36b821,2026-08-14T21:00:00Z,0.0119275040047647,150020944.485544,1789375.4161499084,157,0.0,0.0,0.0,7883698.08513757,123110.38460183535,158.0,8786.022479232748,0.0011144544583456652,1.2734108825398938,0.0,26.188949841298225,0.0,28.625498293286466,-0.20664822530298554,19.950756927678714,-0.5090421069179452
2026-08-16-seven-token-pilot,early,base,AI-HEDGE-FUND,0xadf4d5b9d7e54e3e85b667ed613a285bce36b821,2026-08-14T22:00:00Z,0.0116355036003313,150020944.485544,1745569.239686649,157,0.0,0.0,0.0,7883698.08513757,123110.38460183535,158.0,8786.022479232748,0.0011144544583456652,-2.448126651785265,0.0,6.436884236087237,0.0,17.321415222253368,-0.2335477868928404,16.029984455280456,-0.21912218181471266
2026-08-16-seven-token-pilot,early,base,AI-HEDGE-FUND,0xadf4d5b9d7e54e3e85b667ed613a285bce36b821,2026-08-14T23:00:00Z,0.0114755632555578,150020944.485544,1721574.838102385,157,0.0,0.0,0.0,7883698.08513757,123110.38460183535,158.0,8786.022479232748,0.0011144544583456652,-1.374588932867049,0.0,4.081460965117567,0.0,24.979443240487843,0.03921595543074918,9.953288742101286,-0.289790962209735
2026-08-16-seven-token-pilot,early,base,AI-HEDGE-FUND,0xadf4d5b9d7e54e3e85b667ed613a285bce36b821,2026-08-15T00:00:00Z,0.0112817745352627,150020944.485544,1692502.4712530694,157,0.0,0.0,0.0,7883698.08513757,123110.38460183535,158.0,8786.022479232748,0.0011144544583456652,-1.688707699826808,0.0,-4.2093142423242025,0.0,32.77752242175664,0.03921595543074918,8.809342889667459,-0.2938902072286531
2026-08-16-seven-token-pilot,early,base,AI-HEDGE-FUND,0xadf4d5b9d7e54e3e85b667ed613a285bce36b821,2026-08-15T01:00:00Z,0.01127264664096515,150020944.485544,1691133.0959293868,157,0.0,0.0,0.0,7883698.08513757,123110.38460183535,158.0,8786.022479232748,0.0011144544583456652,-0.08090832048646135,0.0,-5.490313510169043,0.0,41.04179222720348,0.03256443545898158,11.626846570900229,-0.2938902072286531
2026-08-16-seven-token-pilot,early,base,AI-HEDGE-FUND,0xadf4d5b9d7e54e3e85b667ed613a285bce36b821,2026-08-15T02:00:00Z,0.010924310572728451,150031919.33955097,1638995.282687799,157,10974.85400697589,0.007315547868740038,119.89271366255791,7883698.08513757,123110.38460183535,158.0,8786.022479232748,0.0011144544583456652,-3.0901001276029905,0.007315547868746997,-6.112266834609548,0.007315547868746997,35.877286424951784,0.04470341589826177,5.300538532119203,-0.28659615903871005
2026-08-16-seven-token-pilot,early,base,AI-HEDGE-FUND,0xadf4d5b9d7e54e3e85b667ed613a285bce36b821,2026-08-15T03:00:00Z,0.0109180194095676,150024758.301886,1637973.2230556787,156,-7161.037664979696,-0.004773009434594312,-78.18434821889296,7883698.08513757,123110.38460183535,158.0,8786.022479232748,0.0011144544583456652,-0.05758865164962046,-0.004773009434588804,-4.858531416487755,0.002542189262366712,10.406770111207209,0.03992827276539934,12.0730120617085,-0.18521410704325225
2026-08-16-seven-token-pilot,early,base,AI-HEDGE-FUND,0xadf4d5b9d7e54e3e85b667ed613a285bce36b821,2026-08-15T04:00:00Z,0.01046424305354445,150024758.301886,1569895.5349201954,156,0.0,0.0,0.0,7883698.08513757,123110.38460183535,158.0,8786.022479232748,0.0011144544583456652,-4.156214959880911,0.0,-7.2464795246789055,0.002542189262366712,14.099344732694474,0.03987307678974261,3.8020218005237583,-0.18521410704325225
2026-08-16-seven-token-pilot,early,base,AI-HEDGE-FUND,0xadf4d5b9d7e54e3e85b667ed613a285bce36b821,2026-08-15T05:00:00Z,0.01039111099656425,150024758.301886,1558923.9157476216,156,0.0,0.0,0.0,7883698.08513757,123110.38460183535,158.0,8786.022479232748,0.0011144544583456652,-0.6988757486422137,0.0,-7.820130200811692,0.002542189262366712,9.93443253651427,0.002542189262366712,-0.32141669929787176,-0.18521410704325225
2026-08-16-seven-token-pilot,early,base,AI-HEDGE-FUND,0xadf4d5b9d7e54e3e85b667ed613a285bce36b821,2026-08-15T06:00:00Z,0.0112919343768345,150024758.301886,1694069.725645353,156,0.0,0.0,0.0,7883698.08513757,123110.38460183535,158.0,8786.022479232748,0.0011144544583456652,8.669172916814194,0.0,3.3651899738532443,-0.004773009434588804,3.2940518392694296,0.002542189262366712,-1.0807950203700178,-0.2652133712396032
2026-08-16-seven-token-pilot,early,base,AI-HEDGE-FUND,0xadf4d5b9d7e54e3e85b667ed613a285bce36b821,2026-08-15T07:00:00Z,0.01223474966379685,150020563.129444,1835464.0343105786,154,-4195.172441989183,-0.0027963200804146503,-51.32688462419697,7883698.08513757,123110.38460183535,158.0,8786.022479232748,0.0011144544583456652,8.349457723528264,-0.0027963200804115296,12.060156744870621,-0.0027963200804115296,10.967156137954625,-0.00025420190580272006,13.798715341919298,-0.2680022751052613
2026-08-16-seven-token-pilot,early,base,AI-HEDGE-FUND,0xadf4d5b9d7e54e3e85b667ed613a285bce36b821,2026-08-15T08:00:00Z,0.0114607335044653,150020563.221067,1719345.6952664377,154,0.09162300825119019,6.107363306731093e-08,0.001050066880444316,7883698.08513757,123110.38460183535,158.0,8786.022479232748,0.0011144544583456652,-6.326375124959826,6.107363503815577e-08,9.522814462755802,-0.002796259008486235,-2.689819030926177,-0.00025414083233421536,24.05014244617112,-0.26800221419530645
2026-08-16-seven-token-pilot,early,base,AI-HEDGE-FUND,0xadf4d5b9d7e54e3e85b667ed613a285bce36b821,2026-08-15T09:00:00Z,0.0108053924612404,150020563.221067,1621031.062859956,154,0.0,0.0,0.0,7883698.08513757,123110.38460183535,158.0,8786.022479232748,0.0011144544583456652,-5.718142237314627,0.0,3.986883258326568,-0.002796259008486235,-9.407764969737563,-0.00025414083233421536,16.52471372270028,-0.20690184095779607
2026-08-16-seven-token-pilot,early,base,AI-HEDGE-FUND,0xadf4d5b9d7e54e3e85b667ed613a285bce36b821,2026-08-15T10:00:00Z,0.0112788390253276,150020563.221067,1692057.7830593972,154,0.0,0.0,0.0,7883698.08513757,123110.38460183535,158.0,8786.022479232748,0.0011144544583456652,4.381576752399141,0.0,-0.11597084316894435,-0.002796259008486235,-3.0653127467000663,-0.00025414083233421536,13.725146926836707,-0.23380133418487992
2026-08-16-seven-token-pilot,early,base,AI-HEDGE-FUND,0xadf4d5b9d7e54e3e85b667ed613a285bce36b821,2026-08-15T11:00:00Z,0.01114084088397165,150020563.221067,1671355.224169717,154,0.0,0.0,0.0,7883698.08513757,123110.38460183535,158.0,8786.022479232748,0.0011144544583456652,-1.223513706030055,0.0,-8.94099846654095,6.107363503815577e-08,-2.916827384695375,-0.00025414083233421536,21.334008614809473,0.03896171493467104
2026-08-16-seven-token-pilot,early,base,AI-HEDGE-FUND,0xadf4d5b9d7e54e3e85b667ed613a285bce36b821,2026-08-15T12:00:00Z,0.0113175593005513,150020563.221067,1697866.620556531,154,0.0,0.0,0.0,7883698.08513757,123110.38460183535,158.0,8786.022479232748,0.0011144544583456652,1.586221528698939,0.0,-1.249258643508433,0.0,0.31719092751543165,-0.00025414083233421536,33.198680676658235,0.03896171493467104
2026-08-16-seven-token-pilot,early,base,AI-HEDGE-FUND,0xadf4d5b9d7e54e3e85b667ed613a285bce36b821,2026-08-15T13:00:00Z,0.0108204744888179,150020563.221067,1623293.6771316482,154,0.0,0.0,0.0,7883698.08513757,123110.38460183535,158.0,8786.022479232748,0.0011144544583456652,-4.39215557464927,0.0,0.1395787115701541,0.0,-4.01123326711974,-0.00025414083233421536,35.38427693684398,0.032310211867137006
2026-08-16-seven-token-pilot,early,base,AI-HEDGE-FUND,0xadf4d5b9d7e54e3e85b667ed613a285bce36b821,2026-08-15T14:00:00Z,0.00991980916533096,150020563.221067,1488175.3580284533,154,0.0,0.0,0.0,7883698.08513757,123110.38460183535,158.0,8786.022479232748,0.0011144544583456652,-8.32371375596981,0.0,-12.049377218212099,0.0,-9.19510115270008,-0.007569134977380987,23.383232494633432,0.03713089725898566
2026-08-16-seven-token-pilot,early,base,AI-HEDGE-FUND,0xadf4d5b9d7e54e3e85b667ed613a285bce36b821,2026-08-15T15:00:00Z,0.00947434756738457,150020563.221067,1421346.9582111791,154,0.0,0.0,0.0,7883698.08513757,123110.38460183535,158.0,8786.022479232748,0.0011144544583456652,-4.490626689707389,0.0,-14.958415921590518,0.0,-13.222836377428692,-0.002796259008486235,-4.192136450201566,0.03713089725898566
2026-08-16-seven-token-pilot,early,base,AI-HEDGE-FUND,0xadf4d5b9d7e54e3e85b667ed613a285bce36b821,2026-08-15T16:00:00Z,0.00914487863332833,150021121.749298,1371924.9508331034,154,558.5282309949398,0.0003723011159289576,5.107672885736295,7883698.08513757,123110.38460183535,158.0,8786.022479232748,0.0011144544583456652,-3.4774841403373946,0.0003723011159362244,-19.19743126167791,0.0003723011159362244,-12.60831207250318,-0.0024239683030669035,-0.2866567238848705,0.0374481419759265
2026-08-16-seven-token-pilot,early,base,AI-HEDGE-FUND,0xadf4d5b9d7e54e3e85b667ed613a285bce36b821,2026-08-15T17:00:00Z,0.009243624670216295,150021121.749298,1386738.9420553332,154,0.0,0.0,0.0,7883698.08513757,123110.38460183535,158.0,8786.022479232748,0.0011144544583456652,1.0797960349969715,0.0,-14.572834308062498,0.0003723011159362244,-11.042960918494316,-0.0024239683030669035,-2.205583884461504,0.00011815933742553852
2026-08-16-seven-token-pilot,early,base,AI-HEDGE-FUND,0xadf4d5b9d7e54e3e85b667ed613a285bce36b821,2026-08-15T18:00:00Z,0.00926934245540723,150021121.749298,1390597.1530385846,154,0.0,0.0,0.0,7883698.08513757,123110.38460183535,158.0,8786.022479232748,0.0011144544583456652,0.27822186759485223,0.0,-6.557250236194734,0.0003723011159362244,-17.911828513426677,-0.0024239683030669035,-15.207801590750547,0.00011815933742553852
2026-08-16-seven-token-pilot,early,base,AI-HEDGE-FUND,0xadf4d5b9d7e54e3e85b667ed613a285bce36b821,2026-08-15T19:00:00Z,0.008930551882614145,150021121.749298,1339771.4112700792,154,0.0,0.0,0.0,7883698.08513757,123110.38460183535,158.0,8786.022479232748,0.0011144544583456652,-3.6549579910649665,0.0,-5.739663664466354,0.0003723011159362244,-27.00666439428645,0.00037236218979330715,-19.00137130810662,0.00011815933742553852
2026-08-16-seven-token-pilot,early,base,AI-HEDGE-FUND,0xadf4d5b9d7e54e3e85b667ed613a285bce36b821,2026-08-15T20:00:00Z,0.0077882515154857,150021121.749298,1168402.2288188348,154,0.0,0.0,0.0,7883698.08513757,123110.38460183535,158.0,8786.022479232748,0.0011144544583456652,-12.790926945424918,0.0,-14.834829112968528,0.0,-32.04403965547875,0.0003723011159362244,-33.87193200947433,0.00011815933742553852
2026-08-16-seven-token-pilot,early,base,AI-HEDGE-FUND,0xadf4d5b9d7e54e3e85b667ed613a285bce36b821,2026-08-15T21:00:00Z,0.006933209523007624,150021121.749298,1040127.869964519,154,0.0,0.0,0.0,7883698.08513757,123110.38460183535,158.0,8786.022479232748,0.0011144544583456652,-10.978612988781379,0.0,-24.99468801078666,0.0,-35.835652912400285,0.0003723011159362244,-41.872083880768315,0.00011815933742553852
2026-08-16-seven-token-pilot,early,base,AI-HEDGE-FUND,0xadf4d5b9d7e54e3e85b667ed613a285bce36b821,2026-08-15T22:00:00Z,0.007058500240473945,150021121.749298,1058924.123943591,154,0.0,0.0,0.0,7883698.08513757,123110.38460183535,158.0,8786.022479232748,0.0011144544583456652,1.8071099257933598,0.0,-23.85112240236198,0.0,-37.418202133894475,0.0003723011159362244,-39.33652996099828,0.00011815933742553852
2026-08-16-seven-token-pilot,early,base,AI-HEDGE-FUND,0xadf4d5b9d7e54e3e85b667ed613a285bce36b821,2026-08-15T23:00:00Z,0.00661790350185094,150021121.749298,992825.3069762855,154,0.0,0.0,0.0,7883698.08513757,123110.38460183535,158.0,8786.022479232748,0.0011144544583456652,-6.242073012856075,0.0,-25.895917868921757,0.0,-40.59780970956931,0.0003723011159362244,-42.33046906306945,0.00011815933742553852
2026-08-16-seven-token-pilot,early,base,AI-HEDGE-FUND,0xadf4d5b9d7e54e3e85b667ed613a285bce36b821,2026-08-16T00:00:00Z,0.006741053126317766,150021121.749298,1011300.3517818032,154,0.0,0.0,0.0,7883698.08513757,123110.38460183535,158.0,8786.022479232748,0.0011144544583456652,1.8608555478692335,0.0,-13.445872762143685,0.0,-40.437218420499946,0.0003723011159362244,-40.24829068115393,0.00011815933742553852
2026-08-16-seven-token-pilot,early,base,AI-HEDGE-FUND,0xadf4d5b9d7e54e3e85b667ed613a285bce36b821,2026-08-16T01:00:00Z,0.00686315015608565,150488860.414738,1032827.6458445606,154,467738.66543999314,0.31178187443607874,3210.1606947217824,7883698.08513757,123110.38460183535,158.0,8786.022479232748,0.0011144544583456652,1.811245624088098,0.31178187443607897,-1.0104896828732057,0.31178187443607897,-36.57255822581376,0.3121553363194085,-39.116780870742915,0.3119004021729044
2026-08-16-seven-token-pilot,early,base,AI-HEDGE-FUND,0xadf4d5b9d7e54e3e85b667ed613a285bce36b821,2026-08-16T02:00:00Z,0.0075668338391039845,150490340.006085,1138735.3972163077,154,1479.5913470089436,0.0009831899470374625,11.19582187259272,7883698.08513757,123110.38460183535,158.0,8786.022479232748,0.0011144544583456652,10.253071359576316,0.0009831899470347238,7.201722480863837,0.3127681297911522,-23.71996564662212,0.31314159534632235,-30.73399196472958,0.30554875825892225
2026-08-16-seven-token-pilot,early,base,AI-HEDGE-FUND,0xadf4d5b9d7e54e3e85b667ed613a285bce36b821,2026-08-16T03:00:00Z,0.008121272078563006,151070562.506733,1226885.141178738,153,580222.5006479919,0.38555464797576433,4712.144793866542,7883698.08513757,123110.38460183535,158.0,8786.022479232748,0.0011144544583456652,7.3272157318135855,0.385554647975761,22.71668930034403,0.6995286698287195,-14.281463490737078,0.6999035752977001,-25.61588531848339,0.6970877451724311
2026-08-16-seven-token-pilot,early,base,AI-HEDGE-FUND,0xadf4d5b9d7e54e3e85b667ed613a285bce36b821,2026-08-16T04:00:00Z,0.008669148273604025,151070562.506733,1309653.106147633,153,0.0,0.0,0.0,7883698.08513757,123110.38460183535,158.0,8786.022479232748,0.0011144544583456652,6.74618692417901,0.0,28.602283814657635,0.6995286698287195,-5.202150611277823,0.6995286698287195,-17.154559300229465,0.6970877451724311
2026-08-16-seven-token-pilot,early,base,AI-HEDGE-FUND,0xadf4d5b9d7e54e3e85b667ed613a285bce36b821,2026-08-16T05:00:00Z,0.00869465315738994,151070562.506733,1313506.14328784,153,0.0,0.0,0.0,7883698.08513757,123110.38460183535,158.0,8786.022479232748,0.0011144544583456652,0.2942028787715323,0.0,26.68604007855302,0.3865416286573442,-5.938920417173421,0.6995286698287195,-16.3260486750188,0.6970877451724311
2026-08-16-seven-token-pilot,early,base,AI-HEDGE-FUND,0xadf4d5b9d7e54e3e85b667ed613a285bce36b821,2026-08-16T06:00:00Z,0.00886350862143587,151070562.506733,1339015.2332235947,153,0.0,0.0,0.0,7883698.08513757,123110.38460183535,158.0,8786.022479232748,0.0011144544583456652,1.9420609538911116,0.0,17.13629253533906,0.385554647975761,-4.378237571043853,0.6995286698287195,-21.505843678834736,0.6970877451724311
2026-08-16-seven-token-pilot,early,base,AI-HEDGE-FUND,0xadf4d5b9d7e54e3e85b667ed613a285bce36b821,2026-08-16T07:00:00Z,0.00876015121746776,151070562.506733,1323400.9720668963,153,0.0,0.0,0.0,7883698.08513757,123110.38460183535,158.0,8786.022479232748,0.0011144544583456652,-1.16610033771668,0.0,7.86673728849876,0.0,-1.9080642202876419,0.6995286698287195,-28.399424114173556,0.6999036367987932
2026-08-16-seven-token-pilot,early,base,AI-HEDGE-FUND,0xadf4d5b9d7e54e3e85b667ed613a285bce36b821,2026-08-16T08:00:00Z,0.00836490126823212,151070562.506733,1263690.3399051107,153,0.0,0.0,0.0,7883698.08513757,123110.38460183535,158.0,8786.022479232748,0.0011144544583456652,-4.511907836105733,0.0,-3.5095374513120503,0.0,7.404097718208558,0.6995286698287195,-27.012513946223336,0.6999035752977001
2026-08-16-seven-token-pilot,momentum,base,CHEAT.SH,0xadfd54cb2997d3a0077f0aafbd8ebbf9ac10b99c,2026-08-12T10:00:00Z,0.0032274637895853397,103569617.461187,334267.19005718664,150,,,,9325420.00667191,129599.00751895338,158.0,10599.232077900018,0.0011365956782983238,,,,,,,,
2026-08-16-seven-token-pilot,momentum,base,CHEAT.SH,0xadfd54cb2997d3a0077f0aafbd8ebbf9ac10b99c,2026-08-12T11:00:00Z,0.003253168009421655,103569617.461187,336929.36627277214,150,0.0,0.0,0.0,9325420.00667191,129599.00751895338,158.0,10599.232077900018,0.0011365956782983238,0.7964216335829999,0.0,,,,,,
2026-08-16-seven-token-pilot,momentum,base,CHEAT.SH,0xadfd54cb2997d3a0077f0aafbd8ebbf9ac10b99c,2026-08-12T12:00:00Z,0.00357836318505465,103571253.75510201,370615.56146721024,151,1636.2939150035381,0.0015798976139085807,5.855253905377603,9325420.00667191,129599.00751895338,158.0,10599.232077900018,0.0011365956782983238,9.996261327148858,0.0015798976139125287,,,,,,
2026-08-16-seven-token-pilot,momentum,base,CHEAT.SH,0xadfd54cb2997d3a0077f0aafbd8ebbf9ac10b99c,2026-08-12T13:00:00Z,0.00392822392299614,103588119.742142,406917.3301092708,152,16865.987039998174,0.016284428766188748,66.25337377546369,9325420.00667191,129599.00751895338,158.0,10599.232077900018,0.0011365956782983238,9.77711651524682,0.01628442876617786,,,,,,
2026-08-16-seven-token-pilot,momentum,base,CHEAT.SH,0xadfd54cb2997d3a0077f0aafbd8ebbf9ac10b99c,2026-08-12T14:00:00Z,0.0040418255265828144,103588119.742142,418685.1066245067,152,0.0,0.0,0.0,9325420.00667191,129599.00751895338,158.0,10599.232077900018,0.0011365956782983238,2.8919329909285807,0.0,25.232250153365875,0.017864583657400956,,,,
2026-08-16-seven-token-pilot,momentum,base,CHEAT.SH,0xadfd54cb2997d3a0077f0aafbd8ebbf9ac10b99c,2026-08-12T15:00:00Z,0.0038832087402663,103588119.742142,402254.291970438,152,0.0,0.0,0.0,9325420.00667191,129599.00751895338,158.0,10599.232077900018,0.0011365956782983238,-3.9243847927947995,0.0,19.366990239051706,0.017864583657400956,,,,
2026-08-16-seven-token-pilot,momentum,base,CHEAT.SH,0xadfd54cb2997d3a0077f0aafbd8ebbf9ac10b99c,2026-08-12T16:00:00Z,0.00416646231894879,103610468.942256,431689.1146965235,153,22349.200113996863,0.021575061087728865,93.11710013361395,9325420.00667191,129599.00751895338,158.0,10599.232077900018,0.0011365956782983238,7.294317602485245,0.021575061087730774,16.43486430752441,0.037863003229365866,,,,
2026-08-16-seven-token-pilot,momentum,base,CHEAT.SH,0xadfd54cb2997d3a0077f0aafbd8ebbf9ac10b99c,2026-08-12T17:00:00Z,0.00476515618645431,103641180.315189,493866.4115503495,157,30711.372933000326,0.029641187079383197,146.34448872619194,9325420.00667191,129599.00751895338,158.0,10599.232077900018,0.0011365956782983238,14.369357543033567,0.029641187079376685,21.305614951293904,0.051222643271331414,,,,
2026-08-16-seven-token-pilot,momentum,base,CHEAT.SH,0xadfd54cb2997d3a0077f0aafbd8ebbf9ac10b99c,2026-08-12T18:00:00Z,0.00472041132889324,103792314.151383,489942.41557223443,157,151133.8361939937,0.1458241171456868,713.413872549223,9325420.00667191,129599.00751895338,158.0,10599.232077900018,0.0011365956782983238,-0.9390008597884858,0.14582411714567645,16.78909190531388,0.19712145538435255,,,,
2026-08-16-seven-token-pilot,momentum,base,CHEAT.SH,0xadfd54cb2997d3a0077f0aafbd8ebbf9ac10b99c,2026-08-12T19:00:00Z,0.00459277271815068,103792314.151383,476694.50878819654,157,0.0,0.0,0.0,9325420.00667191,129599.00751895338,158.0,10599.232077900018,0.0011365956782983238,-2.703972214482553,0.0,18.272620024946672,0.19712145538435255,,,,
2026-08-16-seven-token-pilot,momentum,base,CHEAT.SH,0xadfd54cb2997d3a0077f0aafbd8ebbf9ac10b99c,2026-08-12T20:00:00Z,0.00525188528115306,103792314.151383,545105.3269884628,157,0.0,0.0,0.0,9325420.00667191,129599.00751895338,158.0,10599.232077900018,0.0011365956782983238,14.351081654826082,0.0,26.051428744905202,0.17550852822443286,,,,
2026-08-16-seven-token-pilot,momentum,base,CHEAT.SH,0xadfd54cb2997d3a0077f0aafbd8ebbf9ac10b99c,2026-08-12T21:00:00Z,0.00560434574551649,103792314.151383,581688.0142316142,157,0.0,0.0,0.0,9325420.00667191,129599.00751895338,158.0,10599.232077900018,0.0011365956782983238,6.71112268252072,0.0,17.610955994426902,0.14582411714567645,,,,
2026-08-16-seven-token-pilot,momentum,base,CHEAT.SH,0xadfd54cb2997d3a0077f0aafbd8ebbf9ac10b99c,2026-08-12T22:00:00Z,0.00545392306855362,103192314.151383,562802.9426476599,157,-600000.0,-0.5780774857036995,-3272.353841132172,9325420.00667191,129599.00751895338,158.0,10599.232077900018,0.0011365956782983238,-2.6840363495276742,-0.5780774857036985,15.539148784992873,-0.5780774857036985,68.9847950007313,-0.3642992211933205,,
2026-08-16-seven-token-pilot,momentum,base,CHEAT.SH,0xadfd54cb2997d3a0077f0aafbd8ebbf9ac10b99c,2026-08-12T23:00:00Z,0.0052370908710681,103192314.151383,540427.5264065994,157,0.0,0.0,0.0,9325420.00667191,129599.00751895338,158.0,10599.232077900018,0.0011365956782983238,-3.975710598774973,0.0,14.028957940179998,-0.5780774857036985,60.984334528702846,-0.3642992211933205,,
2026-08-16-seven-token-pilot,momentum,base,CHEAT.SH,0xadfd54cb2997d3a0077f0aafbd8ebbf9ac10b99c,2026-08-13T00:00:00Z,0.00496511101933694,103192314.151383,512361.2961039112,157,0.0,0.0,0.0,9325420.00667191,129599.00751895338,158.0,10599.232077900018,0.0011365956782983238,-5.193338409186121,0.0,-5.460406053522126,-0.5780774857036985,38.75369163404556,-0.36587333838308256,,
2026-08-16-seven-token-pilot,momentum,base,CHEAT.SH,0xadfd54cb2997d3a0077f0aafbd8ebbf9ac10b99c,2026-08-13T01:00:00Z,0.00533818843093272,103209542.238958,550951.9843418675,158,17228.087575003505,0.016695126683301163,91.96677777997945,9325420.00667191,129599.00751895338,158.0,10599.232077900018,0.0011365956782983238,7.513979247247549,0.01669512668329709,-4.749123745562944,-0.5614788697889672,35.89318062248268,-0.36546420972441984,,
2026-08-16-seven-token-pilot,momentum,base,CHEAT.SH,0xadfd54cb2997d3a0077f0aafbd8ebbf9ac10b99c,2026-08-13T02:00:00Z,0.00531341002322427,103209542.238958,548394.6162248681,158,0.0,0.0,0.0,9325420.00667191,129599.00751895338,158.0,10599.232077900018,0.0011365956782983238,-0.46417259392472765,0.0,-2.576366471678415,0.01669512668329709,31.46064787503393,-0.36546420972441984,,
2026-08-16-seven-token-pilot,momentum,base,CHEAT.SH,0xadfd54cb2997d3a0077f0aafbd8ebbf9ac10b99c,2026-08-13T03:00:00Z,0.00521783657389488,103209542.238958,538530.5242693836,158,0.0,0.0,0.0,9325420.00667191,129599.00751895338,158.0,10599.232077900018,0.0011365956782983238,-1.79872151615722,0.0,-0.36765253166769485,0.01669512668329709,34.36920142328108,-0.36546420972441984,,
2026-08-16-seven-token-pilot,momentum,base,CHEAT.SH,0xadfd54cb2997d3a0077f0aafbd8ebbf9ac10b99c,2026-08-13T04:00:00Z,0.0054035778078861,103209542.238958,557700.7920045166,158,0.0,0.0,0.0,9325420.00667191,129599.00751895338,158.0,10599.232077900018,0.0011365956782983238,3.5597365183971608,0.0,8.830956384288747,0.01669512668329709,29.692227943859994,-0.3869557848651839,,
2026-08-16-seven-token-pilot,momentum,base,CHEAT.SH,0xadfd54cb2997d3a0077f0aafbd8ebbf9ac10b99c,2026-08-13T05:00:00Z,0.00558666128912425,103209542.238958,576596.7542946207,158,0.0,0.0,0.0,9325420.00667191,129599.00751895338,158.0,10599.232077900018,0.0011365956782983238,3.3881899687083994,0.0,4.65462883909693,0.0,17.239835810737848,-0.4164735242481066,,
2026-08-16-seven-token-pilot,momentum,base,CHEAT.SH,0xadfd54cb2997d3a0077f0aafbd8ebbf9ac10b99c,2026-08-13T06:00:00Z,0.00539816297143738,103209542.238958,557141.929213345,158,0.0,0.0,0.0,9325420.00667191,129599.00751895338,158.0,10599.232077900018,0.0011365956782983238,-3.374078146706816,0.0,1.595076379249205,0.0,14.357893736837713,-0.5614788697889672,,
2026-08-16-seven-token-pilot,momentum,base,CHEAT.SH,0xadfd54cb2997d3a0077f0aafbd8ebbf9ac10b99c,2026-08-13T07:00:00Z,0.005227354765378105,103209542.238958,539512.8924553099,158,0.0,0.0,0.0,9325420.00667191,129599.00751895338,158.0,10599.232077900018,0.0011365956782983238,-3.1641913547821976,0.0,0.1824164354024438,0.0,13.816970404817797,-0.5614788697889672,,
2026-08-16-seven-token-pilot,momentum,base,CHEAT.SH,0xadfd54cb2997d3a0077f0aafbd8ebbf9ac10b99c,2026-08-13T08:00:00Z,0.00510618607223551,103265322.56451301,527291.9518238237,158,55780.32555501163,0.0540457057990482,284.82472145376283,9325420.00667191,129599.00751895338,158.0,10599.232077900018,0.0011365956782983238,-2.317973403012963,0.0540457057990551,-5.503607909866126,0.0540457057990551,-2.774226798906043,-0.5077366192080102,,
2026-08-16-seven-token-pilot,momentum,base,CHEAT.SH,0xadfd54cb2997d3a0077f0aafbd8ebbf9ac10b99c,2026-08-13T09:00:00Z,0.005093838797251525,103608786.73794001,527766.457621878,158,343464.17342700064,0.3326035932463466,1749.5511320683822,9325420.00667191,129599.00751895338,158.0,10599.232077900018,0.0011365956782983238,-0.24181012617463526,0.3326035932463389,-8.821413476992424,0.38682905700486714,-9.109126585799487,-0.17682177620137463,,
2026-08-16-seven-token-pilot,momentum,base,CHEAT.SH,0xadfd54cb2997d3a0077f0aafbd8ebbf9ac10b99c,2026-08-13T10:00:00Z,0.00525793906345175,103608786.73794001,544768.6871062565,158,0.0,0.0,0.0,9325420.00667191,129599.00751895338,158.0,10599.232077900018,0.0011365956782983238,3.221544158185141,0.0,-2.5976227232778926,0.38682905700486714,-3.593450120920849,0.40358876528929777,62.91241068043967,0.03781927336719004
2026-08-16-seven-token-pilot,momentum,base,CHEAT.SH,0xadfd54cb2997d3a0077f0aafbd8ebbf9ac10b99c,2026-08-13T11:00:00Z,0.00494900934913555,103607026.09293202,512752.1407700514,157,-1760.6450079977512,-0.0016993201671697878,-8.713448605089706,9325420.00667191,129599.00751895338,158.0,10599.232077900018,0.0011365956782983238,-5.875490578876963,-0.0016993201671700042,-5.324785263975118,0.38512316337353525,-5.500792883393224,0.40188258685684985,52.128919711570006,0.03611931052949213
2026-08-16-seven-token-pilot,momentum,base,CHEAT.SH,0xadfd54cb2997d3a0077f0aafbd8ebbf9ac10b99c,2026-08-13T12:00:00Z,0.00552338786323688,103607026.09293202,572261.7904677675,157,0.0,0.0,0.0,9325420.00667191,129599.00751895338,158.0,10599.232077900018,0.0011365956782983238,11.605929057330577,0.0,8.170516802548033,0.3308986210792453,11.243995184109568,0.40188258685684985,54.3551500391519,0.03453886723683297
2026-08-16-seven-token-pilot,momentum,base,CHEAT.SH,0xadfd54cb2997d3a0077f0aafbd8ebbf9ac10b99c,2026-08-13T13:00:00Z,0.00556821829362385,103607026.09293202,576906.5380386274,157,0.0,0.0,0.0,9325420.00667191,129599.00751895338,158.0,10599.232077900018,0.0011365956782983238,0.8116473348785957,0.0,9.312809361542506,-0.0016993201671700042,4.309137185158107,0.38512316337353525,41.74900420078016,0.018251466323615517
2026-08-16-seven-token-pilot,momentum,base,CHEAT.SH,0xadfd54cb2997d3a0077f0aafbd8ebbf9ac10b99c,2026-08-13T14:00:00Z,0.00527530839538063,103615283.25340101,546602.5736364083,159,8257.160468995571,0.007969691612988848,43.5590679440974,9325420.00667191,129599.00751895338,158.0,10599.232077900018,0.0011365956782983238,-5.260388203146238,0.007969691612985663,0.33034486933514184,0.006270236015248898,-0.7170842768975505,0.39312354811495975,30.51796423881441,0.026222612522186495
2026-08-16-seven-token-pilot,momentum,base,CHEAT.SH,0xadfd54cb2997d3a0077f0aafbd8ebbf9ac10b99c,2026-08-13T15:00:00Z,0.00511359501172102,103615283.25340101,529846.5955826519,159,0.0,0.0,0.0,9325420.00667191,129599.00751895338,158.0,10599.232077900018,0.0011365956782983238,-3.065477343489831,0.0,3.3256284434826977,0.007969691612985663,-1.9977927767110715,0.39312354811495975,31.684783223122427,0.026222612522186495
2026-08-16-seven-token-pilot,momentum,base,CHEAT.SH,0xadfd54cb2997d3a0077f0aafbd8ebbf9ac10b99c,2026-08-13T16:00:00Z,0.00545307481771464,103615283.25340101,565021.8918394905,159,0.0,0.0,0.0,9325420.00667191,129599.00751895338,158.0,10599.232077900018,0.0011365956782983238,6.638769891152663,0.0,-1.2730057577566845,0.007969691612985663,0.9160043879872237,0.39312354811495975,30.880214442704144,0.004646548938680439
2026-08-16-seven-token-pilot,momentum,base,CHEAT.SH,0xadfd54cb2997d3a0077f0aafbd8ebbf9ac10b99c,2026-08-13T17:00:00Z,0.004991611051557475,103615283.25340101,517207.19299793453,159,0.0,0.0,0.0,9325420.00667191,129599.00751895338,158.0,10599.232077900018,0.0011365956782983238,-8.462450664679544,0.0,-10.355327533165248,0.007969691612985663,-10.651267488243477,0.39312354811495975,4.7523072957587065,-0.024987231628625928
2026-08-16-seven-token-pilot,momentum,base,CHEAT.SH,0xadfd54cb2997d3a0077f0aafbd8ebbf9ac10b99c,2026-08-13T18:00:00Z,0.00486516826535805,103615283.25340101,504105.78789053205,159,0.0,0.0,0.0,9325420.00667191,129599.00751895338,158.0,10599.232077900018,0.0011365956782983238,-2.5331057426834724,0.0,-7.774713804063527,0.0,-9.873631250103,0.39312354811495975,3.066617003877714,-0.17056262732882965
2026-08-16-seven-token-pilot,momentum,base,CHEAT.SH,0xadfd54cb2997d3a0077f0aafbd8ebbf9ac10b99c,2026-08-13T19:00:00Z,0.00536096470699124,104072937.34992802,557931.3440858745,159,457654.0965270102,0.4416859001463845,2453.467459491264,9325420.00667191,129599.00751895338,158.0,10599.232077900018,0.0011365956782983238,10.19073574830822,0.44168590014639353,4.837490937456268,0.44168590014639353,2.5559761602189868,0.8365458195435327,16.72610503464842,0.2703699217417199
2026-08-16-seven-token-pilot,momentum,base,CHEAT.SH,0xadfd54cb2997d3a0077f0aafbd8ebbf9ac10b99c,2026-08-13T20:00:00Z,0.005492448843690869,104072937.34992802,571615.2844071244,159,0.0,0.0,0.0,9325420.00667191,129599.00751895338,158.0,10599.232077900018,0.0011365956782983238,2.4526208226694823,0.0,0.7220518201642934,0.44168590014639353,7.5646043052687295,0.7820774344751369,4.580518226494723,0.2703699217417199
2026-08-16-seven-token-pilot,momentum,base,CHEAT.SH,0xadfd54cb2997d3a0077f0aafbd8ebbf9ac10b99c,2026-08-13T21:00:00Z,0.0058328674964491,104086119.68147302,607120.5443215749,160,13182.331544995308,0.012666435560160947,76.89079319621878,9325420.00667191,129599.00751895338,158.0,10599.232077900018,0.0011365956782983238,6.197939433687516,0.01266643556017133,16.853405367574403,0.4544082815664652,14.508285962962386,0.4607070100534294,4.077581243366879,0.2830706035338082
2026-08-16-seven-token-pilot,momentum,base,CHEAT.SH,0xadfd54cb2997d3a0077f0aafbd8ebbf9ac10b99c,2026-08-13T22:00:00Z,0.0059569315663174,104086119.68147302,620033.8919460573,160,0.0,0.0,0.0,9325420.00667191,129599.00751895338,158.0,10599.232077900018,0.0011365956782983238,2.126982482352413,0.0,22.44040167599428,0.4544082815664652,13.294039630934273,0.4607070100534294,9.222874826820359,0.8661551370761966
2026-08-16-seven-token-pilot,momentum,base,CHEAT.SH,0xadfd54cb2997d3a0077f0aafbd8ebbf9ac10b99c,2026-08-13T23:00:00Z,0.00622054286340707,104086119.68147302,647472.1689643211,160,0.0,0.0,0.0,9325420.00667191,129599.00751895338,158.0,10599.232077900018,0.0011365956782983238,4.425286645564674,0.0,16.034020057898402,0.01266643556017133,25.69268765866486,0.46241418811816537,18.77859324099136,0.8661551370761966
2026-08-16-seven-token-pilot,momentum,base,CHEAT.SH,0xadfd54cb2997d3a0077f0aafbd8ebbf9ac10b99c,2026-08-14T00:00:00Z,0.006893819272766095,104086119.68147302,717550.8978875767,160,0.0,0.0,0.0,9325420.00667191,129599.00751895338,158.0,10599.232077900018,0.0011365956782983238,10.823434933945041,0.0,25.514492150163015,0.01266643556017133,24.81142812096666,0.46241418811816537,38.84521908810654,0.8661551370761966
2026-08-16-seven-token-pilot,momentum,base,CHEAT.SH,0xadfd54cb2997d3a0077f0aafbd8ebbf9ac10b99c,2026-08-14T01:00:00Z,0.007405621655474385,104105034.56796302,770962.498440416,160,18914.886490002275,0.01817234281370666,140.07649300120073,9325420.00667191,129599.00751895338,158.0,10599.232077900018,0.0011365956782983238,7.424076008637992,0.018172342813715936,26.963653125717958,0.018172342813715936,32.99804829768511,0.4806705624233576,38.729116652415186,0.8676448994722863
2026-08-16-seven-token-pilot,momentum,base,CHEAT.SH,0xadfd54cb2997d3a0077f0aafbd8ebbf9ac10b99c,2026-08-14T02:00:00Z,0.00703322141363096,104105034.56796302,732193.7583901888,160,0.0,0.0,0.0,9325420.00667191,129599.00751895338,158.0,10599.232077900018,0.0011365956782983238,-5.028615545977011,0.0,18.067856501815214,0.018172342813715936,33.32341706865254,0.47266320101087,32.3673758074307,0.8676448994722863
2026-08-16-seven-token-pilot,momentum,base,CHEAT.SH,0xadfd54cb2997d3a0077f0aafbd8ebbf9ac10b99c,2026-08-14T03:00:00Z,0.00693066297747532,104105034.56796302,721516.9088489697,160,0.0,0.0,0.0,9325420.00667191,129599.00751895338,158.0,10599.232077900018,0.0011365956782983238,-1.458200021356837,0.0,11.415725759975048,0.018172342813715936,35.53406090215094,0.47266320101087,32.82637122346459,0.8676448994722863
2026-08-16-seven-token-pilot,momentum,base,CHEAT.SH,0xadfd54cb2997d3a0077f0aafbd8ebbf9ac10b99c,2026-08-14T04:00:00Z,0.007596142647686255,103983434.56796302,789873.0019745965,160,-121600.0,-0.11680510986297758,-923.6909459586485,9325420.00667191,129599.00751895338,158.0,10599.232077900018,0.0011365956782983238,9.60196264590769,-0.11680510986298298,10.187725368645427,-0.09865399327425584,39.300172867787,0.3553059963766758,40.57616856372972,0.7498263360312674
2026-08-16-seven-token-pilot,momentum,base,CHEAT.SH,0xadfd54cb2997d3a0077f0aafbd8ebbf9ac10b99c,2026-08-14T05:00:00Z,0.00690292229092899,103983434.56796302,717789.568366548,160,0.0,0.0,0.0,9325420.00667191,129599.00751895338,158.0,10599.232077900018,0.0011365956782983238,-9.125952327506859,0.0,-6.788077867491237,-0.11680510986298298,38.290468140043686,0.3553059963766758,23.560780467703513,0.7498263360312674
2026-08-16-seven-token-pilot,momentum,base,CHEAT.SH,0xadfd54cb2997d3a0077f0aafbd8ebbf9ac10b99c,2026-08-14T06:00:00Z,0.006437262416986059,103983434.56796302,669368.6553334774,160,0.0,0.0,0.0,9325420.00667191,129599.00751895338,158.0,10599.232077900018,0.0011365956782983238,-6.74583682558394,0.0,-8.473485499687005,-0.11680510986298298,32.31325343507541,0.3553059963766758,19.24913069588183,0.7498263360312674
2026-08-16-seven-token-pilot,momentum,base,CHEAT.SH,0xadfd54cb2997d3a0077f0aafbd8ebbf9ac10b99c,2026-08-14T07:00:00Z,0.0061308304007105,103983434.56796302,637504.8018195585,160,0.0,0.0,0.0,9325420.00667191,129599.00751895338,158.0,10599.232077900018,0.0011365956782983238,-4.760284674226966,0.0,-11.540491571503031,-0.11680510986298298,14.360581272159422,-0.08600005365858587,17.28361046616367,0.7498263360312674
2026-08-16-seven-token-pilot,momentum,base,CHEAT.SH,0xadfd54cb2997d3a0077f0aafbd8ebbf9ac10b99c,2026-08-14T08:00:00Z,0.00595692524256224,103987256.10256402,619444.3107821478,160,3821.5346010029316,0.0036751378879538712,22.764595930039384,9325420.00667191,129599.00751895338,158.0,10599.232077900018,0.0011365956782983238,-2.8365677531726474,0.0036751378879484875,-21.57960271616689,0.0036751378879484875,8.456635866620976,-0.08232807639118045,16.660951212737007,0.6991054887762527
2026-08-16-seven-token-pilot,momentum,base,CHEAT.SH,0xadfd54cb2997d3a0077f0aafbd8ebbf9ac10b99c,2026-08-14T09:00:00Z,0.00556483569749891,103959337.28102002,578516.6311897495,159,-27918.821544006467,-0.026848310639593913,-155.3636547601888,9325420.00667191,129599.00751895338,158.0,10599.232077900018,0.0011365956782983238,-6.582079329481083,-0.026848310639593365,-19.38434965707837,-0.02317415946407886,-4.5951978013106025,-0.12180529050461741,9.246403724073883,0.33834055403685337
2026-08-16-seven-token-pilot,momentum,base,CHEAT.SH,0xadfd54cb2997d3a0077f0aafbd8ebbf9ac10b99c,2026-08-14T10:00:00Z,0.005096987263540281,103409337.28102002,527076.0750525,159,-550000.0,-0.529053007055302,-2803.3429949471542,9325420.00667191,129599.00751895338,158.0,10599.232077900018,0.0011365956782983238,-8.407228162529613,-0.5290530070553023,-20.820576615133525,-0.5521045629318766,-14.436027897979365,-0.6502138830077553,-3.0611195369351973,-0.1925024538936726
2026-08-16-seven-token-pilot,momentum,base,CHEAT.SH,0xadfd54cb2997d3a0077f0aafbd8ebbf9ac10b99c,2026-08-14T11:00:00Z,0.00482742872350328,103420601.67383501,499255.58312226256,158,11264.392814993858,0.010893013253128497,54.378053427925316,9325420.00667191,129599.00751895338,158.0,10599.232077900018,0.0011365956782983238,-5.28858570954659,0.01089301325312153,-21.259790142884547,-0.5412716905019543,-22.39537883580732,-0.639391697639069,-2.456665911401179,-0.17993414744844616
2026-08-16-seven-token-pilot,momentum,base,CHEAT.SH,0xadfd54cb2997d3a0077f0aafbd8ebbf9ac10b99c,2026-08-14T12:00:00Z,0.00518951505287373,103420601.67383501,536702.7691636247,158,0.0,0.0,0.0,9325420.00667191,129599.00751895338,158.0,10599.232077900018,0.0011365956782983238,7.500604361231944,0.0,-12.882656042170272,-0.5449268015785602,-24.722206261269243,-0.639391697639069,-6.044710576734502,-0.17993414744844616
2026-08-16-seven-token-pilot,momentum,base,CHEAT.SH,0xadfd54cb2997d3a0077f0aafbd8ebbf9ac10b99c,2026-08-14T13:00:00Z,0.00484579580427944,103384754.15379901,500981.40790494054,157,-35847.52003599703,-0.03466187534767196,-173.70976218425758,9325420.00667191,129599.00751895338,158.0,10599.232077900018,0.0011365956782983238,-6.623340429544633,-0.03466187534767462,-12.92113428510817,-0.5526998750172929,-34.565982037479195,-0.6918785601034316,-12.974033187090628,-0.2145336542462184
2026-08-16-seven-token-pilot,momentum,base,CHEAT.SH,0xadfd54cb2997d3a0077f0aafbd8ebbf9ac10b99c,2026-08-14T14:00:00Z,0.0045981700206829505,103348754.15379901,475215.1430249312,157,-36000.0,-0.034821381832030145,-165.53412074458623,9325420.00667191,129599.00751895338,158.0,10599.232077900018,0.0011365956782983238,-5.110115935504444,-0.03482138183202865,-9.786511463849724,-0.058585741688266246,-34.62213471949966,-0.7264590202602395,-12.835996001496742,-0.25722952370855756
2026-08-16-seven-token-pilot,momentum,base,CHEAT.SH,0xadfd54cb2997d3a0077f0aafbd8ebbf9ac10b99c,2026-08-14T15:00:00Z,0.004880850258092874,103348754.15379901,504429.7933851469,157,0.0,0.0,0.0,9325420.00667191,129599.00751895338,158.0,10599.232077900018,0.0011365956782983238,6.147668227542802,0.0,1.1066250306193348,-0.06947118743573233,-29.575997650503925,-0.7264590202602395,-4.551489765901772,-0.25722952370855756
2026-08-16-seven-token-pilot,momentum,base,CHEAT.SH,0xadfd54cb2997d3a0077f0aafbd8ebbf9ac10b99c,2026-08-14T16:00:00Z,0.0054404294519157445,103348754.15379901,562261.6059171277,157,0.0,0.0,0.0,9325420.00667191,129599.00751895338,158.0,10599.232077900018,0.0011365956782983238,11.464789211573102,0.0,4.835025941452242,-0.06947118743573233,-28.379050996720412,-0.6103668500670456,-0.2318942288819681,-0.25722952370855756
2026-08-16-seven-token-pilot,momentum,base,CHEAT.SH,0xadfd54cb2997d3a0077f0aafbd8ebbf9ac10b99c,2026-08-14T17:00:00Z,0.005742935291199995,103348754.15379901,593525.2075314043,157,0.0,0.0,0.0,9325420.00667191,129599.00751895338,158.0,10599.232077900018,0.0011365956782983238,5.560330153306725,0.0,18.513769939052516,-0.03482138183202865,-16.80428883363374,-0.6103668500670456,15.051738444406482,-0.25722952370855756
2026-08-16-seven-token-pilot,momentum,base,CHEAT.SH,0xadfd54cb2997d3a0077f0aafbd8ebbf9ac10b99c,2026-08-14T18:00:00Z,0.00572247910838575,103314954.15379901,591217.6667289463,157,-33800.0,-0.03270479676000772,-193.41979386343834,9325420.00667191,129599.00751895338,158.0,10599.232077900018,0.0011365956782983238,-0.35619734120267976,-0.03270479676000804,24.451229133450127,-0.03270479676000804,-11.103839835924735,-0.6428720275892474,17.62140169194346,-0.28985019407563595
2026-08-16-seven-token-pilot,momentum,base,CHEAT.SH,0xadfd54cb2997d3a0077f0aafbd8ebbf9ac10b99c,2026-08-14T19:00:00Z,0.00570105573679033,103314979.159332,589004.4546326832,157,25.00553299486637,2.4203207754070215e-05,0.14255793733188282,9325420.00667191,129599.00751895338,158.0,10599.232077900018,0.0011365956782983238,-0.3743722115826631,2.4203207749096123e-05,16.804561404797937,-0.03268060146786045,-7.010056319130332,-0.6428479799771458,6.343840118096233,-0.728295184028005
2026-08-16-seven-token-pilot,momentum,base,CHEAT.SH,0xadfd54cb2997d3a0077f0aafbd8ebbf9ac10b99c,2026-08-14T20:00:00Z,0.0052029995701685,103314979.159332,537547.7921579719,157,0.0,0.0,0.0,9325420.00667191,129599.00751895338,158.0,10599.232077900018,0.0011365956782983238,-8.736209390266957,0.0,-4.364175362362954,-0.03268060146786045,-12.656288969466,-0.6464993581222434,-5.269949375220085,-0.728295184028005
2026-08-16-seven-token-pilot,momentum,base,CHEAT.SH,0xadfd54cb2997d3a0077f0aafbd8ebbf9ac10b99c,2026-08-14T21:00:00Z,0.00566742173168523,103361102.300885,585790.9573909758,157,46123.141552999616,0.044643227853599685,261.3992947710641,9325420.00667191,129599.00751895338,158.0,10599.232077900018,0.0011365956782983238,8.92604650939246,0.04464322785360242,-1.3148948348847944,0.011948036710363041,1.8434692372396144,-0.5754509366656224,-2.836439621928477,-0.6965552974851241
2026-08-16-seven-token-pilot,momentum,base,CHEAT.SH,0xadfd54cb2997d3a0077f0aafbd8ebbf9ac10b99c,2026-08-14T22:00:00Z,0.00629486546346162,103361102.300885,650644.2331391642,157,0.0,0.0,0.0,9325420.00667191,129599.00751895338,158.0,10599.232077900018,0.0011365956782983238,11.07106125998174,0.0,10.002419305246434,0.04466744186644167,23.501691057578068,-0.04664470482382832,5.672952482029814,-0.6965552974851241
2026-08-16-seven-token-pilot,momentum,base,CHEAT.SH,0xadfd54cb2997d3a0077f0aafbd8ebbf9ac10b99c,2026-08-14T23:00:00Z,0.00690765135454015,103370207.70682901,714045.3552851741,157,9105.405944004655,0.008809315827049469,62.896969702741686,9325420.00667191,129599.00751895338,158.0,10599.232077900018,0.0011365956782983238,9.73469400792486,0.008809315827051911,21.16442416030697,0.05345647644359186,43.09173164813185,-0.048727203468534874,11.045796262815921,-0.6878073434141485
2026-08-16-seven-token-pilot,momentum,base,CHEAT.SH,0xadfd54cb2997d3a0077f0aafbd8ebbf9ac10b99c,2026-08-15T00:00:00Z,0.00707077534060448,103370207.70682901,730907.5156066102,157,0.0,0.0,0.0,9325420.00667191,129599.00751895338,158.0,10599.232077900018,0.0011365956782983238,2.3614970949151104,0.0,35.898057365695536,0.05345647644359186,36.25117700909237,-0.048727203468534874,2.5668799954975174,-0.6878073434141485
2026-08-16-seven-token-pilot,momentum,base,CHEAT.SH,0xadfd54cb2997d3a0077f0aafbd8ebbf9ac10b99c,2026-08-15T01:00:00Z,0.006895397072778105,103370207.70682901,712778.6276341336,157,0.0,0.0,0.0,9325420.00667191,129599.00751895338,158.0,10599.232077900018,0.0011365956782983238,-2.480325839505204,0.0,21.66726598494606,0.008809315827051911,42.296484443042615,-0.014070205117822088,-6.889692809503867,-0.7058514164886898
2026-08-16-seven-token-pilot,momentum,base,CHEAT.SH,0xadfd54cb2997d3a0077f0aafbd8ebbf9ac10b99c,2026-08-15T02:00:00Z,0.006682679448676921,103385964.696371,690895.2615580763,158,15756.989541992545,0.015243260018090862,105.29891018529075,9325420.00667191,129599.00751895338,158.0,10599.232077900018,0.0011365956782983238,-3.084922040834437,0.015243260018094063,6.160798629714281,0.024053918672062302,45.33345697565932,0.03600482935344207,-4.9840882909595425,-0.6907157512373585
2026-08-16-seven-token-pilot,momentum,base,CHEAT.SH,0xadfd54cb2997d3a0077f0aafbd8ebbf9ac10b99c,2026-08-15T03:00:00Z,0.0067295477339446,103385964.696371,695740.7844441399,158,0.0,0.0,0.0,9325420.00667191,129599.00751895338,158.0,10599.232077900018,0.0011365956782983238,0.7013397190098525,0.0,-2.578352778017501,0.015243260018094063,37.876545644612314,0.03600482935344207,-2.9018182558341876,-0.6907157512373585
2026-08-16-seven-token-pilot,momentum,base,CHEAT.SH,0xadfd54cb2997d3a0077f0aafbd8ebbf9ac10b99c,2026-08-15T04:00:00Z,0.00633387518520378,103397624.20538901,654907.646163539,158,11659.50901800394,0.011277651712441009,73.84987484079485,9325420.00667191,129599.00751895338,158.0,10599.232077900018,0.0011365956782983238,-5.879630613882158,0.0112776517124491,-10.42177300088991,0.02652263081230899,16.422338368406297,0.04728654156513912,-16.617216408738113,-0.5633689298761624
2026-08-16-seven-token-pilot,momentum,base,CHEAT.SH,0xadfd54cb2997d3a0077f0aafbd8ebbf9ac10b99c,2026-08-15T05:00:00Z,0.005872846958753316,103380767.99338901,607139.4289035567,158,-16856.211999997497,-0.016302320415519725,-98.99395338028644,9325420.00667191,129599.00751895338,158.0,10599.232077900018,0.0011365956782983238,-7.27877030995886,-0.016302320415517713,-14.829459467412676,0.010215986592521098,2.262112682209505,0.03097651234611476,-14.922308100284976,-0.5795794080836081
2026-08-16-seven-token-pilot,momentum,base,CHEAT.SH,0xadfd54cb2997d3a0077f0aafbd8ebbf9ac10b99c,2026-08-15T06:00:00Z,0.00588545286591156,103425980.89442502,608708.7356648077,158,45212.90103600919,0.04373434432108346,266.098397978556,9325420.00667191,129599.00751895338,158.0,10599.232077900018,0.0011365956782983238,0.21464729537103988,0.043734344321078034,-11.929744481806637,0.03870563878911604,2.8479572304071388,0.10746434679798078,-8.57211521497765,-0.5360985390164719
2026-08-16-seven-token-pilot,momentum,base,CHEAT.SH,0xadfd54cb2997d3a0077f0aafbd8ebbf9ac10b99c,2026-08-15T07:00:00Z,0.00615333181419433,103433030.66554502,636457.7582328358,158,7049.771119996905,0.006816247773558133,43.37958091546535,9325420.00667191,129599.00751895338,158.0,10599.232077900018,0.0011365956782983238,4.551543515611511,0.006816247773566708,-8.562476150421993,0.045524524834905655,7.933198661527707,0.1142636887444537,0.3670206483157967,-0.5293188330476428
2026-08-16-seven-token-pilot,momentum,base,CHEAT.SH,0xadfd54cb2997d3a0077f0aafbd8ebbf9ac10b99c,2026-08-15T08:00:00Z,0.00627822284000976,103426099.56687401,649332.1005538718,157,-6931.098671004176,-0.0067010495838763255,-43.51498198265971,9325420.00667191,129599.00751895338,158.0,10599.232077900018,0.0011365956782983238,2.029648807940676,-0.006701049583879293,-0.8786460668506191,0.02753966708988198,20.665449907128064,0.10755498229413352,5.393681880575696,-0.5396397180982726
2026-08-16-seven-token-pilot,momentum,base,CHEAT.SH,0xadfd54cb2997d3a0077f0aafbd8ebbf9ac10b99c,2026-08-15T09:00:00Z,0.0069200427578963355,103462530.13085501,715965.1323456547,157,36430.56398099661,0.03522376279639267,252.10106044277467,9325420.00667191,129599.00751895338,158.0,10599.232077900018,0.0011365956782983238,10.222955352849162,0.03522376279638806,17.831144017505917,0.07908834404406484,22.10213189549657,0.09812959393056264,24.35304713500377,-0.4778860304024968
2026-08-16-seven-token-pilot,momentum,base,CHEAT.SH,0xadfd54cb2997d3a0077f0aafbd8ebbf9ac10b99c,2026-08-15T10:00:00Z,0.00731982862550105,103463544.156965,757335.4122159444,158,1014.0261099934578,0.000980090191793068,7.422497346935589,9325420.00667191,129599.00751895338,158.0,10599.232077900018,0.0011365956782983238,5.777216725265544,0.0009800901917822458,24.371544420946243,0.03631898118359178,16.28252689416163,0.09911064588086216,43.61088711877261,0.052419711188833595
2026-08-16-seven-token-pilot,momentum,base,CHEAT.SH,0xadfd54cb2997d3a0077f0aafbd8ebbf9ac10b99c,2026-08-15T11:00:00Z,0.00731810322078727,103463544.156965,757156.8957291517,158,0.0,0.0,0.0,9325420.00667191,129599.00751895338,158.0,10599.232077900018,0.0011365956782983238,-0.02357165450252996,0.0,18.929117456433573,0.029500722567687987,5.941988748134275,0.09029337582517893,51.594226242174315,0.041522174919683685
2026-08-16-seven-token-pilot,momentum,base,CHEAT.SH,0xadfd54cb2997d3a0077f0aafbd8ebbf9ac10b99c,2026-08-15T12:00:00Z,0.00759051760605542,103463544.156965,785341.8535083353,158,0.0,0.0,0.0,9325420.00667191,129599.00751895338,158.0,10599.232077900018,0.0011365956782983238,3.722472573143687,0.0,20.9023285647443,0.03620419821281917,7.350569639319171,0.09029337582517893,46.26641465953776,0.041522174919683685
2026-08-16-seven-token-pilot,momentum,base,CHEAT.SH,0xadfd54cb2997d3a0077f0aafbd8ebbf9ac10b99c,2026-08-15T13:00:00Z,0.00733393535947666,103463544.156965,758794.9449095406,158,0.0,0.0,0.0,9325420.00667191,129599.00751895338,158.0,10599.232077900018,0.0011365956782983238,-3.3802997357396114,0.0,5.981070002899025,0.0009800901917822458,6.359869954840347,0.09029337582517893,51.34635580392975,0.07621046624415317
2026-08-16-seven-token-pilot,momentum,base,CHEAT.SH,0xadfd54cb2997d3a0077f0aafbd8ebbf9ac10b99c,2026-08-15T14:00:00Z,0.00698751577102569,103463544.156965,722953.1465230057,158,0.0,0.0,0.0,9325420.00667191,129599.00751895338,158.0,10599.232077900018,0.0011365956782983238,-4.723515704339265,0.0,-4.539899381218271,0.0,4.561588277425499,0.07503867746636583,51.962970912238205,0.11107052436758469
2026-08-16-seven-token-pilot,momentum,base,CHEAT.SH,0xadfd54cb2997d3a0077f0aafbd8ebbf9ac10b99c,2026-08-15T15:00:00Z,0.00806354069081929,104035419.239445,838893.8363237088,158,571875.0824799985,0.5527310002182065,4611.337997643105,9325420.00667191,129599.00751895338,158.0,10599.232077900018,0.0011365956782983238,15.399248532009423,0.5527310002181984,10.186211475052499,0.5527310002181984,19.822921385130797,0.6281844397170833,65.2077048962778,0.6644154458060658
2026-08-16-seven-token-pilot,momentum,base,CHEAT.SH,0xadfd54cb2997d3a0077f0aafbd8ebbf9ac10b99c,2026-08-15T16:00:00Z,0.00803913017526494,104035419.239445,836354.2781041611,158,0.0,0.0,0.0,9325420.00667191,129599.00751895338,158.0,10599.232077900018,0.0011365956782983238,-0.3027270090190326,0.0,5.910170985594365,0.5527310002181984,26.922775397354105,0.6168372232509656,47.76646303967993,0.6644154458060658
2026-08-16-seven-token-pilot,momentum,base,CHEAT.SH,0xadfd54cb2997d3a0077f0aafbd8ebbf9ac10b99c,2026-08-15T17:00:00Z,0.00826528907223626,104035419.239445,859882.8137653028,158,0.0,0.0,0.0,9325420.00667191,129599.00751895338,158.0,10599.232077900018,0.0011365956782983238,2.81322595903688,0.0,12.699235364218708,0.5527310002181984,40.73734817688508,0.6332427769329962,43.920985578599755,0.6644154458060658
2026-08-16-seven-token-pilot,momentum,base,CHEAT.SH,0xadfd54cb2997d3a0077f0aafbd8ebbf9ac10b99c,2026-08-15T18:00:00Z,0.00819525270142125,104035419.239445,852596.5505655538,158,0.0,0.0,0.0,9325420.00667191,129599.00751895338,158.0,10599.232077900018,0.0011365956782983238,-0.8473553701862535,0.0,17.284210440047087,0.5527310002181984,39.24591510855537,0.5892507276697545,43.211579215936055,0.6973483089132149
2026-08-16-seven-token-pilot,momentum,base,CHEAT.SH,0xadfd54cb2997d3a0077f0aafbd8ebbf9ac10b99c,2026-08-15T19:00:00Z,0.00778203314820087,104035419.239445,809607.0811083359,158,0.0,0.0,0.0,9325420.00667191,129599.00751895338,158.0,10599.232077900018,0.0011365956782983238,-5.042181959181291,0.0,-3.491115794069588,0.0,26.468608929060156,0.582394782424811,36.50161491987309,0.697323936930716
2026-08-16-seven-token-pilot,momentum,base,CHEAT.SH,0xadfd54cb2997d3a0077f0aafbd8ebbf9ac10b99c,2026-08-15T20:00:00Z,0.00769398863209123,104035419.239445,800447.3329631351,158,0.0,0.0,0.0,9325420.00667191,129599.00751895338,158.0,10599.232077900018,0.0011365956782983238,-1.1313819208029874,0.0,-4.293269739998151,0.0,22.55042275752144,0.5891353102579489,47.876018983450706,0.697323936930716
2026-08-16-seven-token-pilot,momentum,base,CHEAT.SH,0xadfd54cb2997d3a0077f0aafbd8ebbf9ac10b99c,2026-08-15T21:00:00Z,0.00710742401297209,104035419.239445,739423.8369020498,158,0.0,0.0,0.0,9325420.00667191,129599.00751895338,158.0,10599.232077900018,0.0011365956782983238,-7.623674106725464,0.0,-14.008766652258153,0.0,2.7078048739212823,0.5537165076723305,25.408419374124634,0.6523894613633674
2026-08-16-seven-token-pilot,momentum,base,CHEAT.SH,0xadfd54cb2997d3a0077f0aafbd8ebbf9ac10b99c,2026-08-15T22:00:00Z,0.008022773699618835,104035419.239445,834652.6253030391,158,0.0,0.0,0.0,9325420.00667191,129599.00751895338,158.0,10599.232077900018,0.0011365956782983238,12.878782593751236,0.0,-2.1046209078153466,0.0,9.603299613721061,0.5527310002181984,27.449486350213736,0.6523894613633674
2026-08-16-seven-token-pilot,momentum,base,CHEAT.SH,0xadfd54cb2997d3a0077f0aafbd8ebbf9ac10b99c,2026-08-15T23:00:00Z,0.00804104017907589,104061414.95093101,836762.0187119247,159,25995.711486011744,0.02498736649119541,209.03256054268505,9325420.00667191,129599.00751895338,158.0,10599.232077900018,0.0011365956782983238,0.22768284562137975,0.024987366491191487,3.328269437337217,0.024987366491191487,9.878747763971107,0.5778564796301344,16.407730592697114,0.6686716215781985
2026-08-16-seven-token-pilot,momentum,base,CHEAT.SH,0xadfd54cb2997d3a0077f0aafbd8ebbf9ac10b99c,2026-08-16T00:00:00Z,0.00845496143215421,104061414.95093101,879835.2499855169,159,0.0,0.0,0.0,9325420.00667191,129599.00751895338,158.0,10599.232077900018,0.0011365956782983238,5.14760831758323,0.0,9.890485110531655,0.024987366491191487,11.388470074941548,0.5778564796301344,19.576157137972316,0.6686716215781985
2026-08-16-seven-token-pilot,momentum,base,CHEAT.SH,0xadfd54cb2997d3a0077f0aafbd8ebbf9ac10b99c,2026-08-16T01:00:00Z,0.00862068092888051,104061414.95093101,897080.2552998121,159,0.0,0.0,0.0,9325420.00667191,129599.00751895338,158.0,10599.232077900018,0.0011365956782983238,1.9600266430082947,0.0,21.291214836015193,0.024987366491191487,17.545090136923026,0.5778564796301344,25.02080500793118,0.6686716215781985
2026-08-16-seven-token-pilot,momentum,base,CHEAT.SH,0xadfd54cb2997d3a0077f0aafbd8ebbf9ac10b99c,2026-08-16T02:00:00Z,0.008717302604008045,104061414.95093101,907134.8435285126,159,0.0,0.0,0.0,9325420.00667191,129599.00751895338,158.0,10599.232077900018,0.0011365956782983238,1.1208125660217672,0.0,8.656967407945281,0.024987366491191487,24.755390752104756,0.5778564796301344,30.44621803210914,0.6533287729564741
2026-08-16-seven-token-pilot,momentum,base,CHEAT.SH,0xadfd54cb2997d3a0077f0aafbd8ebbf9ac10b99c,2026-08-16T03:00:00Z,0.00883524714154994,104626309.75067301,924399.3041555523,159,564894.7997419983,0.5428475098175132,4990.985164696916,9325420.00667191,129599.00751895338,158.0,10599.232077900018,0.0011365956782983238,1.3529934992467352,0.5428475098175234,9.87691821937049,0.5428475098175234,9.570317560488938,0.5679705196054652,31.29035547194283,1.1997228617488975
2026-08-16-seven-token-pilot,momentum,base,CHEAT.SH,0xadfd54cb2997d3a0077f0aafbd8ebbf9ac10b99c,2026-08-16T04:00:00Z,0.008420880837631584,104626309.75067301,881045.6868915488,159,0.0,0.0,0.0,9325420.00667191,129599.00751895338,158.0,10599.232077900018,0.0011365956782983238,-4.689923182450606,0.0,-0.40308397378393535,0.5428475098175234,4.748656310370825,0.5679705196054652,32.94990178055834,1.1883111964384518
2026-08-16-seven-token-pilot,momentum,base,CHEAT.SH,0xadfd54cb2997d3a0077f0aafbd8ebbf9ac10b99c,2026-08-16T05:00:00Z,0.00843670441197734,104630087.54212701,882733.1211922381,159,3777.791454002261,0.0036107471084518114,31.87210982751117,9325420.00667191,129599.00751895338,158.0,10599.232077900018,0.0011365956782983238,0.1879087787947764,0.00361074710846232,-2.134129756349301,0.5464778577767282,2.073918265204755,0.5716017746930424,43.65612574669031,1.2084641785770955
2026-08-16-seven-token-pilot,momentum,base,CHEAT.SH,0xadfd54cb2997d3a0077f0aafbd8ebbf9ac10b99c,2026-08-16T06:00:00Z,0.00862208808188828,104753926.33380102,903197.5797736685,159,123838.791674003,0.11835868112424357,1067.748969767867,9325420.00667191,129599.00751895338,158.0,10599.232077900018,0.0011365956782983238,2.197346983589421,0.11835868112424208,-1.0922475270731757,0.6654833428860751,5.208324819477594,0.6906369961390935,46.49829466526296,1.2839573073341493
2026-08-16-seven-token-pilot,momentum,base,CHEAT.SH,0xadfd54cb2997d3a0077f0aafbd8ebbf9ac10b99c,2026-08-16T07:00:00Z,0.00879229321082004,104753926.33380102,921027.2353114208,159,0.0,0.0,0.0,9325420.00667191,129599.00751895338,158.0,10599.232077900018,0.0011365956782983238,1.974059268650885,0.0,-0.4861655824871969,0.12197370186535217,12.98195527286763,0.6906369961390935,42.886707174448645,1.277054012394907
2026-08-16-seven-token-pilot,momentum,base,CHEAT.SH,0xadfd54cb2997d3a0077f0aafbd8ebbf9ac10b99c,2026-08-16T08:00:00Z,0.00877686480575864,104753926.33380102,919411.0493041709,159,0.0,0.0,0.0,9325420.00667191,129599.00751895338,158.0,10599.232077900018,0.0011365956782983238,-0.17547646207264345,0.0,4.227395862630168,0.12197370186535217,14.074314707858914,0.6906369961390935,39.79855493222657,1.283841092806992
2026-08-16-seven-token-pilot,early,base,MONGO,0xadf9afd4fa1dfef7a06a7cd56140af14a4dc2860,2026-08-12T10:00:00Z,0.0171007016037763,143905654.91535798,2460887.663803541,177,,,,7131696.7342978,118608.79099916715,157.0,2128.1615316372827,0.0002984088655091733,,,,,,,,
2026-08-16-seven-token-pilot,early,base,MONGO,0xadf9afd4fa1dfef7a06a7cd56140af14a4dc2860,2026-08-12T11:00:00Z,0.01768781538411265,143905654.91535798,2545376.656872676,177,0.0,0.0,0.0,7131696.7342978,118608.79099916715,157.0,2128.1615316372827,0.0002984088655091733,3.4332730547540935,0.0,,,,,,
2026-08-16-seven-token-pilot,early,base,MONGO,0xadf9afd4fa1dfef7a06a7cd56140af14a4dc2860,2026-08-12T12:00:00Z,0.0178569428891843,143905654.91535798,2569715.0612542112,177,0.0,0.0,0.0,7131696.7342978,118608.79099916715,157.0,2128.1615316372827,0.0002984088655091733,0.9561808589632959,0.0,,,,,,
2026-08-16-seven-token-pilot,early,base,MONGO,0xadf9afd4fa1dfef7a06a7cd56140af14a4dc2860,2026-08-12T13:00:00Z,0.0177152506320123,143905654.91535798,2549324.7441894393,177,0.0,0.0,0.0,7131696.7342978,118608.79099916715,157.0,2128.1615316372827,0.0002984088655091733,-0.7934855257773266,0.0,,,,,,
2026-08-16-seven-token-pilot,early,base,MONGO,0xadf9afd4fa1dfef7a06a7cd56140af14a4dc2860,2026-08-12T14:00:00Z,0.0175196219916084,143905759.62348798,2521174.511018773,177,104.70813000202179,7.276165072429483e-05,1.834446857083612,7131696.7342978,118608.79099916715,157.0,2128.1615316372827,0.0002984088655091733,-1.104295075850581,7.276165072678253e-05,2.4497263184780182,7.276165072678253e-05,,,,
2026-08-16-seven-token-pilot,early,base,MONGO,0xadf9afd4fa1dfef7a06a7cd56140af14a4dc2860,2026-08-12T15:00:00Z,0.0160577776434402,143906427.80923298,2310817.419222443,178,668.1857450008392,0.00046432175247819576,10.72957811773991,7131696.7342978,118608.79099916715,157.0,2128.1615316372827,0.0002984088655091733,-8.344040464277125,0.0004643217524691323,-9.215596755586708,0.0005370837410589857,,,,
2026-08-16-seven-token-pilot,early,base,MONGO,0xadf9afd4fa1dfef7a06a7cd56140af14a4dc2860,2026-08-12T16:00:00Z,0.0155070295082756,143906427.80923298,2231561.222468309,178,0.0,0.0,0.0,7131696.7342978,118608.79099916715,157.0,2128.1615316372827,0.0002984088655091733,-3.4297905189239253,0.0,-13.159662297693798,0.0005370837410589857,,,,
2026-08-16-seven-token-pilot,early,base,MONGO,0xadf9afd4fa1dfef7a06a7cd56140af14a4dc2860,2026-08-12T17:00:00Z,0.01615907628733305,143908199.59498897,2325423.575628179,178,1771.7857559919357,0.0012312068216582183,28.630421195883752,7131696.7342978,118608.79099916715,157.0,2128.1615316372827,0.0002984088655091733,4.2048464453458,0.0012312068216502325,-8.784376676371519,0.0017682971753307797,,,,
2026-08-16-seven-token-pilot,early,base,MONGO,0xadf9afd4fa1dfef7a06a7cd56140af14a4dc2860,2026-08-12T18:00:00Z,0.0151829693256565,143921425.200796,2185154.584128452,179,13225.605807036161,0.00919030732387586,200.8039672814545,7131696.7342978,118608.79099916715,157.0,2128.1615316372827,0.0002984088655091733,-6.040611135933016,0.009190307323869717,-13.33734635981939,0.0108859974395914,,,,
2026-08-16-seven-token-pilot,early,base,MONGO,0xadf9afd4fa1dfef7a06a7cd56140af14a4dc2860,2026-08-12T19:00:00Z,0.0135351075942615,143921425.200796,1947991.9752122322,179,0.0,0.0,0.0,7131696.7342978,118608.79099916715,157.0,2128.1615316372827,0.0002984088655091733,-10.853356125869318,0.0,-15.709957537052087,0.010421627297230174,,,,
2026-08-16-seven-token-pilot,early,base,MONGO,0xadf9afd4fa1dfef7a06a7cd56140af14a4dc2860,2026-08-12T20:00:00Z,0.0134364415054969,144290965.77943102,1938757.1214669799,180,369540.57863500714,0.25676550806763637,4965.310368736751,7131696.7342978,118608.79099916715,157.0,2128.1615316372827,0.0002984088655091733,-0.728964199785398,0.25676550806763565,-13.352576659983107,0.267213894509144,,,,
2026-08-16-seven-token-pilot,early,base,MONGO,0xadf9afd4fa1dfef7a06a7cd56140af14a4dc2860,2026-08-12T21:00:00Z,0.01442166792420335,144291601.290997,2080925.5580703097,180,635.5115659832954,0.00044043753020183124,9.165136766601533,7131696.7342978,118608.79099916715,157.0,2128.1615316372827,0.0002984088655091733,7.3324951275483885,0.00044043753020250875,-10.751903959334852,0.26642102193417116,,,,
2026-08-16-seven-token-pilot,early,base,MONGO,0xadf9afd4fa1dfef7a06a7cd56140af14a4dc2860,2026-08-12T22:00:00Z,0.0143948743525238,144293195.180126,2077082.4145421062,180,1593.889129012823,0.0011046305639081386,22.943833743993185,7131696.7342978,118608.79099916715,157.0,2128.1615316372827,0.0002984088655091733,-0.18578691327778563,0.0011046305639084153,-5.19065115807723,0.25831454824138955,-15.822901971782134,0.269301623342022,,
2026-08-16-seven-token-pilot,early,base,MONGO,0xadf9afd4fa1dfef7a06a7cd56140af14a4dc2860,2026-08-12T23:00:00Z,0.0156061741197377,144293195.180126,2251864.728274343,180,0.0,0.0,0.0,7131696.7342978,118608.79099916715,157.0,2128.1615316372827,0.0002984088655091733,8.414799167743524,0.0,15.301441167370333,0.25831454824138955,-11.7687866995983,0.269301623342022,,
2026-08-16-seven-token-pilot,early,base,MONGO,0xadf9afd4fa1dfef7a06a7cd56140af14a4dc2860,2026-08-13T00:00:00Z,0.0148479271437042,144293195.180126,2142454.849366801,180,0.0,0.0,0.0,7131696.7342978,118608.79099916715,157.0,2128.1615316372827,0.0002984088655091733,-4.858634603304324,0.0,10.504906657241463,0.001545072959308058,-16.850676872034008,0.269301623342022,,
2026-08-16-seven-token-pilot,early,base,MONGO,0xadf9afd4fa1dfef7a06a7cd56140af14a4dc2860,2026-08-13T01:00:00Z,0.0138470050663556,144293195.180126,1998028.6046998422,180,0.0,0.0,0.0,7131696.7342978,118608.79099916715,157.0,2128.1615316372827,0.0002984088655091733,-6.741156982124663,0.0,-3.9847184172318473,0.0011046305639084153,-21.83568071380596,0.269301623342022,,
2026-08-16-seven-token-pilot,early,base,MONGO,0xadf9afd4fa1dfef7a06a7cd56140af14a4dc2860,2026-08-13T02:00:00Z,0.01408996077678645,144296753.869548,2033135.602239539,180,3558.689421981573,0.0024662905395775193,50.14179437248521,7131696.7342978,118608.79099916715,157.0,2128.1615316372827,0.0002984088655091733,1.7545722650247564,0.0024662905395711476,-2.1182093589020567,0.0024662905395711476,-19.576114236167296,0.2717015962967695,,
2026-08-16-seven-token-pilot,early,base,MONGO,0xadf9afd4fa1dfef7a06a7cd56140af14a4dc2860,2026-08-13T03:00:00Z,0.0136786038178048,144296753.869548,1973778.1283768385,180,0.0,0.0,0.0,7131696.7342978,118608.79099916715,157.0,2128.1615316372827,0.0002984088655091733,-2.919503932611156,0.0,-12.351331512411045,0.0024662905395711476,-14.816333109502988,0.2712360151364779,,
2026-08-16-seven-token-pilot,early,base,MONGO,0xadf9afd4fa1dfef7a06a7cd56140af14a4dc2860,2026-08-13T04:00:00Z,0.0133102023303914,144296753.869548,1920618.989622372,180,0.0,0.0,0.0,7131696.7342978,118608.79099916715,157.0,2128.1615316372827,0.0002984088655091733,-2.693268204272936,0.0,-10.356494872517096,0.0024662905395711476,-14.166653753459524,0.2712360151364779,,
2026-08-16-seven-token-pilot,early,base,MONGO,0xadf9afd4fa1dfef7a06a7cd56140af14a4dc2860,2026-08-13T05:00:00Z,0.0133271938023848,144296753.869548,1923070.8038744847,180,0.0,0.0,0.0,7131696.7342978,118608.79099916715,157.0,2128.1615316372827,0.0002984088655091733,0.1276575034070193,0.0,-3.7539616796544606,0.0024662905395711476,-17.525027016353256,0.2700014840381293,,
2026-08-16-seven-token-pilot,early,base,MONGO,0xadf9afd4fa1dfef7a06a7cd56140af14a4dc2860,2026-08-13T06:00:00Z,0.0143174504173714,144281753.869548,2065746.8571586378,180,-15000.0,-0.010395244243374182,-214.761756260571,7131696.7342978,118608.79099916715,157.0,2128.1615316372827,0.0002984088655091733,7.430346025353063,-0.010395244243377455,1.6145512694382136,-0.010395244243377455,-5.700590508488523,0.2503648558574767,,
2026-08-16-seven-token-pilot,early,base,MONGO,0xadf9afd4fa1dfef7a06a7cd56140af14a4dc2860,2026-08-13T07:00:00Z,0.0148332741399266,144287963.242875,2140262.913873218,180,6209.37332701683,0.004303644196501119,92.10533679678875,7131696.7342978,118608.79099916715,157.0,2128.1615316372827,0.0002984088655091733,3.6027624159211236,0.004303644196501644,8.441434063751597,-0.006092047421202285,9.59110621488879,0.25467927486655384,,
2026-08-16-seven-token-pilot,early,base,MONGO,0xadf9afd4fa1dfef7a06a7cd56140af14a4dc2860,2026-08-13T08:00:00Z,0.0137863639563631,144295883.836719,1989315.5719780987,180,7920.593843996525,0.005489434923039324,109.19618948386514,7131696.7342978,118608.79099916715,157.0,2128.1615316372827,0.0002984088655091733,-7.057849627045865,0.005489434923044989,3.577418390436282,-0.0006029469171386914,2.6042791964155487,0.003408430501128379,,
2026-08-16-seven-token-pilot,early,base,MONGO,0xadf9afd4fa1dfef7a06a7cd56140af14a4dc2860,2026-08-13T09:00:00Z,0.0138084527281572,144295883.836719,1992502.8908269964,180,0.0,0.0,0.0,7131696.7342978,118608.79099916715,157.0,2128.1615316372827,0.0002984088655091733,0.1602218820278889,0.0,3.611104729986603,-0.0006029469171386914,-4.2520407436161705,0.0029679798988269113,,
2026-08-16-seven-token-pilot,early,base,MONGO,0xadf9afd4fa1dfef7a06a7cd56140af14a4dc2860,2026-08-13T10:00:00Z,0.01374764506351785,144295883.836719,1983728.5951138157,180,0.0,0.0,0.0,7131696.7342978,118608.79099916715,157.0,2128.1615316372827,0.0002984088655091733,-0.44036551984825145,0.0,-3.979796243346534,0.00979331536528072,-4.496248269735492,0.0018633287520275488,-19.607713285389426,0.27116997006861876
2026-08-16-seven-token-pilot,early,base,MONGO,0xadf9afd4fa1dfef7a06a7cd56140af14a4dc2860,2026-08-13T11:00:00Z,0.013491810146738451,144735074.16499698,1952738.142208249,181,439190.3282779753,0.30436788396192244,5925.472527410178,7131696.7342978,118608.79099916715,157.0,2128.1615316372827,0.0002984088655091733,-1.8609362956155229,0.30436788396193126,-9.043613571310882,0.30987402696187605,-13.548253125826237,0.3062368840882401,-23.72257481352439,0.5763632083303882
2026-08-16-seven-token-pilot,early,base,MONGO,0xadf9afd4fa1dfef7a06a7cd56140af14a4dc2860,2026-08-13T12:00:00Z,0.0123199289041448,144836123.63101596,1784370.7458860436,181,101049.46601897478,0.06981684750703833,1244.9222371555652,7131696.7342978,118608.79099916715,157.0,2128.1615316372827,0.0002984088655091733,-8.685871131064982,0.06981684750704265,-10.63685143421349,0.37439723153036564,-17.02593375554997,0.37626753653363654,-31.007625545989693,0.6465824544596765
2026-08-16-seven-token-pilot,early,base,MONGO,0xadf9afd4fa1dfef7a06a7cd56140af14a4dc2860,2026-08-13T13:00:00Z,0.0113040586904041,144836123.63101596,1637236.0420156296,181,0.0,0.0,0.0,7131696.7342978,118608.79099916715,157.0,2128.1615316372827,0.0002984088655091733,-8.245747371146994,0.0,-18.136673869667675,0.37439723153036564,-18.364594825852688,0.37626753653363654,-36.19024124910132,0.6465824544596765
2026-08-16-seven-token-pilot,early,base,MONGO,0xadf9afd4fa1dfef7a06a7cd56140af14a4dc2860,2026-08-13T14:00:00Z,0.0121194613341695,144828423.63101596,1755242.480284818,181,-7700.0,-0.005316353273591121,-93.31985227310514,7131696.7342978,118608.79099916715,157.0,2128.1615316372827,0.0002984088655091733,7.213361732256263,-0.005316353273587815,-11.84336460408819,0.36906097397730875,-13.985130788038791,0.3684558018183903,-30.82349984506221,0.6411584984103547
2026-08-16-seven-token-pilot,early,base,MONGO,0xadf9afd4fa1dfef7a06a7cd56140af14a4dc2860,2026-08-13T15:00:00Z,0.0119151335009211,144821423.63101596,1725566.5963570054,181,-7000.0,-0.004833305386126501,-83.4059345064477,7131696.7342978,118608.79099916715,157.0,2128.1615316372827,0.0002984088655091733,-1.6859481425327005,-0.004833305386131581,-11.686175751579952,0.05966035981059825,-12.892180666774443,0.36360468783815936,-25.798365343609188,0.6358269298407659
2026-08-16-seven-token-pilot,early,base,MONGO,0xadf9afd4fa1dfef7a06a7cd56140af14a4dc2860,2026-08-13T16:00:00Z,0.0115975795550096,144821423.63101596,1679577.9818304554,181,0.0,0.0,0.0,7131696.7342978,118608.79099916715,157.0,2128.1615316372827,0.0002984088655091733,-2.6651312457972143,0.0,-5.863259071991722,-0.010149401704129257,-12.866992798985045,0.36360468783815936,-25.21082423412978,0.6358269298407659
2026-08-16-seven-token-pilot,early,base,MONGO,0xadf9afd4fa1dfef7a06a7cd56140af14a4dc2860,2026-08-13T17:00:00Z,0.0124785380914814,144821423.63101596,1807159.6512421975,181,0.0,0.0,0.0,7131696.7342978,118608.79099916715,157.0,2128.1615316372827,0.0002984088655091733,7.59605512765178,0.0,10.389891217340397,-0.010149401704129257,-6.367850002688035,0.36360468783815936,-22.77690958570937,0.6345879099294738
2026-08-16-seven-token-pilot,early,base,MONGO,0xadf9afd4fa1dfef7a06a7cd56140af14a4dc2860,2026-08-13T18:00:00Z,0.012325439635580599,144821423.63101596,1784987.7149029335,181,0.0,0.0,0.0,7131696.7342978,118608.79099916715,157.0,2128.1615316372827,0.0002984088655091733,-1.226894166435366,0.0,1.6995664719055448,-0.004833305386131581,-13.913166965634394,0.37403881432984676,-18.82062479864981,0.6253401319256557
2026-08-16-seven-token-pilot,early,base,MONGO,0xadf9afd4fa1dfef7a06a7cd56140af14a4dc2860,2026-08-13T19:00:00Z,0.0125601699405947,144821423.63101596,1818981.691844418,181,0.0,0.0,0.0,7131696.7342978,118608.79099916715,157.0,2128.1615316372827,0.0002984088655091733,1.9044375856297258,0.0,5.413589697704491,0.0,-15.324359125901976,0.36971925873192646,-7.203028471529449,0.6253401319256557
2026-08-16-seven-token-pilot,early,base,MONGO,0xadf9afd4fa1dfef7a06a7cd56140af14a4dc2860,2026-08-13T20:00:00Z,0.01278529252794465,144821423.63101596,1851584.2654359352,181,0.0,0.0,0.0,7131696.7342978,118608.79099916715,157.0,2128.1615316372827,0.0002984088655091733,1.7923530367399687,0.0,10.2410418251627,0.0,-7.261315830534166,0.3642098307472308,-4.846141571679241,0.36763067508731595
2026-08-16-seven-token-pilot,early,base,MONGO,0xadf9afd4fa1dfef7a06a7cd56140af14a4dc2860,2026-08-13T21:00:00Z,0.0120558126983217,144821423.63101596,1745939.9579998285,181,0.0,0.0,0.0,7131696.7342978,118608.79099916715,157.0,2128.1615316372827,0.0002984088655091733,-5.705617044182098,0.0,-3.387619527709562,0.0,-12.692515695561191,0.3642098307472308,-16.404865500412214,0.3671886203206354
2026-08-16-seven-token-pilot,early,base,MONGO,0xadf9afd4fa1dfef7a06a7cd56140af14a4dc2860,2026-08-13T22:00:00Z,0.0120551982111556,144821423.63101596,1745850.9670936316,181,0.0,0.0,0.0,7131696.7342978,118608.79099916715,157.0,2128.1615316372827,0.0002984088655091733,-0.005097019848243622,0.0,-2.192549981299463,0.0,-12.310812830435225,0.3642098307472308,-16.253536391291902,0.3660799459257458
2026-08-16-seven-token-pilot,early,base,MONGO,0xadf9afd4fa1dfef7a06a7cd56140af14a4dc2860,2026-08-13T23:00:00Z,0.0114262860378262,144817801.25865397,1654729.6205504474,180,-3622.372361987829,-0.002501268300757152,-41.39026274358905,7131696.7342978,118608.79099916715,157.0,2128.1615316372827,0.0002984088655091733,-5.216937642281316,-0.0025012683007585856,-9.027615932995992,-0.0025012683007585856,-15.309466160933027,0.057157599244184176,-26.78355405906334,0.3635695209833534
2026-08-16-seven-token-pilot,early,base,MONGO,0xadf9afd4fa1dfef7a06a7cd56140af14a4dc2860,2026-08-14T00:00:00Z,0.0112111052155427,144817801.25865397,1623567.6069943225,180,0.0,0.0,0.0,7131696.7342978,118608.79099916715,157.0,2128.1615316372827,0.0002984088655091733,-1.8832087834240507,0.0,-12.312485685886877,-0.0025012683007585856,-9.000244215930964,-0.012650416141113396,-24.49380235343881,0.3635695209833534
2026-08-16-seven-token-pilot,early,base,MONGO,0xadf9afd4fa1dfef7a06a7cd56140af14a4dc2860,2026-08-14T01:00:00Z,0.0113423535645002,144817801.25865397,1642574.704309176,180,0.0,0.0,0.0,7131696.7342978,118608.79099916715,157.0,2128.1615316372827,0.0002984088655091733,1.1706994665926507,0.0,-5.91796796843751,-0.0025012683007585856,0.33877101265058496,-0.012650416141113396,-18.088037737062812,0.3635695209833534
2026-08-16-seven-token-pilot,early,base,MONGO,0xadf9afd4fa1dfef7a06a7cd56140af14a4dc2860,2026-08-14T02:00:00Z,0.0110810639677648,144817801.25865397,1604735.3194181947,180,0.0,0.0,0.0,7131696.7342978,118608.79099916715,157.0,2128.1615316372827,0.0002984088655091733,-2.3036629501058448,0.0,-8.080615733794893,-0.0025012683007585856,-8.568015836455134,-0.007334452792950863,-21.354898403825796,0.3610943248085974
2026-08-16-seven-token-pilot,early,base,MONGO,0xadf9afd4fa1dfef7a06a7cd56140af14a4dc2860,2026-08-14T03:00:00Z,0.01095294786236045,144725615.60916296,1585172.1221151813,179,-92185.6494910121,-0.06365629687082637,-1009.7046125328907,7131696.7342978,118608.79099916715,157.0,2128.1615316372827,0.0002984088655091733,-1.1561715172572207,-0.06365629687082874,-4.142537425536041,-0.06365629687082874,-8.07532402793697,-0.06615597295680509,-19.92641933160233,0.2972081686623884
2026-08-16-seven-token-pilot,early,base,MONGO,0xadf9afd4fa1dfef7a06a7cd56140af14a4dc2860,2026-08-14T04:00:00Z,0.00904208833451793,144725615.60916296,1308621.8006055385,178,0.0,0.0,0.0,7131696.7342978,118608.79099916715,157.0,2128.1615316372827,0.0002984088655091733,-17.446075265355233,0.0,-19.347038845177543,-0.06365629687082874,-22.034694466810713,-0.06615597295680509,-32.06648471547287,0.2972081686623884
2026-08-16-seven-token-pilot,early,base,MONGO,0xadf9afd4fa1dfef7a06a7cd56140af14a4dc2860,2026-08-14T05:00:00Z,0.00871086449795603,144950537.90226498,1262644.49457247,179,224922.293102026,0.15541291163648405,1959.2676177812984,7131696.7342978,118608.79099916715,157.0,2128.1615316372827,0.0002984088655091733,-3.663134270624868,0.15541291163647664,-23.200555789235146,0.09165768466126156,-30.19322909385844,0.08915412375587461,-34.638419556881615,0.45308298016741855
2026-08-16-seven-token-pilot,early,base,MONGO,0xadf9afd4fa1dfef7a06a7cd56140af14a4dc2860,2026-08-14T06:00:00Z,0.009189536440407646,144950537.90226498,1332028.2501095538,179,0.0,0.0,0.0,7131696.7342978,118608.79099916715,157.0,2128.1615316372827,0.0002984088655091733,5.495114090730424,0.0,-17.069908926251777,0.09165768466126156,-25.442526091486016,0.08915412375587461,-35.815831921736866,0.46352640911315746
2026-08-16-seven-token-pilot,early,base,MONGO,0xadf9afd4fa1dfef7a06a7cd56140af14a4dc2860,2026-08-14T07:00:00Z,0.00904362369707766,144950537.90226498,1310878.119477077,179,0.0,0.0,0.0,7131696.7342978,118608.79099916715,157.0,2128.1615316372827,0.0002984088655091733,-1.5878139694662674,0.0,-17.432057463216253,0.15541291163647664,-27.997600829838287,0.08915412375587461,-39.03150705793933,0.45920300245327894
2026-08-16-seven-token-pilot,early,base,MONGO,0xadf9afd4fa1dfef7a06a7cd56140af14a4dc2860,2026-08-14T08:00:00Z,0.00940126556277285,144950537.90226498,1362718.500285965,179,0.0,0.0,0.0,7131696.7342978,118608.79099916715,157.0,2128.1615316372827,0.0002984088655091733,3.954630109286361,0.0,3.972281788973153,0.15541291163647664,-26.468123101410278,0.08915412375587461,-31.807504919136463,0.453688662586349
2026-08-16-seven-token-pilot,early,base,MONGO,0xadf9afd4fa1dfef7a06a7cd56140af14a4dc2860,2026-08-14T09:00:00Z,0.00855531190680826,145046331.633164,1240916.6080600673,180,95793.73089900613,0.06608718552227551,819.5452465578535,7131696.7342978,118608.79099916715,157.0,2128.1615316372827,0.0002984088655091733,-8.99829549879325,0.06608718552227888,-1.785730809889985,0.06608718552227888,-29.035792767423697,0.15530022872931593,-38.042935908649014,0.520075678176779
2026-08-16-seven-token-pilot,early,base,MONGO,0xadf9afd4fa1dfef7a06a7cd56140af14a4dc2860,2026-08-14T10:00:00Z,0.009157600970076995,145046331.633164,1328276.4272699722,180,0.0,0.0,0.0,7131696.7342978,118608.79099916715,157.0,2128.1615316372827,0.0002984088655091733,7.039942784428899,0.0,-0.3475199270142393,0.06608718552227888,-24.03608128481236,0.15530022872931593,-33.387857136503065,0.520075678176779
2026-08-16-seven-token-pilot,early,base,MONGO,0xadf9afd4fa1dfef7a06a7cd56140af14a4dc2860,2026-08-14T11:00:00Z,0.00921608595022713,145046331.808684,1336759.4607139952,180,0.17552000284194946,1.210096118017354e-07,0.0016176074321755164,7131696.7342978,118608.79099916715,157.0,2128.1615316372827,0.0002984088655091733,0.6386495801819603,1.2100960233851765e-07,1.9070038617948981,0.06608730661186168,-19.34311884266071,0.15780556536819645,-31.69125676990754,0.21505336248501816
2026-08-16-seven-token-pilot,early,base,MONGO,0xadf9afd4fa1dfef7a06a7cd56140af14a4dc2860,2026-08-14T12:00:00Z,0.008658364750399385,145002718.09438398,1255486.4230605138,179,-43613.71430000663,-0.030068815775040135,-377.623446529167,7131696.7342978,118608.79099916715,157.0,2128.1615316372827,0.0002984088655091733,-6.051605886054046,-0.030068815775041724,-7.902136232755774,0.03599861916634417,-22.76974853116428,0.1276892993284262,-29.720659771937097,0.11502272995957963
2026-08-16-seven-token-pilot,early,base,MONGO,0xadf9afd4fa1dfef7a06a7cd56140af14a4dc2860,2026-08-14T13:00:00Z,0.009102395622531935,145002718.09438398,1319872.1064375527,179,0.0,0.0,0.0,7131696.7342978,118608.79099916715,157.0,2128.1615316372827,0.0002984088655091733,5.128345651089239,0.0,6.394667099025453,-0.030068694801810292,-19.748616803649853,0.1276892993284262,-19.47674838012947,0.11502272995957963
2026-08-16-seven-token-pilot,early,base,MONGO,0xadf9afd4fa1dfef7a06a7cd56140af14a4dc2860,2026-08-14T14:00:00Z,0.009679233776249125,145002718.09438398,1403515.2066270914,179,0.0,0.0,0.0,7131696.7342978,118608.79099916715,157.0,2128.1615316372827,0.0002984088655091733,6.337212505785761,0.0,5.696173133952831,-0.030068694801810292,-12.650682241287004,0.1276892993284262,-20.13478561988905,0.12034548122410449
2026-08-16-seven-token-pilot,early,base,MONGO,0xadf9afd4fa1dfef7a06a7cd56140af14a4dc2860,2026-08-14T15:00:00Z,0.009284663885818806,145002718.09438398,1346301.500036493,179,0.0,0.0,0.0,7131696.7342978,118608.79099916715,157.0,2128.1615316372827,0.0002984088655091733,-4.0764579051547845,0.0,0.7441112850079756,-0.030068815775041724,-15.231369650490745,0.19146747730502955,-22.07671122525774,0.12518483717571804
2026-08-16-seven-token-pilot,early,base,MONGO,0xadf9afd4fa1dfef7a06a7cd56140af14a4dc2860,2026-08-14T16:00:00Z,0.009346952367821655,144998184.291544,1355291.1219936884,178,-4533.8028399944305,-0.0031267019677819587,-42.37723919052249,7131696.7342978,118608.79099916715,157.0,2128.1615316372827,0.0002984088655091733,0.670874926317877,-0.003126701967781642,7.952859890668251,-0.003126701967781642,3.3716108715717397,0.1883347887198683,-19.406007749399578,0.12205422105115993
2026-08-16-seven-token-pilot,early,base,MONGO,0xadf9afd4fa1dfef7a06a7cd56140af14a4dc2860,2026-08-14T17:00:00Z,0.00972778559013433,144998184.291544,1410511.2477469237,178,0.0,0.0,0.0,7131696.7342978,118608.79099916715,157.0,2128.1615316372827,0.0002984088655091733,4.074410645589155,0.0,6.8706085028243935,-0.003126701967781642,11.674169566257376,0.032870791629036056,-22.043868289546666,0.12205422105115993
2026-08-16-seven-token-pilot,early,base,MONGO,0xadf9afd4fa1dfef7a06a7cd56140af14a4dc2860,2026-08-14T18:00:00Z,0.009789647489117155,145018864.562601,1419683.563339887,179,20680.271057009697,0.014262434497406138,202.45256362751715,7131696.7342978,118608.79099916715,157.0,2128.1615316372827,0.0002984088655091733,0.6359299185784373,0.014262434497402943,1.1407278243342311,0.011135286585806092,6.5303734589999385,0.047137914301553785,-20.57364460366361,0.1363340634518817
2026-08-16-seven-token-pilot,early,base,MONGO,0xadf9afd4fa1dfef7a06a7cd56140af14a4dc2860,2026-08-14T19:00:00Z,0.008950843657977041,145018864.562601,1298041.1841571883,179,0.0,0.0,0.0,7131696.7342978,118608.79099916715,157.0,2128.1615316372827,0.0002984088655091733,-8.56827410867027,0.0,-3.5953937799690805,0.011135286585806092,-1.025916625993628,0.047137914301553785,-28.736285414039266,0.1363340634518817
2026-08-16-seven-token-pilot,early,base,MONGO,0xadf9afd4fa1dfef7a06a7cd56140af14a4dc2860,2026-08-14T20:00:00Z,0.008543951954893176,145018864.562601,1239034.2113760235,179,0.0,0.0,0.0,7131696.7342978,118608.79099916715,157.0,2128.1615316372827,0.0002984088655091733,-4.545847504790689,0.0,-8.59103995964432,0.014262434497402943,-9.119129782637625,0.047137914301553785,-33.17359038740201,0.1363340634518817
2026-08-16-seven-token-pilot,early,base,MONGO,0xadf9afd4fa1dfef7a06a7cd56140af14a4dc2860,2026-08-14T21:00:00Z,0.00847978964567327,145018864.562601,1229729.4661452384,179,0.0,0.0,0.0,7131696.7342978,118608.79099916715,157.0,2128.1615316372827,0.0002984088655091733,-0.750967579858175,0.0,-12.829188440653393,0.014262434497402943,-0.8827528669631546,-0.018936756451348735,-29.662231341286937,0.1363340634518817
2026-08-16-seven-token-pilot,early,base,MONGO,0xadf9afd4fa1dfef7a06a7cd56140af14a4dc2860,2026-08-14T22:00:00Z,0.00897374208940474,145018864.562601,1301361.888683098,179,0.0,0.0,0.0,7131696.7342978,118608.79099916715,157.0,2128.1615316372827,0.0002984088655091733,5.82505538900373,0.0,-8.334369553341237,0.0,-2.0077188476875563,-0.018936756451348735,-25.56122319829923,0.1363340634518817
2026-08-16-seven-token-pilot,early,base,MONGO,0xadf9afd4fa1dfef7a06a7cd56140af14a4dc2860,2026-08-14T23:00:00Z,0.009127821127820094,145052436.045773,1324012.6903803803,181,33571.483171999454,0.023149735224624855,306.43449338963336,7131696.7342978,118608.79099916715,157.0,2128.1615316372827,0.0002984088655091733,1.7169987378762963,0.02314973522461461,1.9772155185095786,0.02314973522461461,-0.9577256861939332,0.004208473949596225,-20.115590511187463,0.16202068052391105
2026-08-16-seven-token-pilot,early,base,MONGO,0xadf9afd4fa1dfef7a06a7cd56140af14a4dc2860,2026-08-15T00:00:00Z,0.00937404975985412,145052436.045773,1359728.7532811326,181,0.0,0.0,0.0,7131696.7342978,118608.79099916715,157.0,2128.1615316372827,0.0002984088655091733,2.6975619765768677,0.0,9.715618830060734,0.02314973522461461,8.265821896931769,0.03428759959978045,-16.386033494197783,0.16202068052391105
2026-08-16-seven-token-pilot,early,base,MONGO,0xadf9afd4fa1dfef7a06a7cd56140af14a4dc2860,2026-08-15T01:00:00Z,0.009430815483719275,145081507.29464102,1368236.925395631,181,29071.24886801839,0.020041889443928134,274.1655839555643,7131696.7342978,118608.79099916715,157.0,2128.1615316372827,0.0002984088655091733,0.605562433733442,0.02004188944393359,11.215205539105044,0.04319626431288359,3.6080596230554374,0.05433636092653238,-16.853099049598853,0.1820950419735068
2026-08-16-seven-token-pilot,early,base,MONGO,0xadf9afd4fa1dfef7a06a7cd56140af14a4dc2860,2026-08-15T02:00:00Z,0.009641148202527164,145484076.95944402,1402633.5470738672,181,402569.6648029983,0.27747827570155686,3881.23380020739,7131696.7342978,118608.79099916715,157.0,2128.1615316372827,0.0002984088655091733,2.230270745631624,0.27747827570154815,7.437322205977237,0.3207944002638241,-0.3934771553448235,0.3319654082254653,-12.994381852017101,0.46007859185766
2026-08-16-seven-token-pilot,early,base,MONGO,0xadf9afd4fa1dfef7a06a7cd56140af14a4dc2860,2026-08-15T03:00:00Z,0.008532796307287035,145484076.95944402,1241385.9946486063,181,0.0,0.0,0.0,7131696.7342978,118608.79099916715,157.0,2128.1615316372827,0.0002984088655091733,-11.496057025133222,0.0,-6.518804566837111,0.2975757770347309,-8.097951501294054,0.3319654082254653,-22.09589222450523,0.5240684913231375
2026-08-16-seven-token-pilot,early,base,MONGO,0xadf9afd4fa1dfef7a06a7cd56140af14a4dc2860,2026-08-15T04:00:00Z,0.00784103776465098,145484076.95944402,1140746.1415943902,181,0.0,0.0,0.0,7131696.7342978,118608.79099916715,157.0,2128.1615316372827,0.0002984088655091733,-8.107055620738201,0.0,-16.35378555134741,0.2975757770347309,-16.111290011009594,0.33510258785245384,-13.28288914499951,0.5240684913231375
2026-08-16-seven-token-pilot,early,base,MONGO,0xadf9afd4fa1dfef7a06a7cd56140af14a4dc2860,2026-08-15T05:00:00Z,0.00735793048626807,145484076.95944402,1070461.7251264635,181,0.0,0.0,0.0,7131696.7342978,118608.79099916715,157.0,2128.1615316372827,0.0002984088655091733,-6.161267078203069,0.0,-21.97991256461007,0.27747827570154815,-24.36171194264094,0.33510258785245384,-15.531569937810652,0.36808353035486796
2026-08-16-seven-token-pilot,early,base,MONGO,0xadf9afd4fa1dfef7a06a7cd56140af14a4dc2860,2026-08-15T06:00:00Z,0.007318744512160864,145484076.95944402,1064760.78985372,181,0.0,0.0,0.0,7131696.7342978,118608.79099916715,157.0,2128.1615316372827,0.0002984088655091733,-0.532567875985468,0.0,-24.08845545759316,0.0,-25.239958636949044,0.3207944002638241,-20.357848737838992,0.36808353035486796
2026-08-16-seven-token-pilot,early,base,MONGO,0xadf9afd4fa1dfef7a06a7cd56140af14a4dc2860,2026-08-15T07:00:00Z,0.00718408565612466,145493450.384141,1045237.4099647925,181,9373.424696981907,0.006442921378670806,67.33948591435235,7131696.7342978,118608.79099916715,157.0,2128.1615316372827,0.0002984088655091733,-1.8399174313634692,0.006442921378679856,-15.806197670634326,0.006442921378679856,-19.738452255032257,0.32725799017350177,-20.561868817627694,0.3745501670660012
2026-08-16-seven-token-pilot,early,base,MONGO,0xadf9afd4fa1dfef7a06a7cd56140af14a4dc2860,2026-08-15T08:00:00Z,0.00771703348539504,145493450.384141,1122777.8285200782,181,0.0,0.0,0.0,7131696.7342978,118608.79099916715,157.0,2128.1615316372827,0.0002984088655091733,7.4184503746280495,0.0,-1.581477898435546,0.006442921378679856,-9.678407297510072,0.32725799017350177,-17.914950557795486,0.3745501670660012
2026-08-16-seven-token-pilot,early,base,MONGO,0xadf9afd4fa1dfef7a06a7cd56140af14a4dc2860,2026-08-15T09:00:00Z,0.007579511184514345,145493450.384141,1102769.2344601802,181,0.0,0.0,0.0,7131696.7342978,118608.79099916715,157.0,2128.1615316372827,0.0002984088655091733,-1.7820617357818147,0.0,3.011454085626486,0.006442921378679856,-10.61675464577453,0.32725799017350177,-11.405787806723666,0.3082592616735935
2026-08-16-seven-token-pilot,early,base,MONGO,0xadf9afd4fa1dfef7a06a7cd56140af14a4dc2860,2026-08-15T10:00:00Z,0.0073487258038339,145493450.384141,1069191.4731267644,181,0.0,0.0,0.0,7131696.7342978,118608.79099916715,157.0,2128.1615316372827,0.0002984088655091733,-3.04485836965267,0.0,0.4096507484749434,0.006442921378679856,-18.10856908278532,0.32725799017350177,-19.752718775951273,0.3082592616735935
2026-08-16-seven-token-pilot,early,base,MONGO,0xadf9afd4fa1dfef7a06a7cd56140af14a4dc2860,2026-08-15T11:00:00Z,0.00743957358933573,145493450.384141,1082409.230899184,181,0.0,0.0,0.0,7131696.7342978,118608.79099916715,157.0,2128.1615316372827,0.0002984088655091733,1.236238606894724,0.0,3.5563041066090095,0.0,-18.495624693376868,0.30403787098676194,-19.27621303106031,0.30825914029095625
2026-08-16-seven-token-pilot,early,base,MONGO,0xadf9afd4fa1dfef7a06a7cd56140af14a4dc2860,2026-08-15T12:00:00Z,0.00731465453835623,145493450.384141,1064234.3271534634,181,0.0,0.0,0.0,7131696.7342978,118608.79099916715,157.0,2128.1615316372827,0.0002984088655091733,-1.6791157380117272,0.0,-5.214166140400156,0.0,-21.969109128453557,0.30403787098676194,-15.519214664422332,0.3384297178743889
2026-08-16-seven-token-pilot,early,base,MONGO,0xadf9afd4fa1dfef7a06a7cd56140af14a4dc2860,2026-08-15T13:00:00Z,0.0065110906746227645,145514286.928171,947456.7166423956,181,20836.5440300107,0.014321293484343618,135.6686275251693,7131696.7342978,118608.79099916715,157.0,2128.1615316372827,0.0002984088655091733,-10.985670745211218,0.014321293484353959,-14.096166413402289,0.014321293484353959,-30.95940975769197,0.29830103201993197,-28.468384097640108,0.3527994788718569
2026-08-16-seven-token-pilot,early,base,MONGO,0xadf9afd4fa1dfef7a06a7cd56140af14a4dc2860,2026-08-15T14:00:00Z,0.00603806203027727,145514286.928171,878624.2907638613,181,0.0,0.0,0.0,7131696.7342978,118608.79099916715,157.0,2128.1615316372827,0.0002984088655091733,-7.26496785230073,0.0,-17.835252104151778,0.014321293484353959,-37.37196127018817,0.020765137572698045,-37.618388295430485,0.3527994788718569
2026-08-16-seven-token-pilot,early,base,MONGO,0xadf9afd4fa1dfef7a06a7cd56140af14a4dc2860,2026-08-15T15:00:00Z,0.005852724454098965,145514286.928171,851655.0255252798,181,0.0,0.0,0.0,7131696.7342978,118608.79099916715,157.0,2128.1615316372827,0.0002984088655091733,-3.069487780167668,0.0,-21.329839891784076,0.014321293484353959,-31.409068688294827,0.020765137572698045,-36.96352904020264,0.3527994788718569
2026-08-16-seven-token-pilot,early,base,MONGO,0xadf9afd4fa1dfef7a06a7cd56140af14a4dc2860,2026-08-15T16:00:00Z,0.005713339886145335,145514286.928171,831372.5795107163,181,0.0,0.0,0.0,7131696.7342978,118608.79099916715,157.0,2128.1615316372827,0.0002984088655091733,-2.3815330628800147,0.0,-21.8918698595265,0.014321293484353959,-27.13541169381619,0.020765137572698045,-38.874836831153644,0.35593730993852546
2026-08-16-seven-token-pilot,early,base,MONGO,0xadf9afd4fa1dfef7a06a7cd56140af14a4dc2860,2026-08-15T17:00:00Z,0.00565557351148109,145846675.538587,824846.59491361,182,332388.6104159951,0.22842335102124323,1879.8482205867094,7131696.7342978,118608.79099916715,157.0,2128.1615316372827,0.0002984088655091733,-1.011078910329255,0.22842335102124522,-13.139383336743983,0.22842335102124522,-23.13635577237442,0.2492359210170214,-41.86165536772493,0.5851737048906624
2026-08-16-seven-token-pilot,early,base,MONGO,0xadf9afd4fa1dfef7a06a7cd56140af14a4dc2860,2026-08-15T18:00:00Z,0.005724825321389175,145846675.538587,834946.7411637341,182,0.0,0.0,0.0,7131696.7342978,118608.79099916715,157.0,2128.1615316372827,0.0002984088655091733,1.2244878396063807,0.0,-5.187702731727494,0.22842335102124522,-21.778587681578788,0.2492359210170214,-41.521639795985664,0.5708298561589276
2026-08-16-seven-token-pilot,early,base,MONGO,0xadf9afd4fa1dfef7a06a7cd56140af14a4dc2860,2026-08-15T19:00:00Z,0.00642199955373086,145846675.538587,936627.2852219352,182,0.0,0.0,0.0,7131696.7342978,118608.79099916715,157.0,2128.1615316372827,0.0002984088655091733,12.178087421058814,0.0,9.726668393438587,0.22842335102124522,-10.607976280796393,0.24277735768407638,-28.252578202418512,0.5708298561589276
2026-08-16-seven-token-pilot,early,base,MONGO,0xadf9afd4fa1dfef7a06a7cd56140af14a4dc2860,2026-08-15T20:00:00Z,0.00594497463829239,145846675.538587,867054.787156159,182,0.0,0.0,0.0,7131696.7342978,118608.79099916715,157.0,2128.1615316372827,0.0002984088655091733,-7.427981136519113,0.0,4.054279226565227,0.22842335102124522,-22.962953970024625,0.24277735768407638,-30.418913054775963,0.5708298561589276
2026-08-16-seven-token-pilot,early,base,MONGO,0xadf9afd4fa1dfef7a06a7cd56140af14a4dc2860,2026-08-15T21:00:00Z,0.0056701445559352,145846675.538587,826971.7333063671,182,0.0,0.0,0.0,7131696.7342978,118608.79099916715,157.0,2128.1615316372827,0.0002984088655091733,-4.622897473556442,0.0,0.2576404395510101,0.0,-25.1911578741405,0.24277735768407638,-33.13342909598782,0.5708298561589276
2026-08-16-seven-token-pilot,early,base,MONGO,0xadf9afd4fa1dfef7a06a7cd56140af14a4dc2860,2026-08-15T22:00:00Z,0.00571149082741289,145847653.074508,833007.5327347498,182,977.5359210073948,0.0006702490251474849,5.5831874463003475,7131696.7342978,118608.79099916715,157.0,2128.1615316372827,0.0002984088655091733,0.7291925465006344,0.0006702490251475623,-0.2329240322226811,0.0006702490251475623,-22.279168118734926,0.2434492339220995,-36.35329865166925,0.5715039311656289
2026-08-16-seven-token-pilot,early,base,MONGO,0xadf9afd4fa1dfef7a06a7cd56140af14a4dc2860,2026-08-15T23:00:00Z,0.00550280397923698,145847653.074508,802571.0457007771,182,0.0,0.0,0.0,7131696.7342978,118608.79099916715,157.0,2128.1615316372827,0.0002984088655091733,-3.653806939062143,0.0,-14.313230120981135,0.0006702490251475623,-26.03334165381489,0.2434492339220995,-39.71393717975759,0.5482272827766144
2026-08-16-seven-token-pilot,early,base,MONGO,0xadf9afd4fa1dfef7a06a7cd56140af14a4dc2860,2026-08-16T00:00:00Z,0.00580151324213736,145847653.074508,846137.0906464139,182,0.0,0.0,0.0,7131696.7342978,118608.79099916715,157.0,2128.1615316372827,0.0002984088655091733,5.428310076598408,0.0,-2.41315404831125,0.0006702490251475623,-20.686435542298454,0.2434492339220995,-38.11091907167725,0.5482272827766144
2026-08-16-seven-token-pilot,early,base,MONGO,0xadf9afd4fa1dfef7a06a7cd56140af14a4dc2860,2026-08-16T01:00:00Z,0.00550297844202163,145847653.074508,802596.4906884672,182,0.0,0.0,0.0,7131696.7342978,118608.79099916715,157.0,2128.1615316372827,0.0002984088655091733,-5.14580916488171,0.0,-2.9481808138134613,0.0006702490251475623,-15.483000974480243,0.2290951310516709,-41.64896501769544,0.5280795562118357
2026-08-16-seven-token-pilot,early,base,MONGO,0xadf9afd4fa1dfef7a06a7cd56140af14a4dc2860,2026-08-16T02:00:00Z,0.00564617643515418,145861471.13913602,823559.6011427114,182,13818.064628005028,0.009474314009664527,78.0192308820795,7131696.7342978,118608.79099916715,157.0,2128.1615316372827,0.0002984088655091733,2.602190698023965,0.009474314009660922,-1.1435611862532835,0.009474314009660922,-6.490254541242169,0.23859115025344213,-41.436680397940684,0.25940583160670716
2026-08-16-seven-token-pilot,early,base,MONGO,0xadf9afd4fa1dfef7a06a7cd56140af14a4dc2860,2026-08-16T03:00:00Z,0.00662409583260375,145861471.13913602,966200.3631102032,182,0.0,0.0,0.0,7131696.7342978,118608.79099916715,157.0,2128.1615316372827,0.0002984088655091733,17.32002902638421,0.0,20.37673625296477,0.009474314009660922,13.179697499077614,0.23859115025344213,-22.368991429611985,0.25940583160670716
2026-08-16-seven-token-pilot,early,base,MONGO,0xadf9afd4fa1dfef7a06a7cd56140af14a4dc2860,2026-08-16T04:00:00Z,0.0065247378847217,145861471.13913602,951707.8666627617,182,0.0,0.0,0.0,7131696.7342978,118608.79099916715,157.0,2128.1615316372827,0.0002984088655091733,-1.4999473194969637,0.0,12.466137926419574,0.009474314009660922,14.201815658542905,0.23859115025344213,-16.787317182215755,0.25940583160670716
2026-08-16-seven-token-pilot,early,base,MONGO,0xadf9afd4fa1dfef7a06a7cd56140af14a4dc2860,2026-08-16T05:00:00Z,0.00654699124634972,145755471.13913602,954259.7936555025,182,-106000.0,-0.07267169264931347,-693.9810721130704,7131696.7342978,118608.79099916715,157.0,2128.1615316372827,0.0002984088655091733,0.3410613885368452,-0.07267169264931761,18.971777108117326,-0.06320426378401134,15.761756664624894,-0.06253443838482031,-11.02129520565308,0.186545624348744
2026-08-16-seven-token-pilot,early,base,MONGO,0xadf9afd4fa1dfef7a06a7cd56140af14a4dc2860,2026-08-16T06:00:00Z,0.00634684986550153,145774390.506994,925208.1707828826,182,18919.36785799265,0.012980211109833743,120.07838734487461,7131696.7342978,118608.79099916715,157.0,2128.1615316372827,0.0002984088655091733,-3.0569978378966023,0.01298021110982539,12.409697755543414,-0.05970091447859982,10.86538905891745,-0.0495623443771076,-13.279526905802342,0.19955004947442845
2026-08-16-seven-token-pilot,early,base,MONGO,0xadf9afd4fa1dfef7a06a7cd56140af14a4dc2860,2026-08-16T07:00:00Z,0.00598198205863094,145774390.506994,872019.7886206985,182,0.0,0.0,0.0,7131696.7342978,118608.79099916715,157.0,2128.1615316372827,0.0002984088655091733,-5.748801603986864,0.0,-9.693606345674088,-0.05970091447859982,-6.851721047602566,-0.0495623443771076,-16.73286838484295,0.1930946871568917
2026-08-16-seven-token-pilot,early,base,MONGO,0xadf9afd4fa1dfef7a06a7cd56140af14a4dc2860,2026-08-16T08:00:00Z,0.00613672204380242,145790204.54337302,894673.961991781,182,15814.036379009485,0.010848295317174215,97.0463456485609,7131696.7342978,118608.79099916715,157.0,2128.1615316372827,0.0002984088655091733,2.5867677912577047,0.010848295317167356,-5.9468418160958825,-0.048859095692943555,3.225369613437179,-0.03871942572941656,-20.47822449628418,0.20396392995596369
2026-08-16-seven-token-pilot,momentum,base,PRISMA,0xadf0d31463cb2f2a88dbf0bcb22964a7d5960c25,2026-08-12T10:00:00Z,0.001933757641792145,93243203.91127202,180309.7581086055,79,,,,6769478.19334206,114353.72388017198,156.0,2400.1383293564063,0.00035455293019733756,,,,,,,,
2026-08-16-seven-token-pilot,momentum,base,PRISMA,0xadf0d31463cb2f2a88dbf0bcb22964a7d5960c25,2026-08-12T11:00:00Z,0.002219120068294615,93243203.91127202,206917.8650315907,79,0.0,0.0,0.0,6769478.19334206,114353.72388017198,156.0,2400.1383293564063,0.00035455293019733756,14.756886816385384,0.0,,,,,,
2026-08-16-seven-token-pilot,momentum,base,PRISMA,0xadf0d31463cb2f2a88dbf0bcb22964a7d5960c25,2026-08-12T12:00:00Z,0.00237558988652704,93243203.91127202,221507.61219899636,79,0.0,0.0,0.0,6769478.19334206,114353.72388017198,156.0,2400.1383293564063,0.00035455293019733756,7.0509847785150015,0.0,,,,,,
2026-08-16-seven-token-pilot,momentum,base,PRISMA,0xadf0d31463cb2f2a88dbf0bcb22964a7d5960c25,2026-08-12T13:00:00Z,0.002395074697800795,93245061.22398901,223328.88683246204,79,1857.3127169907093,0.00199190143525965,4.448402694368097,6769478.19334206,114353.72388017198,156.0,2400.1383293564063,0.00035455293019733756,0.820209388171822,0.0019919014352609565,,,,,,
2026-08-16-seven-token-pilot,momentum,base,PRISMA,0xadf0d31463cb2f2a88dbf0bcb22964a7d5960c25,2026-08-12T14:00:00Z,0.0026726898126678547,93245061.22398901,249215.12521494573,79,0.0,0.0,0.0,6769478.19334206,114353.72388017198,156.0,2400.1383293564063,0.00035455293019733756,11.59108378214555,0.0,38.212243091170976,0.0019919014352609565,,,,
2026-08-16-seven-token-pilot,momentum,base,PRISMA,0xadf0d31463cb2f2a88dbf0bcb22964a7d5960c25,2026-08-12T15:00:00Z,0.00288484916751445,93245061.22398901,268997.9372468586,79,0.0,0.0,0.0,6769478.19334206,114353.72388017198,156.0,2400.1383293564063,0.00035455293019733756,7.938046302306212,0.0,29.99968810752296,0.0019919014352609565,,,,
2026-08-16-seven-token-pilot,momentum,base,PRISMA,0xadf0d31463cb2f2a88dbf0bcb22964a7d5960c25,2026-08-12T16:00:00Z,0.0032663929947624,93245061.22398901,304575.0147782287,79,0.0,0.0,0.0,6769478.19334206,114353.72388017198,156.0,2400.1383293564063,0.00035455293019733756,13.225780797984775,0.0,37.49818574693702,0.0019919014352609565,,,,
2026-08-16-seven-token-pilot,momentum,base,PRISMA,0xadf0d31463cb2f2a88dbf0bcb22964a7d5960c25,2026-08-12T17:00:00Z,0.002787550515419215,93245061.22398901,259925.31847522678,79,0.0,0.0,0.0,6769478.19334206,114353.72388017198,156.0,2400.1383293564063,0.00035455293019733756,-14.659671390154216,0.0,16.386788185721258,0.0,,,,
2026-08-16-seven-token-pilot,momentum,base,PRISMA,0xadf0d31463cb2f2a88dbf0bcb22964a7d5960c25,2026-08-12T18:00:00Z,0.00282314627081793,93245061.22398901,263244.44686669414,79,0.0,0.0,0.0,6769478.19334206,114353.72388017198,156.0,2400.1383293564063,0.00035455293019733756,1.2769546310217095,0.0,5.629402163953001,0.0,,,,
2026-08-16-seven-token-pilot,momentum,base,PRISMA,0xadf0d31463cb2f2a88dbf0bcb22964a7d5960c25,2026-08-12T19:00:00Z,0.00273551231497551,92419359.44669402,252814.2959085797,79,-825701.7772949934,-0.8855179743102216,-2258.7173802876205,6769478.19334206,114353.72388017198,156.0,2400.1383293564063,0.00035455293019733756,-3.1041238191682696,-0.8855179743102237,-5.176591352524918,-0.8855179743102237,,,,
2026-08-16-seven-token-pilot,momentum,base,PRISMA,0xadf0d31463cb2f2a88dbf0bcb22964a7d5960c25,2026-08-12T20:00:00Z,0.0027874297039464,93072839.22021201,259433.9966730465,79,653479.7735179961,0.7070810460387497,1821.5289316322283,6769478.19334206,114353.72388017198,156.0,2400.1383293564063,0.00035455293019733756,1.8979036828556506,0.70708104603876,-14.66337001040624,-0.18469825802708284,,,,
2026-08-16-seven-token-pilot,momentum,base,PRISMA,0xadf0d31463cb2f2a88dbf0bcb22964a7d5960c25,2026-08-12T21:00:00Z,0.00302088926066659,93100371.716212,281245.91308157233,79,27532.495999991894,0.02958166553278719,83.17262148572136,6769478.19334206,114353.72388017198,156.0,2400.1383293564063,0.00035455293019733756,8.375441948891549,0.029581665532796286,8.370744994814338,-0.15517122931523186,,,,
2026-08-16-seven-token-pilot,momentum,base,PRISMA,0xadf0d31463cb2f2a88dbf0bcb22964a7d5960c25,2026-08-12T22:00:00Z,0.00352491331435569,93150455.24129201,328347.27991832397,80,50083.525080010295,0.05379519346353911,176.5400843843954,6769478.19334206,114353.72388017198,156.0,2400.1383293564063,0.00035455293019733756,16.684625294006384,0.05379519346353501,24.85762253241104,-0.10145951051470092,82.28309681501311,-0.09946963005289522,,
2026-08-16-seven-token-pilot,momentum,base,PRISMA,0xadf0d31463cb2f2a88dbf0bcb22964a7d5960c25,2026-08-12T23:00:00Z,0.00376376622881889,93150455.24129201,350596.53763628023,80,0.0,0.0,0.0,6769478.19334206,114353.72388017198,156.0,2400.1383293564063,0.00035455293019733756,6.776135841140807,0.0,37.589080049620826,0.7910634730374566,69.6062454029957,-0.09946963005289522,,
2026-08-16-seven-token-pilot,momentum,base,PRISMA,0xadf0d31463cb2f2a88dbf0bcb22964a7d5960c25,2026-08-13T00:00:00Z,0.00318150610478971,93165368.89196901,296406.1898847847,80,14913.650676995516,0.01601028211656506,47.44787067356243,6769478.19334206,114353.72388017198,156.0,2400.1383293564063,0.00035455293019733756,-15.47014582284244,0.01601028211657418,14.137626512531698,0.09941640604522739,33.92488841754027,-0.08347527330471172,,
2026-08-16-seven-token-pilot,momentum,base,PRISMA,0xadf0d31463cb2f2a88dbf0bcb22964a7d5960c25,2026-08-13T01:00:00Z,0.00301434764913353,93165368.89196901,280832.8107001648,80,0.0,0.0,0.0,6769478.19334206,114353.72388017198,156.0,2400.1383293564063,0.00035455293019733756,-5.254066789453127,0.0,-0.21654588992171542,0.06981408834234593,25.85610177007689,-0.08546547235200874,,
2026-08-16-seven-token-pilot,momentum,base,PRISMA,0xadf0d31463cb2f2a88dbf0bcb22964a7d5960c25,2026-08-13T02:00:00Z,0.003015090457745345,93191127.12379502,280979.6781374876,80,25758.231826007366,0.02764786114449418,77.66339898698726,6769478.19334206,114353.72388017198,156.0,2400.1383293564063,0.00035455293019733756,0.02464243339777017,0.027647861144486363,-14.46341544156624,0.043662569761626635,12.81108804525688,-0.05784124058263451,,
2026-08-16-seven-token-pilot,momentum,base,PRISMA,0xadf0d31463cb2f2a88dbf0bcb22964a7d5960c25,2026-08-13T03:00:00Z,0.003045898457486435,93191127.12379502,283850.71035778936,80,0.0,0.0,0.0,6769478.19334206,114353.72388017198,156.0,2400.1383293564063,0.00035455293019733756,1.021793547253247,0.0,-19.073123241177747,0.043662569761626635,5.582589612847699,-0.05784124058263451,,
2026-08-16-seven-token-pilot,momentum,base,PRISMA,0xadf0d31463cb2f2a88dbf0bcb22964a7d5960c25,2026-08-13T04:00:00Z,0.00267845941653369,93303098.50901201,249908.56279323375,82,111971.38521699607,0.1201524100768235,299.9108111167844,6769478.19334206,114353.72388017198,156.0,2400.1383293564063,0.00035455293019733756,-12.063404150904178,0.12015241007681254,-15.81158959584238,0.14783349079281471,-17.999474624500188,0.062241671849605495,,
2026-08-16-seven-token-pilot,momentum,base,PRISMA,0xadf0d31463cb2f2a88dbf0bcb22964a7d5960c25,2026-08-13T05:00:00Z,0.0028980707280335197,93303098.50901201,270398.9786237957,82,0.0,0.0,0.0,6769478.19334206,114353.72388017198,156.0,2400.1383293564063,0.00035455293019733756,8.19916516726762,0.0,-3.8574489287403146,0.14783349079281471,3.964778826534876,0.062241671849605495,,
2026-08-16-seven-token-pilot,momentum,base,PRISMA,0xadf0d31463cb2f2a88dbf0bcb22964a7d5960c25,2026-08-13T06:00:00Z,0.0030855268034280852,93303098.50901201,287889.2112924475,82,0.0,0.0,0.0,6769478.19334206,114353.72388017198,156.0,2400.1383293564063,0.00035455293019733756,6.468305744965841,0.0,2.3361271135928785,0.12015241007681254,9.293905006705083,0.062241671849605495,,
2026-08-16-seven-token-pilot,momentum,base,PRISMA,0xadf0d31463cb2f2a88dbf0bcb22964a7d5960c25,2026-08-13T07:00:00Z,0.0032474063248631047,93370846.06930001,303213.07608326426,82,67747.56028799713,0.0726101934133018,220.00385577328638,6769478.19334206,114353.72388017198,156.0,2400.1383293564063,0.00035455293019733756,5.246414364482854,0.07261019341329167,6.61571192176118,0.19284984638747726,18.71291191362001,1.0295317218193878,,
2026-08-16-seven-token-pilot,momentum,base,PRISMA,0xadf0d31463cb2f2a88dbf0bcb22964a7d5960c25,2026-08-13T08:00:00Z,0.00341523390387856,93370846.06930001,318883.27912969945,82,0.0,0.0,0.0,6769478.19334206,114353.72388017198,156.0,2400.1383293564063,0.00035455293019733756,5.168049890477744,0.0,27.507397827156964,0.07261019341329167,22.522691748721925,0.32018669633888663,,
2026-08-16-seven-token-pilot,momentum,base,PRISMA,0xadf0d31463cb2f2a88dbf0bcb22964a7d5960c25,2026-08-13T09:00:00Z,0.00339046463230843,93370846.06930001,316570.5512866763,82,0.0,0.0,0.0,6769478.19334206,114353.72388017198,156.0,2400.1383293564063,0.00035455293019733756,-0.7252584235006632,0.0,16.99040328836361,0.07261019341329167,12.233992700556318,0.2905190904204602,,
2026-08-16-seven-token-pilot,momentum,base,PRISMA,0xadf0d31463cb2f2a88dbf0bcb22964a7d5960c25,2026-08-13T10:00:00Z,0.00340086775687045,93370846.06930001,317541.8998287964,82,0.0,0.0,0.0,6769478.19334206,114353.72388017198,156.0,2400.1383293564063,0.00035455293019733756,0.3068347760624368,0.0,10.220003698947444,0.07261019341329167,-3.5191094481684893,0.2365966193478064,75.86835513258188,0.1368916475129378
2026-08-16-seven-token-pilot,momentum,base,PRISMA,0xadf0d31463cb2f2a88dbf0bcb22964a7d5960c25,2026-08-13T11:00:00Z,0.00337036020206842,93370846.06930001,314693.38362542517,82,0.0,0.0,0.0,6769478.19334206,114353.72388017198,156.0,2400.1383293564063,0.00035455293019733756,-0.89705207561801,0.0,3.7862178275611447,0.0,-10.452456471344796,0.2365966193478064,51.87822642956532,0.1368916475129378
2026-08-16-seven-token-pilot,momentum,base,PRISMA,0xadf0d31463cb2f2a88dbf0bcb22964a7d5960c25,2026-08-13T12:00:00Z,0.00330403826050753,93370846.06930001,308500.8478289263,82,0.0,0.0,0.0,6769478.19334206,114353.72388017198,156.0,2400.1383293564063,0.00035455293019733756,-1.967799807278392,0.0,-3.2558719695523264,0.0,3.851388357650798,0.2205510263897148,39.08285597805023,0.1368916475129378
2026-08-16-seven-token-pilot,momentum,base,PRISMA,0xadf0d31463cb2f2a88dbf0bcb22964a7d5960c25,2026-08-13T13:00:00Z,0.00366211068852413,93370846.06930001,341934.3733869248,82,0.0,0.0,0.0,6769478.19334206,114353.72388017198,156.0,2400.1383293564063,0.00035455293019733756,10.837417722929054,0.0,8.012059870117195,0.0,21.48932753582018,0.2205510263897148,52.90173170326389,0.13489705906122307
2026-08-16-seven-token-pilot,momentum,base,PRISMA,0xadf0d31463cb2f2a88dbf0bcb22964a7d5960c25,2026-08-13T14:00:00Z,0.003754350358793615,93967813.89836502,352788.0958243782,84,596967.82906501,0.6393514187736281,2241.2263832384656,6769478.19334206,114353.72388017198,156.0,2400.1383293564063,0.00035455293019733756,2.518757026065166,0.639351418773626,10.393894358551803,0.639351418773626,24.518664080184237,0.8334342533900863,40.470859768274295,0.7751109440958359
2026-08-16-seven-token-pilot,momentum,base,PRISMA,0xadf0d31463cb2f2a88dbf0bcb22964a7d5960c25,2026-08-13T15:00:00Z,0.00375995265150528,93967813.89836502,353314.5310233122,84,0.0,0.0,0.0,6769478.19334206,114353.72388017198,156.0,2400.1383293564063,0.00035455293019733756,0.14922136125474772,0.0,11.559371286124364,0.639351418773626,23.443138502000593,0.8334342533900863,30.334462329786493,0.7751109440958359
2026-08-16-seven-token-pilot,momentum,base,PRISMA,0xadf0d31463cb2f2a88dbf0bcb22964a7d5960c25,2026-08-13T16:00:00Z,0.004039727599452914,94018557.68613502,379809.3623454355,85,50743.78777000308,0.054001243260684166,204.9910799552627,6769478.19334206,114353.72388017198,156.0,2400.1383293564063,0.00035455293019733756,7.440916784833118,0.05400124326069289,22.26636863558522,0.6936979197492477,50.82280412823652,0.7668118085637943,23.675491771214972,0.8295307569029964
2026-08-16-seven-token-pilot,momentum,base,PRISMA,0xadf0d31463cb2f2a88dbf0bcb22964a7d5960c25,2026-08-13T17:00:00Z,0.00424018969552579,94018557.68613502,398656.51948894665,85,0.0,0.0,0.0,6769478.19334206,114353.72388017198,156.0,2400.1383293564063,0.00035455293019733756,4.962267656364339,0.0,15.785405089288318,0.6936979197492477,46.31077338830036,0.7668118085637943,52.11167195253914,0.8295307569029964
2026-08-16-seven-token-pilot,momentum,base,PRISMA,0xadf0d31463cb2f2a88dbf0bcb22964a7d5960c25,2026-08-13T18:00:00Z,0.00396413056494932,94010392.85865402,372669.4717538835,84,-8164.8274810016155,-0.00868427221385219,-32.36644217497666,6769478.19334206,114353.72388017198,156.0,2400.1383293564063,0.00035455293019733756,-6.510537273079208,-0.008684272213854705,5.587656614528469,0.04531228143187516,28.47500013758062,0.7580609443251118,40.4153446077316,0.8207744459801214
2026-08-16-seven-token-pilot,momentum,base,PRISMA,0xadf0d31463cb2f2a88dbf0bcb22964a7d5960c25,2026-08-13T19:00:00Z,0.0039026252951954,94027118.13585101,366952.6096712983,85,16725.277196988463,0.017790881080706852,65.272489858122,6769478.19334206,114353.72388017198,156.0,2400.1383293564063,0.00035455293019733756,-1.5515450045401336,0.017790881080714804,3.7945329878822154,0.06311122396667201,20.176685785075456,0.7028661452461504,42.665243136744536,1.7396340969927593
2026-08-16-seven-token-pilot,momentum,base,PRISMA,0xadf0d31463cb2f2a88dbf0bcb22964a7d5960c25,2026-08-13T20:00:00Z,0.003782172642350255,94027118.13585101,355626.7938524511,85,0.0,0.0,0.0,6769478.19334206,114353.72388017198,156.0,2400.1383293564063,0.00035455293019733756,-3.08645190696214,0.0,-6.37555257779111,0.009105063858316775,10.744175912958,0.7028661452461504,35.68674528349587,1.0253033254751687
2026-08-16-seven-token-pilot,momentum,base,PRISMA,0xadf0d31463cb2f2a88dbf0bcb22964a7d5960c25,2026-08-13T21:00:00Z,0.00369901275615402,94027118.13585101,347807.5094089139,85,0.0,0.0,0.0,6769478.19334206,114353.72388017198,156.0,2400.1383293564063,0.00035455293019733756,-2.198733216592652,0.0,-12.763036048665821,0.009105063858316775,9.100467260604095,0.7028661452461504,22.44781046153923,0.9954271959986549
2026-08-16-seven-token-pilot,momentum,base,PRISMA,0xadf0d31463cb2f2a88dbf0bcb22964a7d5960c25,2026-08-13T22:00:00Z,0.00383750585356646,94059903.229017,360955.4292272474,85,32785.09316599369,0.03486769967641204,125.81298693422252,6769478.19334206,114353.72388017198,156.0,2400.1383293564063,0.00035455293019733756,3.7440556857239793,0.03486769967642189,-3.1942618768027065,0.052664784028100264,12.839020153427349,0.7379789181792162,8.868091533987354,0.9763215706989348
2026-08-16-seven-token-pilot,momentum,base,PRISMA,0xadf0d31463cb2f2a88dbf0bcb22964a7d5960c25,2026-08-13T23:00:00Z,0.00406979772640731,94059903.229017,382804.7803075449,85,0.0,0.0,0.0,6769478.19334206,114353.72388017198,156.0,2400.1383293564063,0.00035455293019733756,6.05319917948699,0.0,4.283589085985762,0.03486769967642189,20.752604540892673,0.7379789181792162,8.130991113240738,0.9763215706989348
2026-08-16-seven-token-pilot,momentum,base,PRISMA,0xadf0d31463cb2f2a88dbf0bcb22964a7d5960c25,2026-08-14T00:00:00Z,0.00385638755079246,93909903.229017,362152.9817085058,85,-150000.0,-0.15947284108381451,-578.458132618869,6769478.19334206,114353.72388017198,156.0,2400.1383293564063,0.00035455293019733756,-5.243753865950529,-0.15947284108381865,1.9622295294296155,-0.12466074591869214,16.717399943186017,0.5773292011479692,21.212640295950578,0.7991535330164723
2026-08-16-seven-token-pilot,momentum,base,PRISMA,0xadf0d31463cb2f2a88dbf0bcb22964a7d5960c25,2026-08-14T01:00:00Z,0.00385379279774896,93909903.229017,361909.30870128755,85,0.0,0.0,0.0,6769478.19334206,114353.72388017198,156.0,2400.1383293564063,0.00035455293019733756,-0.0672845508736919,0.0,4.184360849727642,-0.12466074591869214,5.234197585165834,0.5773292011479692,27.848318983934295,0.7991535330164723
2026-08-16-seven-token-pilot,momentum,base,PRISMA,0xadf0d31463cb2f2a88dbf0bcb22964a7d5960c25,2026-08-14T02:00:00Z,0.00348107862821422,93909903.229017,326907.7571081968,85,0.0,0.0,0.0,6769478.19334206,114353.72388017198,156.0,2400.1383293564063,0.00035455293019733756,-9.671359854957595,0.0,-9.287991704846188,-0.15947284108381865,-7.2788020419917725,-0.06162819687457466,15.455197016454903,0.771292426013015
2026-08-16-seven-token-pilot,momentum,base,PRISMA,0xadf0d31463cb2f2a88dbf0bcb22964a7d5960c25,2026-08-14T03:00:00Z,0.00338508714255098,93967003.39712901,318086.49502366566,86,57100.168112009764,0.06080313805963599,193.2890449134637,6769478.19334206,114353.72388017198,156.0,2400.1383293564063,0.00035455293019733756,-2.7575213293152046,0.06080313805962856,-16.824192008696492,-0.0987666675159149,-9.969952914280034,-0.0008625306925691412,11.135915717441659,0.8325645340712784
2026-08-16-seven-token-pilot,momentum,base,PRISMA,0xadf0d31463cb2f2a88dbf0bcb22964a7d5960c25,2026-08-14T04:00:00Z,0.003431348740358015,93967003.39712901,322433.558741956,86,0.0,0.0,0.0,6769478.19334206,114353.72388017198,156.0,2400.1383293564063,0.00035455293019733756,1.3666294502590937,0.0,-11.021682982746439,0.06080313805962856,-15.059898077714195,-0.05483416282359155,28.1090435485736,0.7115571709045421
2026-08-16-seven-token-pilot,momentum,base,PRISMA,0xadf0d31463cb2f2a88dbf0bcb22964a7d5960c25,2026-08-14T05:00:00Z,0.00342765692415071,93367003.39712901,320030.055681372,86,-600000.0,-0.6385220112471224,-2056.594154490426,6769478.19334206,114353.72388017198,156.0,2400.1383293564063,0.00035455293019733756,-0.1075908188486907,-0.6385220112471224,-11.057570968713225,-0.578107114607529,-19.162651431195577,-0.6930060458714027,18.27374987761392,0.06849171049858604
2026-08-16-seven-token-pilot,momentum,base,PRISMA,0xadf0d31463cb2f2a88dbf0bcb22964a7d5960c25,2026-08-14T06:00:00Z,0.00339261892829951,92962066.34511901,315384.8658962856,86,-404937.05200999975,-0.43370466789817885,-1373.7971074189284,6769478.19334206,114353.72388017198,156.0,2400.1383293564063,0.00035455293019733756,-1.022214201320082,-0.4337046678981826,-2.54115776638143,-1.0093045049642035,-14.41707399103077,-1.1151176818409714,9.952664307768755,-0.3655100091451535
2026-08-16-seven-token-pilot,momentum,base,PRISMA,0xadf0d31463cb2f2a88dbf0bcb22964a7d5960c25,2026-08-14T07:00:00Z,0.00332641120415861,92911322.55734901,309061.2643479604,85,-50743.78777000308,-0.05458547745874991,-168.7947041795849,6769478.19334206,114353.72388017198,156.0,2400.1383293564063,0.00035455293019733756,-1.951522571209774,-0.0545854774587462,-1.7333656689308086,-1.1234590884189655,-14.764781331842913,-1.1866742282687914,2.4328609170531257,-0.4921488144275177
2026-08-16-seven-token-pilot,momentum,base,PRISMA,0xadf0d31463cb2f2a88dbf0bcb22964a7d5960c25,2026-08-14T08:00:00Z,0.0030659351862703252,92938915.28436102,284944.6905441194,86,27592.72701200843,0.029697916521398096,84.5975126312683,6769478.19334206,114353.72388017198,156.0,2400.1383293564063,0.00035455293019733756,-7.830541743084662,0.029697916521387313,-10.649268895051566,-1.0940948158397967,-18.937196257515552,-1.1573287292690915,-10.227666023447135,-0.46259705585018907
2026-08-16-seven-token-pilot,momentum,base,PRISMA,0xadf0d31463cb2f2a88dbf0bcb22964a7d5960c25,2026-08-14T09:00:00Z,0.00278693578911262,92938915.28436102,259014.78920729156,86,0.0,0.0,0.0,6769478.19334206,114353.72388017198,156.0,2400.1383293564063,0.00035455293019733756,-9.099977012139803,0.0,-18.692685680520526,-0.4585004307647744,-24.65730796748361,-1.1573287292690915,-17.800770945806676,-0.46259705585018907
2026-08-16-seven-token-pilot,momentum,base,PRISMA,0xadf0d31463cb2f2a88dbf0bcb22964a7d5960c25,2026-08-14T10:00:00Z,0.00306968735925111,92938915.28436102,285293.41343091265,86,0.0,0.0,0.0,6769478.19334206,114353.72388017198,156.0,2400.1383293564063,0.00035455293019733756,10.145607632693988,0.0,-9.518651398029665,-0.024903771686879406,-20.008269006332924,-1.1917808823666332,-9.738114542980625,-0.46259705585018907
2026-08-16-seven-token-pilot,momentum,base,PRISMA,0xadf0d31463cb2f2a88dbf0bcb22964a7d5960c25,2026-08-14T11:00:00Z,0.00305080572835552,92995033.32500902,283709.78037655,87,56118.04064799845,0.060381639355588136,171.2052398730016,6769478.19334206,114353.72388017198,156.0,2400.1383293564063,0.00035455293019733756,-0.6150994771075391,0.06038163935557783,-8.28536999450139,0.0900974879658456,-25.037902779294253,-1.1321188598453547,-9.481315187521687,-0.40249474018052567
2026-08-16-seven-token-pilot,momentum,base,PRISMA,0xadf0d31463cb2f2a88dbf0bcb22964a7d5960c25,2026-08-14T12:00:00Z,0.00320438367006391,92995033.32500902,297991.76618370804,87,0.0,0.0,0.0,6769478.19334206,114353.72388017198,156.0,2400.1383293564063,0.00035455293019733756,5.034012499746199,0.0,4.5157015847424375,0.06038163935557783,-16.90711506924577,-0.9741996025455446,-3.016145171040241,-0.40249474018052567
2026-08-16-seven-token-pilot,momentum,base,PRISMA,0xadf0d31463cb2f2a88dbf0bcb22964a7d5960c25,2026-08-14T13:00:00Z,0.003236878282088585,92995033.32500902,301013.6037118258,87,0.0,0.0,0.0,6769478.19334206,114353.72388017198,156.0,2400.1383293564063,0.00035455293019733756,1.014067457909218,0.0,16.144702534364107,0.06038163935557783,-16.007983512261514,-0.9741996025455446,-11.61167541352821,-0.40249474018052567
2026-08-16-seven-token-pilot,momentum,base,PRISMA,0xadf0d31463cb2f2a88dbf0bcb22964a7d5960c25,2026-08-14T14:00:00Z,0.00353752604442914,92995033.32500902,328972.3523897751,87,0.0,0.0,0.0,6769478.19334206,114353.72388017198,156.0,2400.1383293564063,0.00035455293019733756,9.288201042473654,0.0,15.240597182253946,0.06038163935557783,1.621549589756821,-0.9741996025455446,-5.775281836886082,-1.0352274177711007
2026-08-16-seven-token-pilot,momentum,base,PRISMA,0xadf0d31463cb2f2a88dbf0bcb22964a7d5960c25,2026-08-14T15:00:00Z,0.00373368231979363,92995033.32500902,347213.9117542056,87,0.0,0.0,0.0,6769478.19334206,114353.72388017198,156.0,2400.1383293564063,0.00035455293019733756,5.545012896043389,0.0,22.38348332347604,0.0,10.29796760209698,-1.0343738088701149,-0.6986878332399415,-1.0352274177711007
2026-08-16-seven-token-pilot,momentum,base,PRISMA,0xadf0d31463cb2f2a88dbf0bcb22964a7d5960c25,2026-08-14T16:00:00Z,0.00405336821478589,92995033.32500902,376943.1122125461,87,0.0,0.0,0.0,6769478.19334206,114353.72388017198,156.0,2400.1383293564063,0.00035455293019733756,8.562214661314037,0.0,26.49447232718696,0.0,18.127550461774856,-1.0343738088701149,0.3376617605311605,-1.0886407814751475
2026-08-16-seven-token-pilot,momentum,base,PRISMA,0xadf0d31463cb2f2a88dbf0bcb22964a7d5960c25,2026-08-14T17:00:00Z,0.00360530984536271,92996765.08318001,335282.15274127206,87,1731.758170992136,0.0018622050114652916,6.243524783665268,6769478.19334206,114353.72388017198,156.0,2400.1383293564063,0.00035455293019733756,-11.053976487720796,0.0018622050114602828,11.382311324860694,0.0018622050114602828,5.182925979560182,-0.39654085541787065,-14.9729114910354,-1.0867988491868763
2026-08-16-seven-token-pilot,momentum,base,PRISMA,0xadf0d31463cb2f2a88dbf0bcb22964a7d5960c25,2026-08-14T18:00:00Z,0.00396742810737922,92996765.08318001,368957.9796863508,87,0.0,0.0,0.0,6769478.19334206,114353.72388017198,156.0,2400.1383293564063,0.00035455293019733756,10.044026104504745,0.0,12.152619021055289,0.0018622050114602828,16.942933799164493,0.03732569576517797,0.08318450605682148,-1.0782082115091463
2026-08-16-seven-token-pilot,momentum,base,PRISMA,0xadf0d31463cb2f2a88dbf0bcb22964a7d5960c25,2026-08-14T19:00:00Z,0.003934403187981385,92996765.08318001,365886.76901521935,87,0.0,0.0,0.0,6769478.19334206,114353.72388017198,156.0,2400.1383293564063,0.00035455293019733756,-0.8324012056175722,0.0,5.375949290695137,0.0018622050114602828,18.277715727468568,0.0919613707772271,0.8142696360090573,-1.0958041393785312
2026-08-16-seven-token-pilot,momentum,base,PRISMA,0xadf0d31463cb2f2a88dbf0bcb22964a7d5960c25,2026-08-14T20:00:00Z,0.0037235611654936347,92996765.08318001,346279.1429802632,87,0.0,0.0,0.0,6769478.19334206,114353.72388017198,156.0,2400.1383293564063,0.00035455293019733756,-5.358932788887016,0.0,-8.136617050708207,0.0018622050114602828,21.449441663615332,0.06224496879696506,-1.5496774578803718,-1.0958041393785312
2026-08-16-seven-token-pilot,momentum,base,PRISMA,0xadf0d31463cb2f2a88dbf0bcb22964a7d5960c25,2026-08-14T21:00:00Z,0.00339553867784293,92996765.08318001,315774.11275421066,87,0.0,0.0,0.0,6769478.19334206,114353.72388017198,156.0,2400.1383293564063,0.00035455293019733756,-8.809375570099398,0.0,-5.818394992862985,0.0,21.837707603736845,0.06224496879696506,-8.204191180638743,-1.0958041393785312
2026-08-16-seven-token-pilot,momentum,base,PRISMA,0xadf0d31463cb2f2a88dbf0bcb22964a7d5960c25,2026-08-14T22:00:00Z,0.003692537368452585,92997099.00657901,343395.26323947764,87,333.92339900135994,0.0003590699081873284,1.233024629013224,6769478.19334206,114353.72388017198,156.0,2400.1383293564063,0.00035455293019733756,8.74673266270458,0.00035906990818457274,-6.928688598423549,0.00035906990818457274,20.29034023039491,0.06260426220809912,-3.7776746315356324,-1.1299227257870692
2026-08-16-seven-token-pilot,momentum,base,PRISMA,0xadf0d31463cb2f2a88dbf0bcb22964a7d5960c25,2026-08-14T23:00:00Z,0.0031908247825553,92997099.00657901,296737.4482159412,87,0.0,0.0,0.0,6769478.19334206,114353.72388017198,156.0,2400.1383293564063,0.00035455293019733756,-13.587204023544796,0.0,-18.899395153438537,0.00035906990818457274,4.589576219107694,0.002221281606273884,-21.597460191908358,-1.1299227257870692
2026-08-16-seven-token-pilot,momentum,base,PRISMA,0xadf0d31463cb2f2a88dbf0bcb22964a7d5960c25,2026-08-15T00:00:00Z,0.00311598936283804,92947015.481499,289621.91154789337,86,-50083.525080010295,-0.05385493269684377,-156.05973140274426,6769478.19334206,114353.72388017198,156.0,2400.1383293564063,0.00035455293019733756,-2.3453315307815137,-0.05385493269683961,-16.316955077466776,-0.053496056165514005,-2.75854318107005,-0.05163484736028234,-19.199268180457473,-1.0253314234280664
2026-08-16-seven-token-pilot,momentum,base,PRISMA,0xadf0d31463cb2f2a88dbf0bcb22964a7d5960c25,2026-08-15T01:00:00Z,0.00311499504528993,92947015.481499,289529.4926993558,86,0.0,0.0,0.0,6769478.19334206,114353.72388017198,156.0,2400.1383293564063,0.00035455293019733756,-0.03191017145207642,0.0,-8.262124486569522,-0.053496056165514005,-3.7654562877171394,-0.05163484736028234,-19.170666178279472,-1.0253314234280664
2026-08-16-seven-token-pilot,momentum,base,PRISMA,0xadf0d31463cb2f2a88dbf0bcb22964a7d5960c25,2026-08-15T02:00:00Z,0.00288161115807721,92947015.481499,267837.1569214626,86,0.0,0.0,0.0,6769478.19334206,114353.72388017198,156.0,2400.1383293564063,0.00035455293019733756,-7.492271538781781,0.0,-21.961218789647784,-0.05385493269683961,-18.54162706122994,-0.05163484736028234,-17.220739149018726,-1.0253314234280664
2026-08-16-seven-token-pilot,momentum,base,PRISMA,0xadf0d31463cb2f2a88dbf0bcb22964a7d5960c25,2026-08-15T03:00:00Z,0.00275181014219418,92947015.481499,255772.53988866837,86,0.0,0.0,0.0,6769478.19334206,114353.72388017198,156.0,2400.1383293564063,0.00035455293019733756,-4.504459788726011,0.0,-13.758657095847958,-0.05385493269683961,-26.297689345292785,-0.05163484736028234,-18.707849272074174,-1.0854745588930625
2026-08-16-seven-token-pilot,momentum,base,PRISMA,0xadf0d31463cb2f2a88dbf0bcb22964a7d5960c25,2026-08-15T04:00:00Z,0.00269463033344805,92314959.52731,248754.69017331858,87,-632055.9541890025,-0.6800174819113074,-1703.1571465941372,6769478.19334206,114353.72388017198,156.0,2400.1383293564063,0.00035455293019733756,-2.07789803044105,-0.6800174819113103,-13.52247971110584,-0.6800174819113103,-33.52120531220015,-0.7313012032827859,-21.470228258789536,-1.7581106240421973
2026-08-16-seven-token-pilot,momentum,base,PRISMA,0xadf0d31463cb2f2a88dbf0bcb22964a7d5960c25,2026-08-15T05:00:00Z,0.00251390158143925,92314959.52731,232070.72274620496,87,0.0,0.0,0.0,6769478.19334206,114353.72388017198,156.0,2400.1383293564063,0.00035455293019733756,-6.706996123566212,0.0,-19.2967711059307,-0.6800174819113103,-30.272245957646938,-0.7331497555427613,-26.65830807842201,-1.12678337264851
2026-08-16-seven-token-pilot,momentum,base,PRISMA,0xadf0d31463cb2f2a88dbf0bcb22964a7d5960c25,2026-08-15T06:00:00Z,0.00236308436202981,92314959.52731,218148.03724040114,87,0.0,0.0,0.0,6769478.19334206,114353.72388017198,156.0,2400.1383293564063,0.00035455293019733756,-5.999328713699869,0.0,-17.99433607112325,-0.6800174819113103,-40.437878190291855,-0.7331497555427613,-30.346307322695274,-0.6960977130248458
2026-08-16-seven-token-pilot,momentum,base,PRISMA,0xadf0d31463cb2f2a88dbf0bcb22964a7d5960c25,2026-08-15T07:00:00Z,0.002615252313214745,92314959.52731,241426.91144812302,87,0.0,0.0,0.0,6769478.19334206,114353.72388017198,156.0,2400.1383293564063,0.00035455293019733756,10.671136216581424,0.0,-4.962472769671145,-0.6800174819113103,-33.528614423562765,-0.7331497555427613,-21.379163527792024,-0.6418625993305671
2026-08-16-seven-token-pilot,momentum,base,PRISMA,0xadf0d31463cb2f2a88dbf0bcb22964a7d5960c25,2026-08-15T08:00:00Z,0.00261764931351103,92315005.019976,241648.30951730735,87,45.49266600608826,4.927984179273776e-05,0.1190838459406235,6769478.19334206,114353.72388017198,156.0,2400.1383293564063,0.00035455293019733756,0.09165464778191357,4.927984178504374e-05,-2.856830452083381,4.927984178504374e-05,-29.700380974834694,-0.7331008369960146,-14.621505202288043,-0.6713121865862814
2026-08-16-seven-token-pilot,momentum,base,PRISMA,0xadf0d31463cb2f2a88dbf0bcb22964a7d5960c25,2026-08-15T09:00:00Z,0.0023418054346150702,92349939.60706101,216265.59045818896,88,34934.58708500862,0.03784280472871029,81.81000589170664,6769478.19334206,114353.72388017198,156.0,2400.1383293564063,0.00035455293019733756,-10.537846971028097,0.03784280472871604,-6.84577901119151,0.03789210321938352,-31.03287410930805,-0.6955354581855033,-15.972034814597658,-0.6337234252174584
2026-08-16-seven-token-pilot,momentum,base,PRISMA,0xadf0d31463cb2f2a88dbf0bcb22964a7d5960c25,2026-08-15T10:00:00Z,0.00247380836889882,92349939.60706101,228456.05346724816,88,0.0,0.0,0.0,6769478.19334206,114353.72388017198,156.0,2400.1383293564063,0.00035455293019733756,5.636801944882652,0.0,4.685571478028061,0.03789210321938352,-33.00519068448838,-0.6958920293548276,-19.411715937666774,-0.6337234252174584
2026-08-16-seven-token-pilot,momentum,base,PRISMA,0xadf0d31463cb2f2a88dbf0bcb22964a7d5960c25,2026-08-15T11:00:00Z,0.00275862536567466,92371726.50688301,254818.98781304984,89,21786.89982199669,0.023591677390042254,60.1018944883728,6769478.19334206,114353.72388017198,156.0,2400.1383293564063,0.00035455293019733756,11.513300721131525,0.02359167739003354,5.482188151998102,0.061492719992162215,-13.545068950308291,-0.6724645245673289,-9.577153994605691,-0.6702581802918495
2026-08-16-seven-token-pilot,momentum,base,PRISMA,0xadf0d31463cb2f2a88dbf0bcb22964a7d5960c25,2026-08-15T12:00:00Z,0.00298685929239127,92371726.50688301,275901.3496713085,89,0.0,0.0,0.0,6769478.19334206,114353.72388017198,156.0,2400.1383293564063,0.00035455293019733756,8.27346581948043,0.0,14.104638729663211,0.0614434098711536,-4.144111401239137,-0.6189429231651888,-6.78833747983435,-0.6702581802918495
2026-08-16-seven-token-pilot,momentum,base,PRISMA,0xadf0d31463cb2f2a88dbf0bcb22964a7d5960c25,2026-08-15T13:00:00Z,0.00311631988659497,92465545.374123,288152.2178742291,90,93818.86723999679,0.10156664900380091,292.3696017178153,6769478.19334206,114353.72388017198,156.0,2400.1383293564063,0.00035455293019733756,4.334338565378282,0.10156664900380363,33.07339032233516,0.1251822876700226,0.042531088678399165,-0.5180049137476939,-3.7245266885916117,-0.569372290061454
2026-08-16-seven-token-pilot,momentum,base,PRISMA,0xadf0d31463cb2f2a88dbf0bcb22964a7d5960c25,2026-08-15T14:00:00Z,0.0034582872475407847,93051541.29586801,321798.958627515,91,585995.9217450023,0.6337451635352561,2026.542223281649,6769478.19334206,114353.72388017198,156.0,2400.1383293564063,0.00035455293019733756,10.973435763664918,0.6337451635352487,39.79608489562154,0.7597207878989876,20.01227986111662,0.1124574186998073,-2.2399494984111756,0.060764504123023144
2026-08-16-seven-token-pilot,momentum,base,PRISMA,0xadf0d31463cb2f2a88dbf0bcb22964a7d5960c25,2026-08-15T15:00:00Z,0.00351596285883855,93051541.29586801,327165.76315395354,91,0.0,0.0,0.0,6769478.19334206,114353.72388017198,156.0,2400.1383293564063,0.00035455293019733756,1.667750743920382,0.0,27.45343759204768,0.7359554862648832,27.769092966387056,0.1124574186998073,-5.8312261812117345,0.060764504123023144
2026-08-16-seven-token-pilot,momentum,base,PRISMA,0xadf0d31463cb2f2a88dbf0bcb22964a7d5960c25,2026-08-15T16:00:00Z,0.003736812171051585,93051541.29586801,347716.1320495088,91,0.0,0.0,0.0,6769478.19334206,114353.72388017198,156.0,2400.1383293564063,0.00035455293019733756,6.281332342799262,0.0,25.108410046993047,0.7359554862648832,38.67624529669562,0.7979007653034831,-7.809703608460017,0.060764504123023144
2026-08-16-seven-token-pilot,momentum,base,PRISMA,0xadf0d31463cb2f2a88dbf0bcb22964a7d5960c25,2026-08-15T17:00:00Z,0.00471927456414451,93069918.21917601,439222.49773876695,92,18376.92330799997,0.019749187441794692,86.72574673467864,6769478.19334206,114353.72388017198,156.0,2400.1383293564063,0.00035455293019733756,26.291457748502456,0.019749187441786553,51.437424137513666,0.6536195104972942,87.72710113188471,0.8178075316630284,30.897891348079966,0.07866202220105922
2026-08-16-seven-token-pilot,momentum,base,PRISMA,0xadf0d31463cb2f2a88dbf0bcb22964a7d5960c25,2026-08-15T18:00:00Z,0.004450911668208205,93069918.21917601,414245.98496091395,92,0.0,0.0,0.0,6769478.19334206,114353.72388017198,156.0,2400.1383293564063,0.00035455293019733756,-5.6865285604537075,0.0,28.702775380306633,0.019749187441786553,88.35178886229104,0.8178075316630284,12.186321912922104,0.07866202220105922
2026-08-16-seven-token-pilot,momentum,base,PRISMA,0xadf0d31463cb2f2a88dbf0bcb22964a7d5960c25,2026-08-15T19:00:00Z,0.00434177713698338,92956352.50479701,403595.76604269526,91,-113565.71437899768,-0.12202193421031582,-493.07702223591684,6769478.19334206,114353.72388017198,156.0,2400.1383293564063,0.00035455293019733756,-2.4519590448030426,-0.1220219342103146,23.487571151921284,-0.10229684510902892,66.01752400885329,0.6947876928844465,10.354148508379124,-0.04345589693023344
2026-08-16-seven-token-pilot,momentum,base,PRISMA,0xadf0d31463cb2f2a88dbf0bcb22964a7d5960c25,2026-08-15T20:00:00Z,0.00508645118768984,93054325.90792,473316.28653401707,92,97973.40312299132,0.10539721114588205,498.3369326769547,6769478.19334206,114353.72388017198,156.0,2400.1383293564063,0.00035455293019733756,17.151365148692356,0.10539721114588563,36.11738976589904,0.002992548015012808,94.313698226728,0.800867516373982,36.60178956709916,0.0618955129122023
2026-08-16-seven-token-pilot,momentum,base,PRISMA,0xadf0d31463cb2f2a88dbf0bcb22964a7d5960c25,2026-08-15T21:00:00Z,0.00517194955827758,93054325.90792,481272.2797752849,92,0.0,0.0,0.0,6769478.19334206,114353.72388017198,156.0,2400.1383293564063,0.00035455293019733756,1.6809041792175572,0.0,9.59204614989655,-0.016753330780072684,120.85308547965296,0.7627360709233644,52.316025496229756,0.0618955129122023
2026-08-16-seven-token-pilot,momentum,base,PRISMA,0xadf0d31463cb2f2a88dbf0bcb22964a7d5960c25,2026-08-15T22:00:00Z,0.005784999401854265,93043864.89516301,538258.702764727,91,-10461.012756988406,-0.01124183390177893,-60.51695254196777,6769478.19334206,114353.72388017198,156.0,2400.1383293564063,0.00035455293019733756,11.85336083944426,-0.011241833901776133,29.97335901260698,-0.02799328130024259,133.84994062532715,0.7514084914993724,56.667321806375085,0.050287470344301255
2026-08-16-seven-token-pilot,momentum,base,PRISMA,0xadf0d31463cb2f2a88dbf0bcb22964a7d5960c25,2026-08-15T23:00:00Z,0.00631215263121459,93091422.04301701,587607.2645923377,91,47557.14785400033,0.05111261006578483,300.1879759596895,6769478.19334206,114353.72388017198,156.0,2400.1383293564063,0.00035455293019733756,9.112416315745108,0.05111261006578438,45.38177414606328,0.14530425794518909,128.8151450268009,0.7791296789070756,97.82197586417279,0.10142578364873422
2026-08-16-seven-token-pilot,momentum,base,PRISMA,0xadf0d31463cb2f2a88dbf0bcb22964a7d5960c25,2026-08-16T00:00:00Z,0.006727372939974935,93091422.04301701,626260.7135959788,91,0.0,0.0,0.0,6769478.19334206,114353.72388017198,156.0,2400.1383293564063,0.00035455293019733756,6.578109450443503,0.0,32.260640901389806,0.03986503016928378,125.23233542042824,0.7791296789070756,115.89845652899311,0.15536438773202654
2026-08-16-seven-token-pilot,momentum,base,PRISMA,0xadf0d31463cb2f2a88dbf0bcb22964a7d5960c25,2026-08-16T01:00:00Z,0.00743781592902148,93091422.04301701,692396.8617268133,91,0.0,0.0,0.0,6769478.19334206,114353.72388017198,156.0,2400.1383293564063,0.00035455293019733756,10.560481712333791,0.0,43.810681933613125,0.03986503016928378,138.67305667225227,0.6768755500891288,138.77456692163696,0.15536438773202654
2026-08-16-seven-token-pilot,momentum,base,PRISMA,0xadf0d31463cb2f2a88dbf0bcb22964a7d5960c25,2026-08-16T02:00:00Z,0.00788378229811995,93091422.04301701,733912.5052095508,91,0.0,0.0,0.0,6769478.19334206,114353.72388017198,156.0,2400.1383293564063,0.00035455293019733756,5.995931780972974,0.0,36.2797426667488,0.05111261006578438,127.96782724529807,0.042858771164477893,173.589386826934,0.15536438773202654
2026-08-16-seven-token-pilot,momentum,base,PRISMA,0xadf0d31463cb2f2a88dbf0bcb22964a7d5960c25,2026-08-16T03:00:00Z,0.00714944315616638,93091422.04301701,665551.8302232439,91,0.0,0.0,0.0,6769478.19334206,114353.72388017198,156.0,2400.1383293564063,0.00035455293019733756,-9.314553778694368,0.0,13.26473825761527,0.0,103.34239703908877,0.042858771164477893,159.80873631295322,0.15536438773202654
2026-08-16-seven-token-pilot,momentum,base,PRISMA,0xadf0d31463cb2f2a88dbf0bcb22964a7d5960c25,2026-08-16T04:00:00Z,0.006871494289091665,93091422.04301701,639677.1749320134,91,0.0,0.0,0.0,6769478.19334206,114353.72388017198,156.0,2400.1383293564063,0.00035455293019733756,-3.887699517339116,0.0,2.1423124658414894,0.0,83.88653147524782,0.042858771164477893,155.00693745620012,0.8411015069310857
2026-08-16-seven-token-pilot,momentum,base,PRISMA,0xadf0d31463cb2f2a88dbf0bcb22964a7d5960c25,2026-08-16T05:00:00Z,0.007432235947458029,93091422.04301701,691877.4133080976,91,0.0,0.0,0.0,6769478.19334206,114353.72388017198,156.0,2400.1383293564063,0.00035455293019733756,8.160403469395705,0.0,-0.0750217754338145,0.0,57.48683079229391,0.02310502066882325,195.6454621108497,0.8411015069310857
2026-08-16-seven-token-pilot,momentum,base,PRISMA,0xadf0d31463cb2f2a88dbf0bcb22964a7d5960c25,2026-08-16T06:00:00Z,0.00727919581701392,93091422.04301701,677630.6899354067,91,0.0,0.0,0.0,6769478.19334206,114353.72388017198,156.0,2400.1383293564063,0.00035455293019733756,-2.0591398271801675,0.0,-7.6687363786060665,0.0,63.54392896645131,0.02310502066882325,208.0379157839856,0.8411015069310857
2026-08-16-seven-token-pilot,momentum,base,PRISMA,0xadf0d31463cb2f2a88dbf0bcb22964a7d5960c25,2026-08-16T07:00:00Z,0.006982273533696135,93106046.07751901,650091.8813541536,92,14624.034501999617,0.015709325500734034,102.10900905917106,6769478.19334206,114353.72388017198,156.0,2400.1383293564063,0.00035455293019733756,-4.079053384218323,0.01570932550072346,-2.3382187789836806,0.01570932550072346,60.81602793982519,0.16103640976476985,166.98278779508348,0.8569429638053183
2026-08-16-seven-token-pilot,momentum,base,PRISMA,0xadf0d31463cb2f2a88dbf0bcb22964a7d5960c25,2026-08-16T08:00:00Z,0.00703938180324189,93106046.07751901,655409.0065298883,92,0.0,0.0,0.0,6769478.19334206,114353.72388017198,156.0,2400.1383293564063,0.00035455293019733756,0.8179036422757191,0.0,2.4432460697339398,0.01570932550072346,38.39475782798243,0.05558061819737059,168.91997208747676,0.8568932616878966
2026-08-16-seven-token-pilot,early,ethereum,CDXR,0x40aaf75454036bed56f3266ccf18f6b7befd6aca,2026-08-12T10:00:00Z,0.0200258388613608,43201362.62947332,865143.5266090469,4,,,,33729028.7040088,2836325.670113879,72.0,412131.6194107813,0.012218899720696615,,,,,,,,
2026-08-16-seven-token-pilot,early,ethereum,CDXR,0x40aaf75454036bed56f3266ccf18f6b7befd6aca,2026-08-12T11:00:00Z,0.020015564469131948,43201362.62947332,864699.6588645709,4,0.0,0.0,0.0,33729028.7040088,2836325.670113879,72.0,412131.6194107813,0.012218899720696615,-0.05130567713033107,0.0,,,,,,
2026-08-16-seven-token-pilot,early,ethereum,CDXR,0x40aaf75454036bed56f3266ccf18f6b7befd6aca,2026-08-12T12:00:00Z,0.0200646299340615,43201362.62947332,866819.353807576,4,0.0,0.0,0.0,33729028.7040088,2836325.670113879,72.0,412131.6194107813,0.012218899720696615,0.245136553631653,0.0,,,,,,
2026-08-16-seven-token-pilot,early,ethereum,CDXR,0x40aaf75454036bed56f3266ccf18f6b7befd6aca,2026-08-12T13:00:00Z,0.0199953302068854,43201362.62947332,863825.511163718,4,0.0,0.0,0.0,33729028.7040088,2836325.670113879,72.0,412131.6194107813,0.012218899720696615,-0.345382533362637,0.0,,,,,,
2026-08-16-seven-token-pilot,early,ethereum,CDXR,0x40aaf75454036bed56f3266ccf18f6b7befd6aca,2026-08-12T14:00:00Z,0.019904066345301702,43201362.62947332,859882.7879844744,4,0.0,0.0,0.0,33729028.7040088,2836325.670113879,72.0,412131.6194107813,0.012218899720696615,-0.4564258786397546,0.0,-0.6080769794570395,0.0,,,,
2026-08-16-seven-token-pilot,early,ethereum,CDXR,0x40aaf75454036bed56f3266ccf18f6b7befd6aca,2026-08-12T15:00:00Z,0.0198274801869021,43201362.62947332,856574.1615830549,4,0.0,0.0,0.0,33729028.7040088,2836325.670113879,72.0,412131.6194107813,0.012218899720696615,-0.38477644251663223,0.0,-0.9396901222541776,0.0,,,,
2026-08-16-seven-token-pilot,early,ethereum,CDXR,0x40aaf75454036bed56f3266ccf18f6b7befd6aca,2026-08-12T16:00:00Z,0.0198420530493492,43201362.62947332,857203.7290981817,4,0.0,0.0,0.0,33729028.7040088,2836325.670113879,72.0,412131.6194107813,0.012218899720696615,0.07349830795306822,0.0,-1.1092997251569314,0.0,,,,
2026-08-16-seven-token-pilot,early,ethereum,CDXR,0x40aaf75454036bed56f3266ccf18f6b7befd6aca,2026-08-12T17:00:00Z,0.0197620595669961,43346790.65197964,856621.8589025314,4,145428.022506319,0.3366283229388312,2873.9572434803254,33729028.7040088,2836325.670113879,72.0,412131.6194107813,0.012218899720696615,-0.4031512371937884,0.3366283229388367,-1.1666255944549064,0.3366283229388367,,,,
2026-08-16-seven-token-pilot,early,ethereum,CDXR,0x40aaf75454036bed56f3266ccf18f6b7befd6aca,2026-08-12T18:00:00Z,0.0197686645334289,43346790.65197964,856908.1629997572,4,0.0,0.0,0.0,33729028.7040088,2836325.670113879,72.0,412131.6194107813,0.012218899720696615,0.03342245989295112,0.0,-0.6802721088435382,0.3366283229388367,,,,
2026-08-16-seven-token-pilot,early,ethereum,CDXR,0x40aaf75454036bed56f3266ccf18f6b7befd6aca,2026-08-12T19:00:00Z,0.0197401478529571,43346790.65197964,855672.0564212569,4,0.0,0.0,0.0,33729028.7040088,2836325.670113879,72.0,412131.6194107813,0.012218899720696615,-0.1442519317558233,0.0,-0.4404610829100264,0.3366283229388367,,,,
2026-08-16-seven-token-pilot,early,ethereum,CDXR,0x40aaf75454036bed56f3266ccf18f6b7befd6aca,2026-08-12T20:00:00Z,0.0197412486806959,43346790.65197964,855719.7737707945,4,0.0,0.0,0.0,33729028.7040088,2836325.670113879,72.0,412131.6194107813,0.012218899720696615,0.005576593179523748,0.0,-0.5080339640388565,0.3366283229388367,,,,
2026-08-16-seven-token-pilot,early,ethereum,CDXR,0x40aaf75454036bed56f3266ccf18f6b7befd6aca,2026-08-12T21:00:00Z,0.019750736767397,43346790.65197964,856131.0518787149,4,0.0,0.0,0.0,33729028.7040088,2836325.670113879,72.0,412131.6194107813,0.012218899720696615,0.04806224193092401,0.0,-0.057295645530841544,0.0,,,,
2026-08-16-seven-token-pilot,early,ethereum,CDXR,0x40aaf75454036bed56f3266ccf18f6b7befd6aca,2026-08-12T22:00:00Z,0.0196856306697021,43346790.65197964,853308.9114917666,4,0.0,0.0,0.0,33729028.7040088,2836325.670113879,72.0,412131.6194107813,0.012218899720696615,-0.3296388304985909,0.0,-0.42002768364242105,0.0,-1.698846145791777,0.3366283229388367,,
2026-08-16-seven-token-pilot,early,ethereum,CDXR,0x40aaf75454036bed56f3266ccf18f6b7befd6aca,2026-08-12T23:00:00Z,0.0196680174258812,43346790.65197964,852545.4338991599,4,0.0,0.0,0.0,33729028.7040088,2836325.670113879,72.0,412131.6194107813,0.012218899720696615,-0.08947259103060379,0.0,-0.36539962928947567,0.0,-1.736383921556317,0.3366283229388367,,
2026-08-16-seven-token-pilot,early,ethereum,CDXR,0x40aaf75454036bed56f3266ccf18f6b7befd6aca,2026-08-13T00:00:00Z,0.0197112118095371,43346790.65197964,854417.7718048336,4,0.0,0.0,0.0,33729028.7040088,2836325.670113879,72.0,412131.6194107813,0.012218899720696615,0.21961737535913795,0.0,-0.15215284324020528,0.0,-1.7613986686315086,0.3366283229388367,,
2026-08-16-seven-token-pilot,early,ethereum,CDXR,0x40aaf75454036bed56f3266ccf18f6b7befd6aca,2026-08-13T01:00:00Z,0.01970083257657125,43346790.65197964,853967.8653663347,4,0.0,0.0,0.0,33729028.7040088,2836325.670113879,72.0,412131.6194107813,0.012218899720696615,-0.0526564935029894,0.0,-0.25267002144512274,0.0,-1.4728320426173225,0.3366283229388367,,
2026-08-16-seven-token-pilot,early,ethereum,CDXR,0x40aaf75454036bed56f3266ccf18f6b7befd6aca,2026-08-13T02:00:00Z,0.0196904533436054,43346790.65197964,853517.9589278358,4,0.0,0.0,0.0,33729028.7040088,2836325.670113879,72.0,412131.6194107813,0.012218899720696615,-0.052684235173861005,0.0,0.024498447543908064,0.0,-1.0732128701265276,0.3366283229388367,,
2026-08-16-seven-token-pilot,early,ethereum,CDXR,0x40aaf75454036bed56f3266ccf18f6b7befd6aca,2026-08-13T03:00:00Z,0.019725470149773,43346790.65197964,855035.8250940838,4,0.0,0.0,0.0,33729028.7040088,2836325.670113879,72.0,412131.6194107813,0.012218899720696615,0.1778364649942077,0.0,0.2921124313028045,0.0,-0.5144881556683356,0.3366283229388367,,
2026-08-16-seven-token-pilot,early,ethereum,CDXR,0x40aaf75454036bed56f3266ccf18f6b7befd6aca,2026-08-13T04:00:00Z,0.0197606966374147,44021885.28438331,869903.1205117691,4,675094.6324036717,1.5574270257372336,13340.340232475948,33729028.7040088,2836325.670113879,72.0,412131.6194107813,0.012218899720696615,0.17858376694814826,1.5574270257372236,0.25104914074158824,1.5574270257372236,-0.4100201311434848,1.8992980891537892,,
2026-08-16-seven-token-pilot,early,ethereum,CDXR,0x40aaf75454036bed56f3266ccf18f6b7befd6aca,2026-08-13T05:00:00Z,0.0198685777558175,44021885.28438331,874652.2507304482,4,0.0,0.0,0.0,33729028.7040088,2836325.670113879,72.0,412131.6194107813,0.012218899720696615,0.5459378299373263,0.0,0.8514623866492599,1.5574270257372236,0.5390034801802335,1.5574270257372236,,
2026-08-16-seven-token-pilot,early,ethereum,CDXR,0x40aaf75454036bed56f3266ccf18f6b7befd6aca,2026-08-13T06:00:00Z,0.0198376497383939,44021885.28438331,873290.741095353,4,0.0,0.0,0.0,33729028.7040088,2836325.670113879,72.0,412131.6194107813,0.012218899720696615,-0.1556629659339559,0.0,0.7475520863835294,1.5574270257372236,0.34896239373349847,1.5574270257372236,,
2026-08-16-seven-token-pilot,early,ethereum,CDXR,0x40aaf75454036bed56f3266ccf18f6b7befd6aca,2026-08-13T07:00:00Z,0.0201401900249058,44021885.28438331,886609.1348820842,4,0.0,0.0,0.0,33729028.7040088,2836325.670113879,72.0,412131.6194107813,0.012218899720696615,1.5250812999604513,0.0,2.102458760089787,1.5574270257372236,2.0265409100711063,1.5574270257372236,,
2026-08-16-seven-token-pilot,early,ethereum,CDXR,0x40aaf75454036bed56f3266ccf18f6b7befd6aca,2026-08-13T08:00:00Z,0.0201167849176406,44021885.28438331,885578.797934987,4,0.0,0.0,0.0,33729028.7040088,2836325.670113879,72.0,412131.6194107813,0.012218899720696615,-0.11621095548877136,0.0,1.8020026659975485,0.0,1.9022922157498678,1.5574270257372236,,
2026-08-16-seven-token-pilot,early,ethereum,CDXR,0x40aaf75454036bed56f3266ccf18f6b7befd6aca,2026-08-13T09:00:00Z,0.0200570191069143,44021885.28438331,882947.7942712656,4,0.0,0.0,0.0,33729028.7040088,2836325.670113879,72.0,412131.6194107813,0.012218899720696615,-0.29709424727155653,0.0,0.948439054937511,0.0,1.5507388059714522,1.5574270257372236,,
2026-08-16-seven-token-pilot,early,ethereum,CDXR,0x40aaf75454036bed56f3266ccf18f6b7befd6aca,2026-08-13T10:00:00Z,0.0199968228835665,44021885.28438331,880297.8430324957,4,0.0,0.0,0.0,33729028.7040088,2836325.670113879,72.0,412131.6194107813,0.012218899720696615,-0.30012547241902165,0.0,0.8023790482827975,0.0,1.5808089620585664,1.5574270257372236,-0.14489269585747921,1.8992980891537892
2026-08-16-seven-token-pilot,early,ethereum,CDXR,0x40aaf75454036bed56f3266ccf18f6b7befd6aca,2026-08-13T11:00:00Z,0.0200179048556359,44021885.28438331,881225.9111885033,4,0.0,0.0,0.0,33729028.7040088,2836325.670113879,72.0,412131.6194107813,0.012218899720696615,0.10542660797743242,0.0,-0.6071698882616272,0.0,1.7789664417028561,1.5574270257372236,0.011692832882936877,1.8992980891537892
2026-08-16-seven-token-pilot,early,ethereum,CDXR,0x40aaf75454036bed56f3266ccf18f6b7befd6aca,2026-08-13T12:00:00Z,0.0200558807519084,44021885.28438331,882897.681737783,4,0.0,0.0,0.0,33729028.7040088,2836325.670113879,72.0,412131.6194107813,0.012218899720696615,0.18970964517202038,0.0,-0.30275297957177427,0.0,1.7485933675804421,1.5574270257372236,-0.043605001347413186,1.8992980891537892
2026-08-16-seven-token-pilot,early,ethereum,CDXR,0x40aaf75454036bed56f3266ccf18f6b7befd6aca,2026-08-13T13:00:00Z,0.0202632178750278,44021885.28438331,892025.0527869393,4,0.0,0.0,0.0,33729028.7040088,2836325.670113879,72.0,412131.6194107813,0.012218899720696615,1.0337971475008478,0.0,1.028062879206293,0.0,2.8546270634539184,1.5574270257372236,1.3397511587488253,1.8992980891537892
2026-08-16-seven-token-pilot,early,ethereum,CDXR,0x40aaf75454036bed56f3266ccf18f6b7befd6aca,2026-08-13T14:00:00Z,0.0202282639086695,44021885.28438331,890486.31328968,4,0.0,0.0,0.0,33729028.7040088,2836325.670113879,72.0,412131.6194107813,0.012218899720696615,-0.17249958310607827,0.0,1.1573889834929796,0.0,2.7313264742010457,1.5574270257372236,1.628800656828222,1.8992980891537892
2026-08-16-seven-token-pilot,early,ethereum,CDXR,0x40aaf75454036bed56f3266ccf18f6b7befd6aca,2026-08-13T15:00:00Z,0.02007721790677705,44021885.28438331,883836.983521706,4,0.0,0.0,0.0,33729028.7040088,2836325.670113879,72.0,412131.6194107813,0.012218899720696615,-0.7467076886796709,0.0,0.29629999527374107,0.0,1.7832160872885305,1.5574270257372236,1.2595534960611277,1.8992980891537892
2026-08-16-seven-token-pilot,early,ethereum,CDXR,0x40aaf75454036bed56f3266ccf18f6b7befd6aca,2026-08-13T16:00:00Z,0.0199261719048846,44021885.28438331,877187.6537537317,4,0.0,0.0,0.0,33729028.7040088,2836325.670113879,72.0,412131.6194107813,0.012218899720696615,-0.752325359986572,0.0,-0.646737226992411,0.0,0.8373959203269887,0.0,0.42394229733278,1.8992980891537892
2026-08-16-seven-token-pilot,early,ethereum,CDXR,0x40aaf75454036bed56f3266ccf18f6b7befd6aca,2026-08-13T17:00:00Z,0.0199261719048846,44021885.28438331,877187.6537537317,4,0.0,0.0,0.0,33729028.7040088,2836325.670113879,72.0,412131.6194107813,0.012218899720696615,0.0,0.0,-1.663338825165428,0.0,0.28987555010189237,0.0,0.8304414695853746,1.5574270257372236
2026-08-16-seven-token-pilot,early,ethereum,CDXR,0x40aaf75454036bed56f3266ccf18f6b7befd6aca,2026-08-13T18:00:00Z,0.0199764232552839,44021885.28438331,879399.8129363949,4,0.0,0.0,0.0,33729028.7040088,2836325.670113879,72.0,412131.6194107813,0.012218899720696615,0.25218767879333637,0.0,-1.2449939081409123,0.0,0.6995461595504127,0.0,1.050949706307569,1.5574270257372236
2026-08-16-seven-token-pilot,early,ethereum,CDXR,0x40aaf75454036bed56f3266ccf18f6b7befd6aca,2026-08-13T19:00:00Z,0.0199764232552839,44021885.28438331,879399.8129363949,4,0.0,0.0,0.0,33729028.7040088,2836325.670113879,72.0,412131.6194107813,0.012218899720696615,0.0,0.0,-0.5020349530555634,0.0,-0.8131341830408867,0.0,1.1969282301571127,1.5574270257372236
2026-08-16-seven-token-pilot,early,ethereum,CDXR,0x40aaf75454036bed56f3266ccf18f6b7befd6aca,2026-08-13T20:00:00Z,0.0199764232552839,44021885.28438331,879399.8129363949,4,0.0,0.0,0.0,33729028.7040088,2836325.670113879,72.0,412131.6194107813,0.012218899720696615,0.0,0.0,0.25218767879333637,0.0,-0.6977340709827806,0.0,1.191285203848147,1.5574270257372236
2026-08-16-seven-token-pilot,early,ethereum,CDXR,0x40aaf75454036bed56f3266ccf18f6b7befd6aca,2026-08-13T21:00:00Z,0.0199764232552839,44639103.86644383,891729.632572662,4,617218.5820605159,1.402072124065693,12329.819636267042,33729028.7040088,2836325.670113879,72.0,412131.6194107813,0.012218899720696615,0.0,1.4020721240656897,0.25218767879333637,1.4020721240656897,-0.40183364836411384,1.4020721240656897,1.142673767286717,2.9813353999834646
2026-08-16-seven-token-pilot,early,ethereum,CDXR,0x40aaf75454036bed56f3266ccf18f6b7befd6aca,2026-08-13T22:00:00Z,0.0201927718828182,44639103.86644383,901387.2414285282,4,0.0,0.0,0.0,33729028.7040088,2836325.670113879,72.0,412131.6194107813,0.012218899720696615,1.0830198417881132,0.0,1.0830198417881132,1.4020721240656897,0.9799006591828752,1.4020721240656897,2.576199978681082,2.9813353999834646
2026-08-16-seven-token-pilot,early,ethereum,CDXR,0x40aaf75454036bed56f3266ccf18f6b7befd6aca,2026-08-13T23:00:00Z,0.0199945526185758,44639103.86644383,892538.9111036817,4,0.0,0.0,0.0,33729028.7040088,2836325.670113879,72.0,412131.6194107813,0.012218899720696615,-0.9816347423360017,0.0,0.09075380041874137,1.4020721240656897,-0.11665674918782676,1.4020721240656897,1.660234408094996,2.9813353999834646
2026-08-16-seven-token-pilot,early,ethereum,CDXR,0x40aaf75454036bed56f3266ccf18f6b7befd6aca,2026-08-14T00:00:00Z,0.0199707658276735,44639103.86644383,891477.0900739445,4,0.0,0.0,0.0,33729028.7040088,2836325.670113879,72.0,412131.6194107813,0.012218899720696615,-0.11896635726773575,0.0,-0.02832052333944235,1.4020721240656897,-0.4243888627369241,1.4020721240656897,1.3167836693369406,2.9813353999834646
2026-08-16-seven-token-pilot,early,ethereum,CDXR,0x40aaf75454036bed56f3266ccf18f6b7befd6aca,2026-08-14T01:00:00Z,0.020085696137631,44639103.86644383,896607.4761175399,4,0.0,0.0,0.0,33729028.7040088,2836325.670113879,72.0,412131.6194107813,0.012218899720696615,0.57549275250246,0.0,0.5470092466037357,0.0,-0.8760787081876886,1.4020721240656897,1.9535395753651486,2.9813353999834646
2026-08-16-seven-token-pilot,early,ethereum,CDXR,0x40aaf75454036bed56f3266ccf18f6b7befd6aca,2026-08-14T02:00:00Z,0.020182010753292,44639103.86644383,900906.8742498879,4,0.0,0.0,0.0,33729028.7040088,2836325.670113879,72.0,412131.6194107813,0.012218899720696615,0.47951843441735864,0.0,-0.05329198778973865,0.0,-0.22865608035536056,1.4020721240656897,2.4964250497880647,2.9813353999834646
2026-08-16-seven-token-pilot,early,ethereum,CDXR,0x40aaf75454036bed56f3266ccf18f6b7befd6aca,2026-08-14T03:00:00Z,0.0199967244855341,44639103.86644383,892635.8612984173,4,0.0,0.0,0.0,33729028.7040088,2836325.670113879,72.0,412131.6194107813,0.012218899720696615,-0.9180763503838452,0.0,0.01086229334423816,0.0,-0.4009191991475092,1.4020721240656897,1.3751476324847856,2.9813353999834646
2026-08-16-seven-token-pilot,early,ethereum,CDXR,0x40aaf75454036bed56f3266ccf18f6b7befd6aca,2026-08-14T04:00:00Z,0.0199832778400682,44639103.86644383,892035.6150948098,4,0.0,0.0,0.0,33729028.7040088,2836325.670113879,72.0,412131.6194107813,0.012218899720696615,-0.06724424030358778,0.0,0.06265164041612259,0.0,0.2865875866984835,1.4020721240656897,1.1263833797846345,1.4020721240656897
2026-08-16-seven-token-pilot,early,ethereum,CDXR,0x40aaf75454036bed56f3266ccf18f6b7befd6aca,2026-08-14T05:00:00Z,0.0200349657151908,44639103.86644383,894342.9155210432,4,0.0,0.0,0.0,33729028.7040088,2836325.670113879,72.0,412131.6194107813,0.012218899720696615,0.2586556396616979,0.0,-0.2525698989598646,0.0,0.5459845013157327,1.4020721240656897,0.8374427269942863,1.4020721240656897
2026-08-16-seven-token-pilot,early,ethereum,CDXR,0x40aaf75454036bed56f3266ccf18f6b7befd6aca,2026-08-14T06:00:00Z,0.0200373594265706,44639103.86644383,894449.7686519524,4,0.0,0.0,0.0,33729028.7040088,2836325.670113879,72.0,412131.6194107813,0.012218899720696615,0.011947668959488844,0.0,-0.7167339691254715,0.0,0.3050404494737702,1.4020721240656897,1.0067205077735508,1.4020721240656897
2026-08-16-seven-token-pilot,early,ethereum,CDXR,0x40aaf75454036bed56f3266ccf18f6b7befd6aca,2026-08-14T07:00:00Z,0.0200705327551682,44639103.86644383,895930.5963128164,4,0.0,0.0,0.0,33729028.7040088,2836325.670113879,72.0,412131.6194107813,0.012218899720696615,0.165557386536741,0.0,0.369101798084448,0.0,0.4711028530065331,1.4020721240656897,-0.3458620283694369,1.4020721240656897
2026-08-16-seven-token-pilot,early,ethereum,CDXR,0x40aaf75454036bed56f3266ccf18f6b7befd6aca,2026-08-14T08:00:00Z,0.0201470558120495,44639103.86644383,899346.5169971187,4,0.0,0.0,0.0,33729028.7040088,2836325.670113879,72.0,412131.6194107813,0.012218899720696615,0.38127068082731697,0.0,0.8195751132124673,0.0,0.8541697108888968,1.4020721240656897,0.1504758068092471,1.4020721240656897
2026-08-16-seven-token-pilot,early,ethereum,CDXR,0x40aaf75454036bed56f3266ccf18f6b7befd6aca,2026-08-14T09:00:00Z,0.020177491672126,44639103.86644383,900705.146516338,4,0.0,0.0,0.0,33729028.7040088,2836325.670113879,72.0,412131.6194107813,0.012218899720696615,0.1510685251504329,0.0,0.7113860785253667,0.0,1.0065286176238697,0.0,0.6006503985937162,1.4020721240656897
2026-08-16-seven-token-pilot,early,ethereum,CDXR,0x40aaf75454036bed56f3266ccf18f6b7befd6aca,2026-08-14T10:00:00Z,0.0201868590741691,44639103.86644383,901123.2989490986,4,0.0,0.0,0.0,33729028.7040088,2836325.670113879,72.0,412131.6194107813,0.012218899720696615,0.04642500760410062,0.0,0.7461045361109475,0.0,-0.029281807784553582,0.0,0.9503319187708303,1.4020721240656897
2026-08-16-seven-token-pilot,early,ethereum,CDXR,0x40aaf75454036bed56f3266ccf18f6b7befd6aca,2026-08-14T11:00:00Z,0.0200757613928063,45263301.09192911,908695.2325723176,4,624197.2254852802,1.3983193465371122,12531.234560894196,33729028.7040088,2836325.670113879,72.0,412131.6194107813,0.012218899720696615,-0.5503465445248934,1.3983193465371135,0.026051314640618273,1.3983193465371135,0.40615449507508394,1.3983193465371135,0.2890239392566274,2.81999691636603
2026-08-16-seven-token-pilot,early,ethereum,CDXR,0x40aaf75454036bed56f3266ccf18f6b7befd6aca,2026-08-14T12:00:00Z,0.020097501545187,45263301.09192911,909679.2636353098,4,0.0,0.0,0.0,33729028.7040088,2836325.670113879,72.0,412131.6194107813,0.012218899720696615,0.10829054975962649,0.0,-0.2459628211922804,1.3983193465371135,0.6346061969134897,1.3983193465371135,0.20752413615463539,2.81999691636603
2026-08-16-seven-token-pilot,early,ethereum,CDXR,0x40aaf75454036bed56f3266ccf18f6b7befd6aca,2026-08-14T13:00:00Z,0.0200111191187458,45263301.09192911,905769.3098582502,4,0.0,0.0,0.0,33729028.7040088,2836325.670113879,72.0,412131.6194107813,0.012218899720696615,-0.4298167423795407,0.0,-0.8245452709567225,1.3983193465371135,-0.37129417060870473,1.3983193465371135,-1.2441200496229432,2.81999691636603
2026-08-16-seven-token-pilot,early,ethereum,CDXR,0x40aaf75454036bed56f3266ccf18f6b7befd6aca,2026-08-14T14:00:00Z,0.0199078727467789,45263301.09192911,901096.0382372631,4,0.0,0.0,0.0,33729028.7040088,2836325.670113879,72.0,412131.6194107813,0.012218899720696615,-0.515945017138908,0.0,-1.3820194928055418,1.3983193465371135,-1.3583285127740985,1.3983193465371135,-1.583878692393803,2.81999691636603
2026-08-16-seven-token-pilot,early,ethereum,CDXR,0x40aaf75454036bed56f3266ccf18f6b7befd6aca,2026-08-14T15:00:00Z,0.0200921120306443,45263301.09192911,909435.3164158241,4,0.0,0.0,0.0,33729028.7040088,2836325.670113879,72.0,412131.6194107813,0.012218899720696615,0.9254594210484246,0.0,0.08144467110402509,0.0,0.4770158491667065,1.3983193465371135,0.07418420189690966,2.81999691636603
2026-08-16-seven-token-pilot,early,ethereum,CDXR,0x40aaf75454036bed56f3266ccf18f6b7befd6aca,2026-08-14T16:00:00Z,0.0201051901655427,45263301.09192911,910027.2759734513,4,0.0,0.0,0.0,33729028.7040088,2836325.670113879,72.0,412131.6194107813,0.012218899720696615,0.0650908917810833,0.0,0.038256597908015166,0.0,0.6100717132104139,1.3983193465371135,0.8984076897089022,2.81999691636603
2026-08-16-seven-token-pilot,early,ethereum,CDXR,0x40aaf75454036bed56f3266ccf18f6b7befd6aca,2026-08-14T17:00:00Z,0.0202268742141412,45263301.09192911,915535.0977032502,4,0.0,0.0,0.0,33729028.7040088,2836325.670113879,72.0,412131.6194107813,0.012218899720696615,0.6052369940128699,0.0,1.0781760585957922,0.0,0.9578678679988517,1.3983193465371135,1.509082179416943,2.81999691636603
2026-08-16-seven-token-pilot,early,ethereum,CDXR,0x40aaf75454036bed56f3266ccf18f6b7befd6aca,2026-08-14T18:00:00Z,0.0198853133911547,45263301.09192911,900074.927331205,4,0.0,0.0,0.0,33729028.7040088,2836325.670113879,72.0,412131.6194107813,0.012218899720696615,-1.6886485740228885,0.0,-0.11331876545096486,0.0,-0.7588127366437214,1.3983193465371135,-0.45608697295247413,2.81999691636603
2026-08-16-seven-token-pilot,early,ethereum,CDXR,0x40aaf75454036bed56f3266ccf18f6b7befd6aca,2026-08-14T19:00:00Z,0.0198747080603647,45263301.09192911,899594.8950504778,4,0.0,0.0,0.0,33729028.7040088,2836325.670113879,72.0,412131.6194107813,0.012218899720696615,-0.05333248001370139,0.0,-1.082036422791266,0.0,-0.9756825949379655,1.3983193465371135,-0.509176210472484,2.81999691636603
2026-08-16-seven-token-pilot,early,ethereum,CDXR,0x40aaf75454036bed56f3266ccf18f6b7befd6aca,2026-08-14T20:00:00Z,0.0199186141298352,45263301.09192911,901582.2286926843,4,0.0,0.0,0.0,33729028.7040088,2836325.670113879,72.0,412131.6194107813,0.012218899720696615,0.2209142863238256,0.0,-0.9279993582317014,0.0,-1.1338712928847694,1.3983193465371135,-0.289386767140154,2.81999691636603
2026-08-16-seven-token-pilot,early,ethereum,CDXR,0x40aaf75454036bed56f3266ccf18f6b7befd6aca,2026-08-14T21:00:00Z,0.0199178717566799,45263301.09192911,901548.6264330333,4,0.0,0.0,0.0,33729028.7040088,2836325.670113879,72.0,412131.6194107813,0.012218899720696615,-0.0037270321642912663,0.0,-1.5276826967424717,0.0,-1.2866808207124603,1.3983193465371135,-0.2931030137665491,1.3983193465371135
2026-08-16-seven-token-pilot,early,ethereum,CDXR,0x40aaf75454036bed56f3266ccf18f6b7befd6aca,2026-08-14T22:00:00Z,0.01990594075954115,45263301.09192911,901008.5901172151,4,0.0,0.0,0.0,33729028.7040088,2836325.670113879,72.0,412131.6194107813,0.012218899720696615,-0.05990096374001164,0.0,0.10373167362613955,0.0,-1.391590012075783,1.3983193465371135,-1.420464337147842,1.3983193465371135
2026-08-16-seven-token-pilot,early,ethereum,CDXR,0x40aaf75454036bed56f3266ccf18f6b7befd6aca,2026-08-14T23:00:00Z,0.0199216896757643,45263301.09192911,901721.4380540953,4,0.0,0.0,0.0,33729028.7040088,2836325.670113879,72.0,412131.6194107813,0.012218899720696615,0.07911666378090931,0.0,0.23638895855428999,0.0,-0.7674514257636322,0.0,-0.3644139691518111,1.3983193465371135
2026-08-16-seven-token-pilot,early,ethereum,CDXR,0x40aaf75454036bed56f3266ccf18f6b7befd6aca,2026-08-15T00:00:00Z,0.0199451274568102,45263301.09192911,902782.3093945025,4,0.0,0.0,0.0,33729028.7040088,2836325.670113879,72.0,412131.6194107813,0.012218899720696615,0.11764956400466264,0.0,0.13310829158184045,0.0,-0.7581742836750283,0.0,-0.12837950774913232,1.3983193465371135
2026-08-16-seven-token-pilot,early,ethereum,CDXR,0x40aaf75454036bed56f3266ccf18f6b7befd6aca,2026-08-15T01:00:00Z,0.0199560509475239,45263301.09192911,903276.7426436516,4,0.0,0.0,0.0,33729028.7040088,2836325.670113879,72.0,412131.6194107813,0.012218899720696615,0.05476771576091721,0.0,0.19168308396801947,0.0,-0.2751878637827554,0.0,-0.6454602778950158,1.3983193465371135
2026-08-16-seven-token-pilot,early,ethereum,CDXR,0x40aaf75454036bed56f3266ccf18f6b7befd6aca,2026-08-15T02:00:00Z,0.0199849620746097,45263301.09192911,904585.3556938432,4,0.0,0.0,0.0,33729028.7040088,2836325.670113879,72.0,412131.6194107813,0.012218899720696615,0.1448739891565909,0.0,0.3969735267632224,0.0,0.3872303626376805,0.0,-0.9763580105622394,1.3983193465371135
2026-08-16-seven-token-pilot,early,ethereum,CDXR,0x40aaf75454036bed56f3266ccf18f6b7befd6aca,2026-08-15T03:00:00Z,0.020195514994864,45263301.09192911,914115.6759190985,4,0.0,0.0,0.0,33729028.7040088,2836325.670113879,72.0,412131.6194107813,0.012218899720696615,1.0535567666740908,0.0,1.374508505836336,0.0,0.5146445732633564,0.0,0.9941153586114027,1.3983193465371135
2026-08-16-seven-token-pilot,early,ethereum,CDXR,0x40aaf75454036bed56f3266ccf18f6b7befd6aca,2026-08-15T04:00:00Z,0.0201981447939173,45263301.09192911,914234.7093054593,4,0.0,0.0,0.0,33729028.7040088,2836325.670113879,72.0,412131.6194107813,0.012218899720696615,0.013021698401693982,0.0,1.2685671608516413,0.0,0.4623414531731873,0.0,1.0752337808078494,1.3983193465371135
2026-08-16-seven-token-pilot,early,ethereum,CDXR,0x40aaf75454036bed56f3266ccf18f6b7befd6aca,2026-08-15T05:00:00Z,0.0201985741488647,45263301.09192911,914254.1433277186,4,0.0,0.0,0.0,33729028.7040088,2836325.670113879,72.0,412131.6194107813,0.012218899720696615,0.0021257147712283597,0.0,1.2152865413028513,0.0,-0.1399131916127505,0.0,0.8166144928805519,1.3983193465371135
2026-08-16-seven-token-pilot,early,ethereum,CDXR,0x40aaf75454036bed56f3266ccf18f6b7befd6aca,2026-08-15T06:00:00Z,0.0201695926899104,45263301.09192911,912942.3468249867,4,0.0,0.0,0.0,33729028.7040088,2836325.670113879,72.0,412131.6194107813,0.012218899720696615,-0.14348269704932415,0.0,0.9238477141533696,0.0,1.4295942596617595,0.0,0.6599335796934058,1.3983193465371135
2026-08-16-seven-token-pilot,early,ethereum,CDXR,0x40aaf75454036bed56f3266ccf18f6b7befd6aca,2026-08-15T07:00:00Z,0.0201749596267538,45263301.09192911,913185.2721032711,4,0.0,0.0,0.0,33729028.7040088,2836325.670113879,72.0,412131.6194107813,0.012218899720696615,0.026609049205461588,0.0,-0.10178184668936385,0.0,1.5107218957740587,0.0,0.5202994502411018,1.3983193465371135
2026-08-16-seven-token-pilot,early,ethereum,CDXR,0x40aaf75454036bed56f3266ccf18f6b7befd6aca,2026-08-15T08:00:00Z,0.0201625083332771,45263301.09192911,912621.6854576512,4,0.0,0.0,0.0,33729028.7040088,2836325.670113879,72.0,412131.6194107813,0.012218899720696615,-0.06171657196374358,0.0,-0.17643432604232956,0.0,1.224453678615034,0.0,0.07669865697377265,1.3983193465371135
2026-08-16-seven-token-pilot,early,ethereum,CDXR,0x40aaf75454036bed56f3266ccf18f6b7befd6aca,2026-08-15T09:00:00Z,0.0201504863947479,45263301.09192911,912077.5328342953,4,0.0,0.0,0.0,33729028.7040088,2836325.670113879,72.0,412131.6194107813,0.012218899720696615,-0.05962521294713419,0.0,-0.23807499362276108,0.0,1.1678689415699717,0.0,-0.13383862482474473,1.3983193465371135
2026-08-16-seven-token-pilot,early,ethereum,CDXR,0x40aaf75454036bed56f3266ccf18f6b7befd6aca,2026-08-15T10:00:00Z,0.0201531698631696,45263301.09192911,912198.9954734375,4,0.0,0.0,0.0,33729028.7040088,2836325.670113879,72.0,412131.6194107813,0.012218899720696615,0.013317139691482183,0.0,-0.08142369056869381,0.0,1.2419865336429803,0.0,-0.16688683898629098,1.3983193465371135
2026-08-16-seven-token-pilot,early,ethereum,CDXR,0x40aaf75454036bed56f3266ccf18f6b7befd6aca,2026-08-15T11:00:00Z,0.0201603615585397,45263301.09192911,912524.5153463357,4,0.0,0.0,0.0,33729028.7040088,2836325.670113879,72.0,412131.6194107813,0.012218899720696615,0.035685182127309645,0.0,-0.07235736023354367,0.0,1.1980503996393166,0.0,0.4214045190022775,0.0
2026-08-16-seven-token-pilot,early,ethereum,CDXR,0x40aaf75454036bed56f3266ccf18f6b7befd6aca,2026-08-15T12:00:00Z,0.0201475882488525,45263301.09192911,911946.3531840234,4,0.0,0.0,0.0,33729028.7040088,2836325.670113879,72.0,412131.6194107813,0.012218899720696615,-0.06335853476689968,0.0,-0.0739991482110236,0.0,1.0150889859225742,0.0,0.24921855859985076,0.0
2026-08-16-seven-token-pilot,early,ethereum,CDXR,0x40aaf75454036bed56f3266ccf18f6b7befd6aca,2026-08-15T13:00:00Z,0.0201888063238097,45263301.09192911,913812.0193212411,4,0.0,0.0,0.0,33729028.7040088,2836325.670113879,72.0,412131.6194107813,0.012218899720696615,0.20458068950039987,0.0,0.19016875479387352,0.0,1.1663398580102458,0.0,0.8879423684877708,0.0
2026-08-16-seven-token-pilot,early,ethereum,CDXR,0x40aaf75454036bed56f3266ccf18f6b7befd6aca,2026-08-15T14:00:00Z,0.0201994328587597,45473317.66450333,918535.2270291864,4,210016.5725742206,0.4639886342970876,4242.215656939802,33729028.7040088,2836325.670113879,72.0,412131.6194107813,0.012218899720696615,0.05263577637804051,0.4639886342970856,0.22955691786552546,0.4639886342970856,1.0731608263719439,0.4639886342970856,1.4645467935692658,0.4639886342970856
2026-08-16-seven-token-pilot,early,ethereum,CDXR,0x40aaf75454036bed56f3266ccf18f6b7befd6aca,2026-08-15T15:00:00Z,0.0202068392316036,45473317.66450333,918872.0193742589,4,0.0,0.0,0.0,33729028.7040088,2836325.670113879,72.0,412131.6194107813,0.012218899720696615,0.036666241550897816,0.0,0.23053987860757186,0.4639886342970856,0.056073027810787934,0.4639886342970856,0.5710061778688269,0.4639886342970856
2026-08-16-seven-token-pilot,early,ethereum,CDXR,0x40aaf75454036bed56f3266ccf18f6b7befd6aca,2026-08-15T16:00:00Z,0.020209737377499,45473317.66450333,919003.8076831985,4,0.0,0.0,0.0,33729028.7040088,2836325.670113879,72.0,412131.6194107813,0.012218899720696615,0.014342400917732867,0.0,0.308469320887772,0.4639886342970856,0.057394298832780244,0.4639886342970856,0.5200011096412105,0.4639886342970856
2026-08-16-seven-token-pilot,early,ethereum,CDXR,0x40aaf75454036bed56f3266ccf18f6b7befd6aca,2026-08-15T17:00:00Z,0.0202030823758132,45473317.66450333,918701.1826774824,4,0.0,0.0,0.0,33729028.7040088,2836325.670113879,72.0,412131.6194107813,0.012218899720696615,-0.03292967920112133,0.0,0.07071270967944354,0.4639886342970856,0.022319530652392672,0.4639886342970856,-0.11762488892804734,0.4639886342970856
2026-08-16-seven-token-pilot,early,ethereum,CDXR,0x40aaf75454036bed56f3266ccf18f6b7befd6aca,2026-08-15T18:00:00Z,0.0201922411633895,45473317.66450333,918208.196781071,4,0.0,0.0,0.0,33729028.7040088,2836325.670113879,72.0,412131.6194107813,0.012218899720696615,-0.05366118012111176,0.0,-0.03560345194087988,0.0,0.11229018764682408,0.4639886342970856,1.54348974138534,0.4639886342970856
2026-08-16-seven-token-pilot,early,ethereum,CDXR,0x40aaf75454036bed56f3266ccf18f6b7befd6aca,2026-08-15T19:00:00Z,0.0202049071343399,45473317.66450333,918784.1605016281,4,0.0,0.0,0.0,33729028.7040088,2836325.670113879,72.0,412131.6194107813,0.012218899720696615,0.06272691994866353,0.0,-0.009561600612317811,0.0,0.1484389963605448,0.4639886342970856,1.6614033925544947,0.4639886342970856
2026-08-16-seven-token-pilot,early,ethereum,CDXR,0x40aaf75454036bed56f3266ccf18f6b7befd6aca,2026-08-15T20:00:00Z,0.020195890680443,45473317.66450333,918374.152429367,4,0.0,0.0,0.0,33729028.7040088,2836325.670113879,72.0,412131.6194107813,0.012218899720696615,-0.044625069726633715,0.0,-0.06851497769295722,0.0,0.16556643952283512,0.4639886342970856,1.3920474024971652,0.4639886342970856
2026-08-16-seven-token-pilot,early,ethereum,CDXR,0x40aaf75454036bed56f3266ccf18f6b7befd6aca,2026-08-15T21:00:00Z,0.0202096300387621,58493768.1606078,1182137.4140990055,4,13020450.496104471,28.633165919776935,263138.48746428784,33729028.7040088,2836325.670113879,72.0,412131.6194107813,0.012218899720696615,0.06803046489256559,28.633165919776935,0.032409227597551826,28.633165919776935,0.29350975879975927,29.230009189581207,1.4648065096832141,29.230009189581207
2026-08-16-seven-token-pilot,early,ethereum,CDXR,0x40aaf75454036bed56f3266ccf18f6b7befd6aca,2026-08-15T22:00:00Z,0.02021327955581565,65882037.14468497,1331692.0345121482,4,7388268.9840771705,12.63086516121002,149341.14640871395,33729028.7040088,2836325.670113879,72.0,412131.6194107813,0.012218899720696615,0.018058307087032155,12.630865161210014,0.10419047720318098,44.88064765969953,0.2982642088275256,45.55287739813654,1.5439551437788301,45.55287739813654
2026-08-16-seven-token-pilot,early,ethereum,CDXR,0x40aaf75454036bed56f3266ccf18f6b7befd6aca,2026-08-15T23:00:00Z,0.0201952466480218,65882037.14468497,1330503.989811047,4,0.0,0.0,0.0,33729028.7040088,2836325.670113879,72.0,412131.6194107813,0.012218899720696615,-0.0892131716877298,0.0,-0.04781257470707345,44.88064765969953,0.17303801512094097,45.55287739813654,1.3731614973919282,45.55287739813654
2026-08-16-seven-token-pilot,early,ethereum,CDXR,0x40aaf75454036bed56f3266ccf18f6b7befd6aca,2026-08-16T00:00:00Z,0.0201891283400204,65882037.14468497,1330100.9032160363,4,0.0,0.0,0.0,33729028.7040088,2836325.670113879,72.0,412131.6194107813,0.012218899720696615,-0.0302957825077943,0.0,-0.03348374443890023,44.88064765969953,0.20617897613759428,45.55287739813654,1.223360862138212,45.55287739813654
2026-08-16-seven-token-pilot,early,ethereum,CDXR,0x40aaf75454036bed56f3266ccf18f6b7befd6aca,2026-08-16T01:00:00Z,0.0201668018827518,65882037.14468497,1328629.990728957,4,0.0,0.0,0.0,33729028.7040088,2836325.670113879,72.0,412131.6194107813,0.012218899720696615,-0.11058653396315288,0.0,-0.2119195449305833,12.630865161210014,-0.10899327431731498,45.55287739813654,1.0560753516920096,45.55287739813654
2026-08-16-seven-token-pilot,early,ethereum,CDXR,0x40aaf75454036bed56f3266ccf18f6b7befd6aca,2026-08-16T02:00:00Z,0.0201995401974965,65882037.14468497,1330786.8575970216,4,0.0,0.0,0.0,33729028.7040088,2836325.670113879,72.0,412131.6194107813,0.012218899720696615,0.16233766233753055,0.0,-0.06797194033364429,0.0,0.0005313948047591666,44.88064765969953,1.0736979238975763,45.55287739813654
2026-08-16-seven-token-pilot,early,ethereum,CDXR,0x40aaf75454036bed56f3266ccf18f6b7befd6aca,2026-08-16T03:00:00Z,0.0202012576172864,65882037.14468497,1330900.004711413,4,0.0,0.0,0.0,33729028.7040088,2836325.670113879,72.0,412131.6194107813,0.012218899720696615,0.008502271700772113,0.0,0.029764277551858065,0.0,-0.027622401768168103,44.88064765969953,0.028435137325577564,45.55287739813654
2026-08-16-seven-token-pilot,early,ethereum,CDXR,0x40aaf75454036bed56f3266ccf18f6b7befd6aca,2026-08-16T04:00:00Z,0.0201952466480218,65882037.14468497,1330503.989811047,4,0.0,0.0,0.0,33729028.7040088,2836325.670113879,72.0,412131.6194107813,0.012218899720696615,-0.029755421065746912,0.0,0.030304963633676074,0.0,-0.07170172084142168,44.88064765969953,-0.014348574708578088,45.55287739813654
2026-08-16-seven-token-pilot,early,ethereum,CDXR,0x40aaf75454036bed56f3266ccf18f6b7befd6aca,2026-08-16T05:00:00Z,0.02017125644033185,65882037.14468497,1328923.466056909,4,0.0,0.0,0.0,33729028.7040088,2836325.670113879,72.0,412131.6194107813,0.012218899720696615,-0.11879135772921989,0.0,0.022088567170674978,0.0,-0.15753009807777385,44.88064765969953,-0.13524572740390983,45.55287739813654
2026-08-16-seven-token-pilot,early,ethereum,CDXR,0x40aaf75454036bed56f3266ccf18f6b7befd6aca,2026-08-16T06:00:00Z,0.0201652991404357,65882037.14468497,1328530.9870038687,4,0.0,0.0,0.0,33729028.7040088,2836325.670113879,72.0,412131.6194107813,0.012218899720696615,-0.02953360844810682,0.0,-0.1695140420327257,0.0,-0.13342760090766514,44.88064765969953,-0.02128723936427601,45.55287739813654
2026-08-16-seven-token-pilot,early,ethereum,CDXR,0x40aaf75454036bed56f3266ccf18f6b7befd6aca,2026-08-16T07:00:00Z,0.02017351055380605,65882037.14468497,1329071.9716445445,4,0.0,0.0,0.0,33729028.7040088,2836325.670113879,72.0,412131.6194107813,0.012218899720696615,0.040720513557301885,0.0,-0.13735314902676432,0.0,-0.15539086779811084,44.88064765969953,-0.007182532082150583,45.55287739813654
2026-08-16-seven-token-pilot,early,ethereum,CDXR,0x40aaf75454036bed56f3266ccf18f6b7befd6aca,2026-08-16T08:00:00Z,0.0201702367223316,65882037.14468497,1328856.2849577395,4,0.0,0.0,0.0,33729028.7040088,2836325.670113879,72.0,412131.6194107813,0.012218899720696615,-0.016228367718740255,0.0,-0.1238406548139448,0.0,-0.12702563366638886,44.88064765969953,0.038330494037519536,45.55287739813654
2026-08-16-seven-token-pilot,momentum,solana,CATE,Ai66LHZG9MCzg1WKdawwqduVAXpNDUuV8M3uyq5ppump,2026-08-12T10:00:00Z,0.017094882434495858,62639883.102968,1070821.4373558015,27,,,,17616893.9507943,588226.6092511985,21.0,43477.21428720788,0.002467927343415018,,,,,,,,
2026-08-16-seven-token-pilot,momentum,solana,CATE,Ai66LHZG9MCzg1WKdawwqduVAXpNDUuV8M3uyq5ppump,2026-08-12T11:00:00Z,0.016929365310415265,62708310.126523,1061611.8901307206,27,68427.0235550031,0.10923874720922157,1158.4260788670379,17616893.9507943,588226.6092511985,21.0,43477.21428720788,0.002467927343415018,-0.9682261619219812,0.10923874720922822,,,,,,
2026-08-16-seven-token-pilot,momentum,solana,CATE,Ai66LHZG9MCzg1WKdawwqduVAXpNDUuV8M3uyq5ppump,2026-08-12T12:00:00Z,0.017027092798013052,62777730.760951,1068922.2473153912,27,69420.63442799449,0.1107040427144798,1182.031584502402,17616893.9507943,588226.6092511985,21.0,43477.21428720788,0.002467927343415018,0.57726610422697,0.1107040427144712,,,,,,
2026-08-16-seven-token-pilot,momentum,solana,CATE,Ai66LHZG9MCzg1WKdawwqduVAXpNDUuV8M3uyq5ppump,2026-08-12T13:00:00Z,0.01627568534929797,62723771.156159,1020872.3632590155,27,-53959.60479199886,-0.08595341714002,-878.2295491670444,17616893.9507943,588226.6092511985,21.0,43477.21428720788,0.002467927343415018,-4.413010827090613,-0.0859534171400167,,,,,,
2026-08-16-seven-token-pilot,momentum,solana,CATE,Ai66LHZG9MCzg1WKdawwqduVAXpNDUuV8M3uyq5ppump,2026-08-12T14:00:00Z,0.016230488892045432,62888750.368834004,1020715.1642959784,27,164979.2126750052,0.263025021668847,2677.693278740073,17616893.9507943,588226.6092511985,21.0,43477.21428720788,0.002467927343415018,-0.2776931126558524,0.263025021668839,-5.056446253799097,0.3972984200128815,,,,
2026-08-16-seven-token-pilot,momentum,solana,CATE,Ai66LHZG9MCzg1WKdawwqduVAXpNDUuV8M3uyq5ppump,2026-08-12T15:00:00Z,0.016361974638206135,62888750.368834004,1028984.1385633386,27,0.0,0.0,0.0,17616893.9507943,588226.6092511985,21.0,43477.21428720788,0.002467927343415018,0.8101157459597275,0.0,-3.3515176842457306,0.2877453433953736,,,,
2026-08-16-seven-token-pilot,momentum,solana,CATE,Ai66LHZG9MCzg1WKdawwqduVAXpNDUuV8M3uyq5ppump,2026-08-12T16:00:00Z,0.01614499434180252,61023298.799056,985220.8138288836,24,-1865451.5697780028,-2.9662722805547608,-30117.705038972483,17616893.9507943,588226.6092511985,21.0,43477.21428720788,0.002467927343415018,-1.3261253681261298,-2.9662722805547603,-5.180558223735455,-2.7946724748233343,,,,
2026-08-16-seven-token-pilot,momentum,solana,CATE,Ai66LHZG9MCzg1WKdawwqduVAXpNDUuV8M3uyq5ppump,2026-08-12T17:00:00Z,0.014950282600078035,61024947.807422996,912340.2153759863,24,1649.0083669945598,0.002702260283280636,24.653141096461862,17616893.9507943,588226.6092511985,21.0,43477.21428720788,0.002467927343415018,-7.399889504025059,0.0027022602832715847,-8.143452768808324,-2.7084202965197424,,,,
2026-08-16-seven-token-pilot,momentum,solana,CATE,Ai66LHZG9MCzg1WKdawwqduVAXpNDUuV8M3uyq5ppump,2026-08-12T18:00:00Z,0.014493631861915122,61103599.679565,885613.07919345,24,78651.87214200199,0.12888478395787317,1139.9512800765945,17616893.9507943,588226.6092511985,21.0,43477.21428720788,0.002467927343415018,-3.0544622491653017,0.12888478395787217,-10.701199709280129,-2.8385850868388074,,,,
2026-08-16-seven-token-pilot,momentum,solana,CATE,Ai66LHZG9MCzg1WKdawwqduVAXpNDUuV8M3uyq5ppump,2026-08-12T19:00:00Z,0.01435530922033955,61157975.822858006,877941.6542271767,24,54376.14329300821,0.08899008172703994,780.5863511806253,17616893.9507943,588226.6092511985,21.0,43477.21428720788,0.002467927343415018,-0.9543683936049319,0.08899008172704725,-12.26420075961313,-2.752121064300439,,,,
2026-08-16-seven-token-pilot,momentum,solana,CATE,Ai66LHZG9MCzg1WKdawwqduVAXpNDUuV8M3uyq5ppump,2026-08-12T20:00:00Z,0.014251027734160418,61227976.112013996,872561.5856788231,24,70000.28915598989,0.11445815237368767,997.5760621612606,17616893.9507943,588226.6092511985,21.0,43477.21428720788,0.002467927343415018,-0.7264314866264221,0.11445815237369761,-11.730983409131678,0.33540847018445064,,,,
2026-08-16-seven-token-pilot,momentum,solana,CATE,Ai66LHZG9MCzg1WKdawwqduVAXpNDUuV8M3uyq5ppump,2026-08-12T21:00:00Z,0.01411254684114477,61336357.54603399,865612.2189336083,24,108381.43401999772,0.17701292922326628,1529.538064317659,17616893.9507943,588226.6092511985,21.0,43477.21428720788,0.002467927343415018,-0.9717256579586997,0.17701292922327472,-5.60347774916905,0.5102990658733875,,,,
2026-08-16-seven-token-pilot,momentum,solana,CATE,Ai66LHZG9MCzg1WKdawwqduVAXpNDUuV8M3uyq5ppump,2026-08-12T22:00:00Z,0.014153662066385155,62397065.038587004,883146.9724904163,25,1060707.4925530106,1.7293291205903958,15012.89540087806,17616893.9507943,588226.6092511985,21.0,43477.21428720788,0.002467927343415018,0.29133809583197223,1.729329120590406,-2.345649446384135,2.116839868363085,-17.205268181169806,-0.38764131149774395,,
2026-08-16-seven-token-pilot,momentum,solana,CATE,Ai66LHZG9MCzg1WKdawwqduVAXpNDUuV8M3uyq5ppump,2026-08-12T23:00:00Z,0.015276437580722835,62397065.038587004,953204.8692822772,25,0.0,0.0,0.0,17616893.9507943,588226.6092511985,21.0,43477.21428720788,0.002467927343415018,7.932756265279672,0.0,6.416638932989116,2.026046805927617,-9.763672171900728,-0.49633786544083236,,
2026-08-16-seven-token-pilot,momentum,solana,CATE,Ai66LHZG9MCzg1WKdawwqduVAXpNDUuV8M3uyq5ppump,2026-08-13T00:00:00Z,0.014450586368663813,62423514.749073,902056.3913170387,25,26449.710485994816,0.042389350315817,382.213825804021,17616893.9507943,588226.6092511985,21.0,43477.21428720788,0.002467927343415018,-5.406045798931258,0.04238935031581903,1.400310477433453,1.9526019198671696,-15.13180470626143,-0.5642383176078902,,
2026-08-16-seven-token-pilot,momentum,solana,CATE,Ai66LHZG9MCzg1WKdawwqduVAXpNDUuV8M3uyq5ppump,2026-08-13T01:00:00Z,0.014042939966441993,62423514.749073,876609.6701155385,25,0.0,0.0,0.0,17616893.9507943,588226.6092511985,21.0,43477.21428720788,0.002467927343415018,-2.820967895848181,0.0,-0.49322688162735107,1.7724515222852455,-13.718287954935693,-0.4786963563438662,,
2026-08-16-seven-token-pilot,momentum,solana,CATE,Ai66LHZG9MCzg1WKdawwqduVAXpNDUuV8M3uyq5ppump,2026-08-13T02:00:00Z,0.013714512784428368,62329166.294746995,854814.1479920695,25,-94348.45432600379,-0.15114248966156602,-1293.9430830450349,17616893.9507943,588226.6092511985,21.0,43477.21428720788,0.002467927343415018,-2.3387352135554096,-0.15114248966157096,-3.1027254988641007,-0.10881720766516834,-15.501542340170326,-0.8897999575522286,,
2026-08-16-seven-token-pilot,momentum,solana,CATE,Ai66LHZG9MCzg1WKdawwqduVAXpNDUuV8M3uyq5ppump,2026-08-13T03:00:00Z,0.01375356698137127,62329166.294746995,857248.3635278315,25,0.0,0.0,0.0,17616893.9507943,588226.6092511985,21.0,43477.21428720788,0.002467927343415018,0.28476547112374906,0.0,-9.968754765661181,-0.10881720766516834,-15.941887910913177,-0.8897999575522286,,
2026-08-16-seven-token-pilot,momentum,solana,CATE,Ai66LHZG9MCzg1WKdawwqduVAXpNDUuV8M3uyq5ppump,2026-08-13T04:00:00Z,0.013690575542942894,62473082.815503,855292.4596861713,26,143916.52075600624,0.23089755456609612,1970.2999992876123,17616893.9507943,588226.6092511985,21.0,43477.21428720788,0.002467927343415018,-0.45800073910787775,0.23089755456608962,-5.259377068386694,0.07940608059198162,-15.202351557997517,2.375787682702968,,
2026-08-16-seven-token-pilot,momentum,solana,CATE,Ai66LHZG9MCzg1WKdawwqduVAXpNDUuV8M3uyq5ppump,2026-08-13T05:00:00Z,0.013994371284275803,62473082.815503,874271.5161934593,26,0.0,0.0,0.0,17616893.9507943,588226.6092511985,21.0,43477.21428720788,0.002467927343415018,2.219013659287006,0.0,-0.34585836215389465,0.07940608059198162,-6.393934759448916,2.373021297207667,,
2026-08-16-seven-token-pilot,momentum,solana,CATE,Ai66LHZG9MCzg1WKdawwqduVAXpNDUuV8M3uyq5ppump,2026-08-13T06:00:00Z,0.013994573177936603,62473082.815503,874284.1291128504,26,0.0,0.0,0.0,17616893.9507943,588226.6092511985,21.0,43477.21428720788,0.002467927343415018,0.001442677607288445,0.0,2.04207322498704,0.23089755456608962,-3.443296260959239,2.2412478857542606,,
2026-08-16-seven-token-pilot,momentum,solana,CATE,Ai66LHZG9MCzg1WKdawwqduVAXpNDUuV8M3uyq5ppump,2026-08-13T07:00:00Z,0.013935922331343716,62290419.321370006,868074.4456494442,25,-182663.4941329956,-0.29238751459159107,-2545.584267009285,17616893.9507943,588226.6092511985,21.0,43477.21428720788,0.002467927343415018,-0.419097073180863,-0.2923875145915855,1.3258767723270504,-0.062165075646547496,-2.9214758286196907,1.8516693583713106,,
2026-08-16-seven-token-pilot,momentum,solana,CATE,Ai66LHZG9MCzg1WKdawwqduVAXpNDUuV8M3uyq5ppump,2026-08-13T08:00:00Z,0.013222738884505194,62290419.321370006,823649.9496928127,24,0.0,0.0,0.0,17616893.9507943,588226.6092511985,21.0,43477.21428720788,0.002467927343415018,-5.117590568329156,0.0,-3.4172168801103187,-0.2923875145915855,-7.215541705742135,1.73522509940931,,
2026-08-16-seven-token-pilot,momentum,solana,CATE,Ai66LHZG9MCzg1WKdawwqduVAXpNDUuV8M3uyq5ppump,2026-08-13T09:00:00Z,0.01292999788749382,62290419.321370006,805414.9902364183,24,0.0,0.0,0.0,17616893.9507943,588226.6092511985,21.0,43477.21428720788,0.002467927343415018,-2.2139210307965507,0.0,-7.605725010154063,-0.2923875145915855,-8.379415614786545,1.555458806988952,,
2026-08-16-seven-token-pilot,momentum,solana,CATE,Ai66LHZG9MCzg1WKdawwqduVAXpNDUuV8M3uyq5ppump,2026-08-13T10:00:00Z,0.013024237760596843,62290419.321370006,811285.2314487984,24,0.0,0.0,0.0,17616893.9507943,588226.6092511985,21.0,43477.21428720788,0.002467927343415018,0.728846778808645,0.0,-6.933654960406788,-0.2923875145915855,-7.979732033243092,-0.17091463701225384,-23.812065917954705,-0.5578934127695279
2026-08-16-seven-token-pilot,momentum,solana,CATE,Ai66LHZG9MCzg1WKdawwqduVAXpNDUuV8M3uyq5ppump,2026-08-13T11:00:00Z,0.013297480721062946,62621546.754058,832708.8106852281,25,331127.4326879978,0.5315864563050031,4403.160652383719,17616893.9507943,588226.6092511985,21.0,43477.21428720788,0.002467927343415018,2.09795740440768,0.5315864563049999,-4.58126556033418,0.5315864563049999,-12.954308550032057,0.35976326023055005,-21.453164502971145,-0.13836024649673817
2026-08-16-seven-token-pilot,momentum,solana,CATE,Ai66LHZG9MCzg1WKdawwqduVAXpNDUuV8M3uyq5ppump,2026-08-13T12:00:00Z,0.013589275673949443,62621691.396276,850983.4275529826,25,144.64221799373627,0.00023097835408283517,1.9655829744083726,17616893.9507943,588226.6092511985,21.0,43477.21428720788,0.002467927343415018,2.194362669195682,0.0002309783540876964,2.7720186615328712,0.5318186625087318,-5.96038577771576,0.3174711452881507,-20.19027654835346,-0.24855846616880228
2026-08-16-seven-token-pilot,momentum,solana,CATE,Ai66LHZG9MCzg1WKdawwqduVAXpNDUuV8M3uyq5ppump,2026-08-13T13:00:00Z,0.014377523182728379,62798198.303469,902882.5519416996,26,176506.90719300508,0.2818622481402692,2537.732150079117,17616893.9507943,588226.6092511985,21.0,43477.21428720788,0.002467927343415018,5.8005115775964455,0.2818622481402633,11.195093052835192,0.8151799066871801,2.3825724320258423,0.6002282247357327,-11.662563669870075,0.11865859775028742
2026-08-16-seven-token-pilot,momentum,solana,CATE,Ai66LHZG9MCzg1WKdawwqduVAXpNDUuV8M3uyq5ppump,2026-08-13T14:00:00Z,0.015243001648522058,63169550.869882,962893.5680460094,26,371352.5664130002,0.5913427079841661,5660.527782016259,17616893.9507943,588226.6092511985,21.0,43477.21428720788,0.002467927343415018,6.0196631561225455,0.5913427079841771,17.03565251732273,1.4113431216064898,11.145046769938173,1.3483006834407618,-6.084149714105913,0.44650354697961525
2026-08-16-seven-token-pilot,momentum,solana,CATE,Ai66LHZG9MCzg1WKdawwqduVAXpNDUuV8M3uyq5ppump,2026-08-13T15:00:00Z,0.015853575962514663,63298416.357424006,1003506.252029302,26,128865.4875420034,0.20399937274754937,2042.9787956936377,17616893.9507943,588226.6092511985,21.0,43477.21428720788,0.002467927343415018,4.005604198381785,0.2039993727475542,19.222402311160437,1.0808893079954807,15.268831598288513,1.5550505811252835,-3.107196331329909,0.6514137841622913
2026-08-16-seven-token-pilot,momentum,solana,CATE,Ai66LHZG9MCzg1WKdawwqduVAXpNDUuV8M3uyq5ppump,2026-08-13T16:00:00Z,0.017443427690391575,63298416.357424006,1104141.348647025,27,0.0,0.0,0.0,17616893.9507943,588226.6092511985,21.0,43477.21428720788,0.002467927343415018,10.028347747133326,0.0,28.36171779067311,1.08065583356034,27.411938495041355,1.3211026328865394,8.042327678165616,3.7282769092175094
2026-08-16-seven-token-pilot,momentum,solana,CATE,Ai66LHZG9MCzg1WKdawwqduVAXpNDUuV8M3uyq5ppump,2026-08-13T17:00:00Z,0.019734372384711943,63261887.583393,1248433.647330462,26,-36528.7740310058,-0.057708827697585036,-720.8724294848636,17616893.9507943,588226.6092511985,21.0,43477.21428720788,0.002467927343415018,13.133569473746821,-0.057708827697589005,37.25849810083221,0.7383799096962074,41.016498589584046,1.2626314123468374,31.99999566970686,3.6656152218747184
2026-08-16-seven-token-pilot,momentum,solana,CATE,Ai66LHZG9MCzg1WKdawwqduVAXpNDUuV8M3uyq5ppump,2026-08-13T18:00:00Z,0.017998960506835977,63261943.02339,1138649.2140637045,26,55.439997002482414,8.763569839644821e-05,0.9978623165467859,17616893.9507943,588226.6092511985,21.0,43477.21428720788,0.002467927343415018,-8.793853911565863,8.76356983869897e-05,18.080158500679122,0.14626058320141855,28.613858229078136,1.2627201545611033,24.18530205760088,3.532268729082455
2026-08-16-seven-token-pilot,momentum,solana,CATE,Ai66LHZG9MCzg1WKdawwqduVAXpNDUuV8M3uyq5ppump,2026-08-13T19:00:00Z,0.017459128939014884,63261943.02339,1104498.4201779792,26,0.0,0.0,0.0,17616893.9507943,588226.6092511985,21.0,43477.21428720788,0.002467927343415018,-2.9992374704976177,0.0,10.127386908143032,-0.05762124257272516,25.281474192397123,1.5596679434885408,21.6214062061278,3.4402171952617744
2026-08-16-seven-token-pilot,momentum,solana,CATE,Ai66LHZG9MCzg1WKdawwqduVAXpNDUuV8M3uyq5ppump,2026-08-13T20:00:00Z,0.0170899152152055,63236943.02339,1080713.994738516,26,-25000.0,-0.03951822976849871,-427.2478803801375,17616893.9507943,588226.6092511985,21.0,43477.21428720788,0.002467927343415018,-2.114731640387424,-0.03951822976849817,-2.02662275706742,-0.09711670144618711,29.24640926874824,1.5195333605585004,19.92058070478755,3.28112578423414
2026-08-16-seven-token-pilot,momentum,solana,CATE,Ai66LHZG9MCzg1WKdawwqduVAXpNDUuV8M3uyq5ppump,2026-08-13T21:00:00Z,0.017500131215069298,63211515.399256,1106209.8137903535,25,-25427.624134004116,-0.04021007803081021,-444.98675883253486,17616893.9507943,588226.6092511985,21.0,43477.21428720788,0.002467927343415018,2.400339584475031,-0.040210078030811225,-11.321571956215305,-0.07962485164642041,35.34519778998426,1.4787122769777117,24.004061152506594,3.057171844308937
2026-08-16-seven-token-pilot,momentum,solana,CATE,Ai66LHZG9MCzg1WKdawwqduVAXpNDUuV8M3uyq5ppump,2026-08-13T22:00:00Z,0.018425741195897443,63201519.197146,1164534.8359141562,25,-9996.202109999955,-0.015813894109106597,-184.1874330207431,17616893.9507943,588226.6092511985,21.0,43477.21428720788,0.002467927343415018,5.28916023230217,-0.01581389410910683,2.3711407605976786,-0.09551370596009301,41.47270292962675,1.4626645408749361,30.18356033565648,1.2892499960719395
2026-08-16-seven-token-pilot,momentum,solana,CATE,Ai66LHZG9MCzg1WKdawwqduVAXpNDUuV8M3uyq5ppump,2026-08-13T23:00:00Z,0.016447511464824628,63201519.197146,1039507.7115893926,25,0.0,0.0,0.0,17616893.9507943,588226.6092511985,21.0,43477.21428720788,0.002467927343415018,-10.73622879015187,0.0,-5.794203580968205,-0.09551370596009301,23.688928826737055,0.9261547712416052,7.6658833442919905,1.2892499960719395
2026-08-16-seven-token-pilot,momentum,solana,CATE,Ai66LHZG9MCzg1WKdawwqduVAXpNDUuV8M3uyq5ppump,2026-08-14T00:00:00Z,0.015984089806977277,63201834.760892004,1010223.8027838358,24,315.5637460052967,0.000499297722608457,5.043999255974829,17616893.9507943,588226.6092511985,21.0,43477.21428720788,0.002467927343415018,-2.8175791750529866,0.0004992977226114803,-6.470631330249854,-0.055518595332815224,17.62282398626056,0.9264255750372596,10.612049914035836,1.2468378542087155
2026-08-16-seven-token-pilot,momentum,solana,CATE,Ai66LHZG9MCzg1WKdawwqduVAXpNDUuV8M3uyq5ppump,2026-08-14T01:00:00Z,0.0156814999949925,63176834.760892004,990707.5339865698,24,-25000.0,-0.039555813679430535,-392.0374998748125,17616893.9507943,588226.6092511985,21.0,43477.21428720788,0.002467927343415018,-1.8930687679988623,-0.039555813679426066,-10.39210048042829,-0.05486443117990181,9.069551102032513,0.6029415933133331,11.668212158323875,1.206788843670803
2026-08-16-seven-token-pilot,momentum,solana,CATE,Ai66LHZG9MCzg1WKdawwqduVAXpNDUuV8M3uyq5ppump,2026-08-14T02:00:00Z,0.015518131073525884,64195557.661708,996195.0781324736,25,1018722.9008159935,1.612494365492663,15808.675502465097,17616893.9507943,588226.6092511985,21.0,43477.21428720788,0.002467927343415018,-1.0417939707220825,1.6124943654926671,-15.780152838676297,1.5728078647307075,1.8049556862083094,1.6242109967496532,13.151165611551052,2.9944109281601294
2026-08-16-seven-token-pilot,momentum,solana,CATE,Ai66LHZG9MCzg1WKdawwqduVAXpNDUuV8M3uyq5ppump,2026-08-14T03:00:00Z,0.015040768841954476,64140557.661708,964723.3011838022,25,-55000.0,-0.08567571028798297,-827.2422863074962,17616893.9507943,588226.6092511985,21.0,43477.21428720788,0.002467927343415018,-3.0761580071056005,-0.08567571028798016,-8.552920761774041,1.4857846401331587,-5.12696392588049,1.3304302899597165,9.359040184460344,2.906169735040498
2026-08-16-seven-token-pilot,momentum,solana,CATE,Ai66LHZG9MCzg1WKdawwqduVAXpNDUuV8M3uyq5ppump,2026-08-14T04:00:00Z,0.014623694286535881,64140557.661708,937971.9066127444,25,0.0,0.0,0.0,17616893.9507943,588226.6092511985,21.0,43477.21428720788,0.002467927343415018,-2.7729603439899497,0.0,-8.510935166590238,1.485277926451678,-16.165019019793327,1.3304302899597165,6.8157744038305434,2.6691092724356436
2026-08-16-seven-token-pilot,momentum,solana,CATE,Ai66LHZG9MCzg1WKdawwqduVAXpNDUuV8M3uyq5ppump,2026-08-14T05:00:00Z,0.014681517168616494,64140557.661708,941680.6985150023,25,0.0,0.0,0.0,17616893.9507943,588226.6092511985,21.0,43477.21428720788,0.002467927343415018,0.395405435505114,0.0,-6.376831468260857,1.5254371392037003,-25.60433702978998,1.3889406590290587,4.910159023097904,2.6691092724356436
2026-08-16-seven-token-pilot,momentum,solana,CATE,Ai66LHZG9MCzg1WKdawwqduVAXpNDUuV8M3uyq5ppump,2026-08-14T06:00:00Z,0.013879762816978183,64140557.661708,890255.7272932199,25,0.0,0.0,0.0,17616893.9507943,588226.6092511985,21.0,43477.21428720788,0.002467927343415018,-5.460977516357479,0.0,-10.55776787027387,-0.08567571028798016,-22.885753253880015,1.388851806200675,-0.820392015523741,2.6691092724356436
2026-08-16-seven-token-pilot,momentum,solana,CATE,Ai66LHZG9MCzg1WKdawwqduVAXpNDUuV8M3uyq5ppump,2026-08-14T07:00:00Z,0.014966938173248286,64140557.661708,959987.7609204503,25,0.0,0.0,0.0,17616893.9507943,588226.6092511985,21.0,43477.21428720788,0.002467927343415018,7.832809325388723,0.0,-0.4908703104341883,0.0,-14.27442786219103,1.388851806200675,7.398260534113921,2.9701812260930938
2026-08-16-seven-token-pilot,momentum,solana,CATE,Ai66LHZG9MCzg1WKdawwqduVAXpNDUuV8M3uyq5ppump,2026-08-14T08:00:00Z,0.014748215540208156,64140557.661708,945958.7692640192,25,0.0,0.0,0.0,17616893.9507943,588226.6092511985,21.0,43477.21428720788,0.002467927343415018,-1.461371928635824,0.0,0.8515033973797159,0.0,-13.702231084878935,1.428934725677311,11.536767601835972,2.9701812260930938
2026-08-16-seven-token-pilot,momentum,solana,CATE,Ai66LHZG9MCzg1WKdawwqduVAXpNDUuV8M3uyq5ppump,2026-08-14T09:00:00Z,0.015837173850204535,66549287.428748,1053952.6346163133,26,2408729.7670399994,3.755392617170858,38147.472078775136,17616893.9507943,588226.6092511985,21.0,43477.21428720788,0.002467927343415018,7.3836614811300105,3.7553926171708607,7.87150720402654,3.7553926171708607,-9.502542263413416,5.280322751970101,22.48396316849053,6.837115809745242
2026-08-16-seven-token-pilot,momentum,solana,CATE,Ai66LHZG9MCzg1WKdawwqduVAXpNDUuV8M3uyq5ppump,2026-08-14T10:00:00Z,0.015268815368977786,66549287.428748,1016128.7826865875,26,0.0,0.0,0.0,17616893.9507943,588226.6092511985,21.0,43477.21428720788,0.002467927343415018,-3.5887620266251585,0.0,10.007754241307843,3.7553926171708607,-17.13323655942024,5.296974303986635,17.23385006968794,6.837115809745242
2026-08-16-seven-token-pilot,momentum,solana,CATE,Ai66LHZG9MCzg1WKdawwqduVAXpNDUuV8M3uyq5ppump,2026-08-14T11:00:00Z,0.014898836319763761,66549287.428748,991506.9405978287,26,0.0,0.0,0.0,17616893.9507943,588226.6092511985,21.0,43477.21428720788,0.002467927343415018,-2.4231025149843988,0.0,-0.4550152656222606,3.7553926171708607,-9.415862991632086,5.296974303986635,12.042548752594161,6.272187255476025
2026-08-16-seven-token-pilot,momentum,solana,CATE,Ai66LHZG9MCzg1WKdawwqduVAXpNDUuV8M3uyq5ppump,2026-08-14T12:00:00Z,0.01531600028949376,66549287.428748,1019268.9055243079,26,0.0,0.0,0.0,17616893.9507943,588226.6092511985,21.0,43477.21428720788,0.002467927343415018,2.7999768624655585,0.0,3.849853887323862,3.7553926171708607,-4.179715739534229,5.296448561216982,12.706524298822174,6.271941790294044
2026-08-16-seven-token-pilot,momentum,solana,CATE,Ai66LHZG9MCzg1WKdawwqduVAXpNDUuV8M3uyq5ppump,2026-08-14T13:00:00Z,0.014865729364948267,66549287.428748,989303.6963459218,26,0.0,0.0,0.0,17616893.9507943,588226.6092511985,21.0,43477.21428720788,0.002467927343415018,-2.9398727868552132,0.0,-6.133951009470806,0.0,-5.202121163821882,5.338115910079777,3.395620900868157,5.973243224514269
2026-08-16-seven-token-pilot,momentum,solana,CATE,Ai66LHZG9MCzg1WKdawwqduVAXpNDUuV8M3uyq5ppump,2026-08-14T14:00:00Z,0.014582305526794594,66549287.428748,970442.041876474,26,0.0,0.0,0.0,17616893.9507943,588226.6092511985,21.0,43477.21428720788,0.002467927343415018,-1.906558576412365,0.0,-4.496156549105956,0.0,-6.0305299800426315,3.666499447584015,-4.3344226876175895,5.350262131557093
2026-08-16-seven-token-pilot,momentum,solana,CATE,Ai66LHZG9MCzg1WKdawwqduVAXpNDUuV8M3uyq5ppump,2026-08-14T15:00:00Z,0.014835565703249115,66549287.428748,987296.3261536014,26,0.0,0.0,0.0,17616893.9507943,588226.6092511985,21.0,43477.21428720788,0.002467927343415018,1.7367636138823306,0.0,-0.42466817647170974,0.0,-1.3643128277656236,3.7553926171708607,-6.42132892713041,5.135785788016345
2026-08-16-seven-token-pilot,momentum,solana,CATE,Ai66LHZG9MCzg1WKdawwqduVAXpNDUuV8M3uyq5ppump,2026-08-14T16:00:00Z,0.014471938291409022,66550993.887526006,963121.8767722154,26,1706.4587780088186,0.0025642029297997587,24.69576613217687,17616893.9507943,588226.6092511985,21.0,43477.21428720788,0.002467927343415018,-2.4510518783955493,0.0025642029297889835,-5.51098186295893,0.0025642029297889835,-1.0377404789334355,3.7580531159881803,-17.035008552931075,5.138481682915774
2026-08-16-seven-token-pilot,momentum,solana,CATE,Ai66LHZG9MCzg1WKdawwqduVAXpNDUuV8M3uyq5ppump,2026-08-14T17:00:00Z,0.014248290683379388,66550993.887526006,948237.9061772753,26,0.0,0.0,0.0,17616893.9507943,588226.6092511985,21.0,43477.21428720788,0.002467927343415018,-1.545388071219167,0.0,-4.153436850698567,0.0025642029297889835,-2.950829129316279,3.7580531159881803,-27.79962592366291,5.199190902733086
2026-08-16-seven-token-pilot,momentum,solana,CATE,Ai66LHZG9MCzg1WKdawwqduVAXpNDUuV8M3uyq5ppump,2026-08-14T18:00:00Z,0.014284647671750198,66603568.363340005,951408.5077516399,26,52574.47581399977,0.0789987838541568,751.007863529939,17616893.9507943,588226.6092511985,21.0,43477.21428720788,0.002467927343415018,0.25516736834418907,0.07899878385415615,-2.0412262964690897,0.08156501247309489,2.9170877061151623,3.840020716100545,-20.63626304238564,5.282204719375283
2026-08-16-seven-token-pilot,momentum,solana,CATE,Ai66LHZG9MCzg1WKdawwqduVAXpNDUuV8M3uyq5ppump,2026-08-14T19:00:00Z,0.014197933089346818,66603568.363340005,945633.0071344378,26,0.0,0.0,0.0,17616893.9507943,588226.6092511985,21.0,43477.21428720788,0.002467927343415018,-0.6070474007900839,0.0,-4.297999999842617,0.08156501247309489,-5.138025393035828,3.840020716100545,-18.679029526956892,5.282204719375283
2026-08-16-seven-token-pilot,momentum,solana,CATE,Ai66LHZG9MCzg1WKdawwqduVAXpNDUuV8M3uyq5ppump,2026-08-14T20:00:00Z,0.014223875688535356,66603568.363340005,947360.8768130144,26,0.0,0.0,0.0,17616893.9507943,588226.6092511985,21.0,43477.21428720788,0.002467927343415018,0.1827209568131094,0.0,-1.7140938406358663,0.07899878385415615,-3.5552765705334943,3.840020716100545,-16.770355444011376,5.323826831263423
2026-08-16-seven-token-pilot,momentum,solana,CATE,Ai66LHZG9MCzg1WKdawwqduVAXpNDUuV8M3uyq5ppump,2026-08-14T21:00:00Z,0.014230909041032573,66708577.809524,949323.7030639801,26,105009.44618399441,0.1576633936655469,1494.3798770936296,17616893.9507943,588226.6092511985,21.0,43477.21428720788,0.002467927343415018,0.049447511010569656,0.15766339366554138,-0.12199107059972514,0.2367867296832804,-10.142370250934752,0.23935700430535167,-18.68112949474121,5.5323185786322115
2026-08-16-seven-token-pilot,momentum,solana,CATE,Ai66LHZG9MCzg1WKdawwqduVAXpNDUuV8M3uyq5ppump,2026-08-14T22:00:00Z,0.013867784773180054,66764137.97561699,925870.6960127536,26,55560.16609299183,0.08328788878041332,770.4964253397468,17616893.9507943,588226.6092511985,21.0,43477.21428720788,0.002467927343415018,-2.5516589755827157,0.08328788878040339,-2.9182581758354864,0.24108259695792,-9.17576486414432,0.3228442484812799,-24.736895923254554,5.636919529351858
2026-08-16-seven-token-pilot,momentum,solana,CATE,Ai66LHZG9MCzg1WKdawwqduVAXpNDUuV8M3uyq5ppump,2026-08-14T23:00:00Z,0.013437592422929275,66780991.93169899,897375.7511770995,24,16853.95608200133,0.02524402559972628,226.4765925438838,17616893.9507943,588226.6092511985,21.0,43477.21428720788,0.002467927343415018,-3.102098549169585,0.025244025599735487,-5.355291235933857,0.26638748151013303,-9.807771999589665,0.34816977296574514,-18.300148617208745,5.66358654036061
2026-08-16-seven-token-pilot,momentum,solana,CATE,Ai66LHZG9MCzg1WKdawwqduVAXpNDUuV8M3uyq5ppump,2026-08-15T00:00:00Z,0.013713900243625125,66885512.49388,917261.2460848123,25,104520.56218101084,0.15651244337297418,1433.3845631579995,17616893.9507943,588226.6092511985,21.0,43477.21428720788,0.002467927343415018,2.0562301043181686,0.15651244337298031,-3.5853480167945984,0.4233168544392596,-10.460303052929687,0.5052271453574786,-14.202807859357636,5.8284348024456145
2026-08-16-seven-token-pilot,momentum,solana,CATE,Ai66LHZG9MCzg1WKdawwqduVAXpNDUuV8M3uyq5ppump,2026-08-15T01:00:00Z,0.013565832838030433,66969069.733531,908491.2053234848,24,83557.23965099454,0.12492576723343488,1133.5235455126403,17616893.9507943,588226.6092511985,21.0,43477.21428720788,0.002467927343415018,-1.0796885128541045,0.1249257672334414,-4.673462539072504,0.3904923962714246,-8.744249912034896,0.6307840714785184,-13.491484600565329,6.002571966436143
2026-08-16-seven-token-pilot,momentum,solana,CATE,Ai66LHZG9MCzg1WKdawwqduVAXpNDUuV8M3uyq5ppump,2026-08-15T02:00:00Z,0.014495450081240358,66955069.733531,970543.8710083656,25,-14000.0,-0.020905173172788283,-202.936301137365,17616893.9507943,588226.6092511985,21.0,43477.21428720788,0.002467927343415018,6.852636725729355,-0.020905173172791613,4.526067561087288,0.28597951490625384,-0.5956221764428227,0.6097470318032538,-6.59023298256729,4.298602850939992
2026-08-16-seven-token-pilot,momentum,solana,CATE,Ai66LHZG9MCzg1WKdawwqduVAXpNDUuV8M3uyq5ppump,2026-08-15T03:00:00Z,0.0142639410980241,67033831.889555,956166.6296474619,25,78762.15602400154,0.11763434245899615,1123.458754279742,17616893.9507943,588226.6092511985,21.0,43477.21428720788,0.002467927343415018,-1.5971148320249262,0.11763434245899429,6.1495292392168555,0.37861066531417187,-3.8530691492258073,0.7280986461737582,-5.164814060325861,4.510834226148752
2026-08-16-seven-token-pilot,momentum,solana,CATE,Ai66LHZG9MCzg1WKdawwqduVAXpNDUuV8M3uyq5ppump,2026-08-15T04:00:00Z,0.014123948246633475,67034371.723266,946789.9969649995,25,539.8337109982967,0.0008053153098687947,7.624583395928036,17616893.9507943,588226.6092511985,21.0,43477.21428720788,0.002467927343415018,-0.9814458039932417,0.0008053153098597221,2.990017396392841,0.22255825489805314,-2.4045849130114427,0.7263269975455566,-3.417372040952238,4.511675867897247
2026-08-16-seven-token-pilot,momentum,solana,CATE,Ai66LHZG9MCzg1WKdawwqduVAXpNDUuV8M3uyq5ppump,2026-08-15T05:00:00Z,0.014839491296162858,67034371.723266,994755.9757311513,25,0.0,0.0,0.0,17616893.9507943,588226.6092511985,21.0,43477.21428720788,0.002467927343415018,5.066168730120757,0.0,9.388722928693728,0.09751067170984395,4.149273943948262,0.7263269975455566,1.076006830438847,4.511675867897247
2026-08-16-seven-token-pilot,momentum,solana,CATE,Ai66LHZG9MCzg1WKdawwqduVAXpNDUuV8M3uyq5ppump,2026-08-15T06:00:00Z,0.0148200526584355,67034371.723266,993452.9188639419,25,0.0,0.0,0.0,17616893.9507943,588226.6092511985,21.0,43477.21428720788,0.002467927343415018,-0.13099261517396377,0.0,2.2393411406744557,0.11844060509622611,3.7481147522044678,0.6468172359412439,6.774538252967299,4.511675867897247
2026-08-16-seven-token-pilot,momentum,solana,CATE,Ai66LHZG9MCzg1WKdawwqduVAXpNDUuV8M3uyq5ppump,2026-08-15T07:00:00Z,0.014561546913983571,67111059.195272,977240.8369190819,25,76687.47200600058,0.11440022489147045,1116.6882213301792,17616893.9507943,588226.6092511985,21.0,43477.21428720788,0.002467927343415018,-1.7442970710687011,0.1144002248914644,2.086420673741407,0.11520646148386327,2.5610335134596873,0.7619574212052616,-2.708578431821862,4.631237460127968
2026-08-16-seven-token-pilot,momentum,solana,CATE,Ai66LHZG9MCzg1WKdawwqduVAXpNDUuV8M3uyq5ppump,2026-08-15T08:00:00Z,0.014709894350340902,67215068.436325,988726.555449274,25,104009.24105300009,0.15498077708826802,1529.964947348771,17616893.9507943,588226.6092511985,21.0,43477.21428720788,0.002467927343415018,1.0187615178087306,0.15498077708826496,4.148599906170647,0.26955830033725814,3.416921466751033,0.9181190858259969,-0.25983611212339053,4.793395765020736
2026-08-16-seven-token-pilot,momentum,solana,CATE,Ai66LHZG9MCzg1WKdawwqduVAXpNDUuV8M3uyq5ppump,2026-08-15T09:00:00Z,0.014489234663858814,67351517.70234099,975871.9449562597,26,136449.26601599157,0.20300398287216556,1977.0454350169973,17616893.9507943,588226.6092511985,21.0,43477.21428720788,0.002467927343415018,-1.5000766234393392,0.20300398287216304,-2.360300803536386,0.4731094972952876,1.8152432995067302,0.963803927364193,-8.511235647819282,1.2054678638774519
2026-08-16-seven-token-pilot,momentum,solana,CATE,Ai66LHZG9MCzg1WKdawwqduVAXpNDUuV8M3uyq5ppump,2026-08-15T10:00:00Z,0.015557566653475297,67785654.606409,1054579.839688663,26,434136.90406800807,0.6445836988955015,6754.113821771446,17616893.9507943,588226.6092511985,21.0,43477.21428720788,0.002467927343415018,7.373281021400491,0.6445836988955067,4.976460016962259,1.1207427828882732,12.184944516612628,1.5300379241997897,1.89111779479747,1.8578218121189316
2026-08-16-seven-token-pilot,momentum,solana,CATE,Ai66LHZG9MCzg1WKdawwqduVAXpNDUuV8M3uyq5ppump,2026-08-15T11:00:00Z,0.01561837782314623,68044373.089297,1062742.7276477644,26,258718.48288799822,0.3816714382862018,4040.7630155759484,17616893.9507943,588226.6092511985,21.0,43477.21428720788,0.002467927343415018,0.3908784132211851,0.38167143828620187,7.257682960508638,1.3907005867831002,16.228989030027165,1.8918274812242064,4.829514788534017,2.2465840256362446
2026-08-16-seven-token-pilot,momentum,solana,CATE,Ai66LHZG9MCzg1WKdawwqduVAXpNDUuV8M3uyq5ppump,2026-08-15T12:00:00Z,0.016316107721604786,68506405.19907,1117757.8868479324,27,462032.10977301,0.6790158962397511,7538.565673896759,17616893.9507943,588226.6092511985,21.0,43477.21428720788,0.002467927343415018,4.467364705600407,0.6790158962397541,10.919271974422173,1.9212012912972476,18.97496286068794,2.4233838461480195,6.529821188349438,2.9408545845324374
2026-08-16-seven-token-pilot,momentum,solana,CATE,Ai66LHZG9MCzg1WKdawwqduVAXpNDUuV8M3uyq5ppump,2026-08-15T13:00:00Z,0.015972971259252004,68624664.873586,1096139.7997015899,26,118259.6745159924,0.1726257189708705,1888.9583821724434,17616893.9507943,588226.6092511985,21.0,43477.21428720788,0.002467927343415018,-2.1030534255324973,0.17262571897087575,10.240268929415208,1.8903021263331654,17.744125627682838,2.472178793348312,7.448285026057921,3.118556974873754
2026-08-16-seven-token-pilot,momentum,solana,CATE,Ai66LHZG9MCzg1WKdawwqduVAXpNDUuV8M3uyq5ppump,2026-08-15T14:00:00Z,0.016752308809691974,69307120.97939399,1161054.2933574896,27,682456.1058079898,0.9944764132038346,11432.715433555266,17616893.9507943,588226.6092511985,21.0,43477.21428720788,0.002467927343415018,4.879101939086983,0.9944764132038264,7.679492447810232,2.2445256032699534,15.569428446877854,3.512879988361939,14.881071301860027,4.144046701625026
2026-08-16-seven-token-pilot,momentum,solana,CATE,Ai66LHZG9MCzg1WKdawwqduVAXpNDUuV8M3uyq5ppump,2026-08-15T15:00:00Z,0.01797804078677365,69307120.97939399,1246006.247781401,27,0.0,0.0,0.0,17616893.9507943,588226.6092511985,21.0,43477.21428720788,0.002467927343415018,7.316794305824481,0.0,15.108246133797776,1.8557712162912354,26.038383524060137,3.3912563637783055,21.182037452311686,4.144046701625026
2026-08-16-seven-token-pilot,momentum,solana,CATE,Ai66LHZG9MCzg1WKdawwqduVAXpNDUuV8M3uyq5ppump,2026-08-15T16:00:00Z,0.017740253184935634,69763176.75608,1237616.4186382755,27,456055.77668601274,0.6580215282952018,8090.544944862332,17616893.9507943,588226.6092511985,21.0,43477.21428720788,0.002467927343415018,-1.3226558147145573,0.658021528295194,8.72846323173684,1.834531462215816,25.6040653445762,4.070754991303804,22.58380893917149,4.826648981355142
2026-08-16-seven-token-pilot,momentum,solana,CATE,Ai66LHZG9MCzg1WKdawwqduVAXpNDUuV8M3uyq5ppump,2026-08-15T17:00:00Z,0.017480157754563477,69854411.055831,1221066.125108049,27,91234.29975099862,0.13077715779771648,1594.7899522745872,17616893.9507943,588226.6092511985,21.0,43477.21428720788,0.002467927343415018,-1.4661314450293172,0.13077715779772348,9.435855551536587,1.7919886159157628,17.794858366091248,4.20685576678006,22.68248973158624,4.963738293507536
2026-08-16-seven-token-pilot,momentum,solana,CATE,Ai66LHZG9MCzg1WKdawwqduVAXpNDUuV8M3uyq5ppump,2026-08-15T18:00:00Z,0.017092293429716382,69854411.055831,1193972.0911262874,27,0.0,0.0,0.0,17616893.9507943,588226.6092511985,21.0,43477.21428720788,0.002467927343415018,-2.218883435109942,0.0,2.0294791833571635,0.7896592279453163,15.332204437124819,4.20685576678006,19.65498780567532,4.88088367091204
2026-08-16-seven-token-pilot,momentum,solana,CATE,Ai66LHZG9MCzg1WKdawwqduVAXpNDUuV8M3uyq5ppump,2026-08-15T19:00:00Z,0.017532752501283815,69854495.98345101,1224741.5891797708,27,84.92762000858784,0.00012157803455061643,1.4890149421336498,17616893.9507943,588226.6092511985,21.0,43477.21428720788,0.002467927343415018,2.5769454133151015,0.00012157803455092875,-2.4768454514656146,0.7897817660320383,20.40446392715991,4.087905661265867,23.488062600035953,4.881011183029016
2026-08-16-seven-token-pilot,momentum,solana,CATE,Ai66LHZG9MCzg1WKdawwqduVAXpNDUuV8M3uyq5ppump,2026-08-15T20:00:00Z,0.017292670963724353,69854495.98345101,1207970.8143786227,27,0.0,0.0,0.0,17616893.9507943,588226.6092511985,21.0,43477.21428720788,0.002467927343415018,-1.369331698156817,0.0,-2.5229753856689685,0.1308988948285572,17.558090845999818,3.926839038520691,21.57495848801947,4.881011183029016
2026-08-16-seven-token-pilot,momentum,solana,CATE,Ai66LHZG9MCzg1WKdawwqduVAXpNDUuV8M3uyq5ppump,2026-08-15T21:00:00Z,0.016735564058889436,69899863.259433,1169813.6392858531,27,45367.27598199248,0.06494539162195127,759.2469533739513,17616893.9507943,588226.6092511985,21.0,43477.21428720788,0.002467927343415018,-3.221635952037638,0.06494539162196222,-4.259650891764133,0.06506704861584112,15.503437187291524,3.783649788493837,17.600105591533797,4.7839206811172375
2026-08-16-seven-token-pilot,momentum,solana,CATE,Ai66LHZG9MCzg1WKdawwqduVAXpNDUuV8M3uyq5ppump,2026-08-15T22:00:00Z,0.017898251322624664,69966179.67360401,1252272.267882078,27,66316.41417101026,0.09487345336410345,1186.9478476480092,17616893.9507943,588226.6092511985,21.0,43477.21428720788,0.002467927343415018,6.947404100895205,0.09487345336409714,4.7153291407170395,0.1600022333359652,15.045313456050646,3.2167942905560576,29.06352106963348,4.79605038734483
2026-08-16-seven-token-pilot,momentum,solana,CATE,Ai66LHZG9MCzg1WKdawwqduVAXpNDUuV8M3uyq5ppump,2026-08-15T23:00:00Z,0.018504081060920802,69966179.67360401,1294659.8602033178,27,0.0,0.0,0.0,17616893.9507943,588226.6092511985,21.0,43477.21428720788,0.002467927343415018,3.3848543490409444,0.0,5.540080255886015,0.15988046092187957,18.476331347920127,2.824343141180763,37.703842165552736,4.769602322113919
2026-08-16-seven-token-pilot,momentum,solana,CATE,Ai66LHZG9MCzg1WKdawwqduVAXpNDUuV8M3uyq5ppump,2026-08-16T00:00:00Z,0.017929115758134016,69987206.977673,1254808.735491184,27,21027.3040689826,0.03005352609943276,377.00096873427145,17616893.9507943,588226.6092511985,21.0,43477.21428720788,0.002467927343415018,-3.107235106103534,0.030053526099438344,3.6804308353797,0.18998203673736835,9.885985457140523,2.1615523020073635,30.736810386733882,4.6373188574682755
2026-08-16-seven-token-pilot,momentum,solana,CATE,Ai66LHZG9MCzg1WKdawwqduVAXpNDUuV8M3uyq5ppump,2026-08-16T01:00:00Z,0.017329132677240282,69961818.370397,1212377.632881596,26,-25388.607275992632,-0.036276068687941775,-439.9625439760243,17616893.9507943,588226.6092511985,21.0,43477.21428720788,0.002467927343415018,-3.3464175756773518,-0.03627606868794597,3.5467500005508246,0.08863409465345029,8.490351581912158,1.9485027712327296,27.741015860521443,4.468852036879278
2026-08-16-seven-token-pilot,momentum,solana,CATE,Ai66LHZG9MCzg1WKdawwqduVAXpNDUuV8M3uyq5ppump,2026-08-16T02:00:00Z,0.016922104818915807,69834499.530314,1181746.7210285002,26,-127318.84008300304,-0.1819833204004823,-2154.5027573073567,17616893.9507943,588226.6092511985,21.0,43477.21428720788,0.002467927343415018,-2.348806867057207,-0.1819833204004806,-5.453865219083931,-0.188205421396892,1.0135678081913069,0.7609298200062398,16.740802969726087,4.300540359740657
2026-08-16-seven-token-pilot,momentum,solana,CATE,Ai66LHZG9MCzg1WKdawwqduVAXpNDUuV8M3uyq5ppump,2026-08-16T03:00:00Z,0.017967171742653786,69839551.022849,1254819.20765736,26,5051.492534995079,0.007233520063822194,90.76103393299013,17616893.9507943,588226.6092511985,21.0,43477.21428720788,0.002467927343415018,6.175750209098019,0.00723352006382072,-2.9015724504197427,-0.18098551520998596,-0.060457333748298314,0.7682183820812538,25.962184077882043,4.185527000629619
2026-08-16-seven-token-pilot,momentum,solana,CATE,Ai66LHZG9MCzg1WKdawwqduVAXpNDUuV8M3uyq5ppump,2026-08-16T04:00:00Z,0.017334578481957533,69839593.48258299,1210639.9143718446,26,42.45973399281502,6.079611534003665e-05,0.736021591221492,17616893.9507943,588226.6092511985,21.0,43477.21428720788,0.002467927343415018,-3.520828262550013,6.079611534204332e-05,-3.31604349147423,-0.2109149678413358,-2.286746974516607,0.10953733768483964,22.731818180439234,4.18475132562981
2026-08-16-seven-token-pilot,momentum,solana,CATE,Ai66LHZG9MCzg1WKdawwqduVAXpNDUuV8M3uyq5ppump,2026-08-16T05:00:00Z,0.01771164047207928,69839593.48258299,1236973.7704796812,26,0.0,0.0,0.0,17616893.9507943,588226.6092511985,21.0,43477.21428720788,0.002467927343415018,2.1752013786444646,0.0,2.207310671360796,-0.17470227427041074,1.3242598880743417,-0.021212079558108332,19.354768425647386,4.18475132562981
2026-08-16-seven-token-pilot,momentum,solana,CATE,Ai66LHZG9MCzg1WKdawwqduVAXpNDUuV8M3uyq5ppump,2026-08-16T06:00:00Z,0.017618016982293414,69839593.48258299,1230435.1440126158,26,0.0,0.0,0.0,17616893.9507943,588226.6092511985,21.0,43477.21428720788,0.002467927343415018,-0.5285986350810012,0.0,4.112444467308252,0.007294320576867186,3.075792928191934,-0.021212079558108332,18.879584225129765,4.18475132562981
2026-08-16-seven-token-pilot,momentum,solana,CATE,Ai66LHZG9MCzg1WKdawwqduVAXpNDUuV8M3uyq5ppump,2026-08-16T07:00:00Z,0.017887050441115257,69839593.48258299,1249224.3314099463,26,0.0,0.0,0.0,17616893.9507943,588226.6092511985,21.0,43477.21428720788,0.002467927343415018,1.5270359830634073,0.0,-0.4459316284505799,6.079611534204332e-05,2.0207776263624355,-0.021333631655651164,22.83757039534158,4.0656999308740005
2026-08-16-seven-token-pilot,momentum,solana,CATE,Ai66LHZG9MCzg1WKdawwqduVAXpNDUuV8M3uyq5ppump,2026-08-16T08:00:00Z,0.018714794795977582,69705699.85789299,1304527.8689504713,25,-133893.62468999624,-0.1917159279046884,-2505.791710562917,17616893.9507943,588226.6092511985,21.0,43477.21428720788,0.002467927343415018,4.627617938392281,-0.19171592790468983,7.962214457401595,-0.19171592790468983,8.22385295618291,-0.21300865959045234,27.22589537527078,3.705465871730018
2026-08-16-seven-token-pilot,early,solana,TOAD,A13oRB9FFaiUjfi6LdCg6p9ka1u8SfGkUFs4SKvPpump,2026-08-12T10:00:00Z,0.013391040370558889,28137377.108372997,376788.7527798623,17,,,,6801824.64329852,351701.194409072,8.0,15840.557576656207,0.002328868856133049,,,,,,,,
2026-08-16-seven-token-pilot,early,solana,TOAD,A13oRB9FFaiUjfi6LdCg6p9ka1u8SfGkUFs4SKvPpump,2026-08-12T11:00:00Z,0.013049000211396076,28151956.736962996,367354.8894118433,17,14579.62858999893,0.051815876561075724,190.24957655297231,6801824.64329852,351701.194409072,8.0,15840.557576656207,0.002328868856133049,-2.554246344554467,0.051815876561067675,,,,,,
2026-08-16-seven-token-pilot,early,solana,TOAD,A13oRB9FFaiUjfi6LdCg6p9ka1u8SfGkUFs4SKvPpump,2026-08-12T12:00:00Z,0.011127245991342353,28225117.566439997,314067.8262963362,16,73160.82947700098,0.2598783102736947,814.0785465212406,6801824.64329852,351701.194409072,8.0,15840.557576656207,0.002328868856133049,-14.727214261023603,0.2598783102736979,,,,,,
2026-08-16-seven-token-pilot,early,solana,TOAD,A13oRB9FFaiUjfi6LdCg6p9ka1u8SfGkUFs4SKvPpump,2026-08-12T13:00:00Z,0.00998905030293775,28743358.13592,287118.8502950598,17,518240.5694800019,1.8360971154862298,5176.731117558846,6801824.64329852,351701.194409072,8.0,15840.557576656207,0.002328868856133049,-10.228907398022702,1.8360971154862238,,,,,,
2026-08-16-seven-token-pilot,early,solana,TOAD,A13oRB9FFaiUjfi6LdCg6p9ka1u8SfGkUFs4SKvPpump,2026-08-12T14:00:00Z,0.009588027543407497,28743358.13592,275592.1094972269,17,0.0,0.0,0.0,6801824.64329852,351701.194409072,8.0,15840.557576656207,0.002328868856133049,-4.014623486402047,0.0,-28.399681592421857,2.1536514409748575,,,,
2026-08-16-seven-token-pilot,early,solana,TOAD,A13oRB9FFaiUjfi6LdCg6p9ka1u8SfGkUFs4SKvPpump,2026-08-12T15:00:00Z,0.009409097072759779,28743358.13592,270449.0468979708,17,0.0,0.0,0.0,6801824.64329852,351701.194409072,8.0,15840.557576656207,0.002328868856133049,-1.8661864480223112,0.0,-27.894115102070906,2.100747043918627,,,,
2026-08-16-seven-token-pilot,early,solana,TOAD,A13oRB9FFaiUjfi6LdCg6p9ka1u8SfGkUFs4SKvPpump,2026-08-12T16:00:00Z,0.009189115797945617,28743358.13592,264126.0463327912,17,0.0,0.0,0.0,6801824.64329852,351701.194409072,8.0,15840.557576656207,0.002328868856133049,-2.33796370802708,0.0,-17.417878555976152,1.8360971154862238,,,,
2026-08-16-seven-token-pilot,early,solana,TOAD,A13oRB9FFaiUjfi6LdCg6p9ka1u8SfGkUFs4SKvPpump,2026-08-12T17:00:00Z,0.009300704232213321,28939706.501903,269159.65074126056,17,196348.3659830019,0.6831086508908271,1826.1780784862758,6801824.64329852,351701.194409072,8.0,15840.557576656207,0.002328868856133049,1.214354424531816,0.6831086508908291,-6.891006150224199,0.6831086508908291,,,,
2026-08-16-seven-token-pilot,early,solana,TOAD,A13oRB9FFaiUjfi6LdCg6p9ka1u8SfGkUFs4SKvPpump,2026-08-12T18:00:00Z,0.009436788984150613,29103192.071543,274640.6823443565,17,163485.56963999942,0.5649178564725562,1542.7788226463344,6801824.64329852,351701.194409072,8.0,15840.557576656207,0.002328868856133049,1.4631661059165468,0.5649178564725466,-1.577368844344551,1.2518855101113724,,,,
2026-08-16-seven-token-pilot,early,solana,TOAD,A13oRB9FFaiUjfi6LdCg6p9ka1u8SfGkUFs4SKvPpump,2026-08-12T19:00:00Z,0.009302061330073996,29525616.128999002,274649.09204017074,17,422424.05745600164,1.4514698470792364,3929.414489754429,6801824.64329852,351701.194409072,8.0,15840.557576656207,0.002328868856133049,-1.4276853525377775,1.4514698470792453,-1.137577196388606,2.721526097889826,,,,
2026-08-16-seven-token-pilot,early,solana,TOAD,A13oRB9FFaiUjfi6LdCg6p9ka1u8SfGkUFs4SKvPpump,2026-08-12T20:00:00Z,0.009723761064603906,29525616.128999002,287100.03652360156,17,0.0,0.0,0.0,6801824.64329852,351701.194409072,8.0,15840.557576656207,0.002328868856133049,4.5334009265939335,0.0,5.818244958647911,2.721526097889826,,,,
2026-08-16-seven-token-pilot,early,solana,TOAD,A13oRB9FFaiUjfi6LdCg6p9ka1u8SfGkUFs4SKvPpump,2026-08-12T21:00:00Z,0.009153909349258521,29528221.818136,270298.6657680147,17,2605.6891369968653,0.008825181244694334,23.852242152416974,6801824.64329852,351701.194409072,8.0,15840.557576656207,0.002328868856133049,-5.8604043390138365,0.008825181244698221,-1.5783200851218426,2.0335911706440335,,,,
2026-08-16-seven-token-pilot,early,solana,TOAD,A13oRB9FFaiUjfi6LdCg6p9ka1u8SfGkUFs4SKvPpump,2026-08-12T22:00:00Z,0.010212533265634632,29528221.818136,301557.9475927522,17,0.0,0.0,0.0,6801824.64329852,351701.194409072,8.0,15840.557576656207,0.002328868856133049,11.56471924710354,0.0,8.220426278333726,1.4604231231686526,-23.736072903733607,4.9430503220185384,,
2026-08-16-seven-token-pilot,early,solana,TOAD,A13oRB9FFaiUjfi6LdCg6p9ka1u8SfGkUFs4SKvPpump,2026-08-12T23:00:00Z,0.009871718878827719,29575660.794338,291962.60901727126,17,47438.97620199993,0.1606563933791072,468.3042369655416,6801824.64329852,351701.194409072,8.0,15840.557576656207,0.002328868856133049,-3.337216907324647,0.16065639337909943,6.123992613465079,0.16949575284170848,-24.348848809072308,5.057211726621147,,
2026-08-16-seven-token-pilot,early,solana,TOAD,A13oRB9FFaiUjfi6LdCg6p9ka1u8SfGkUFs4SKvPpump,2026-08-13T00:00:00Z,0.009851122123095201,29575660.794338,291353.4463562625,17,0.0,0.0,0.0,6801824.64329852,351701.194409072,8.0,15840.557576656207,0.002328868856133049,-0.2086440668067735,0.0,1.309792143648103,0.16949575284170848,-11.468461012186214,4.7848985029696145,,
2026-08-16-seven-token-pilot,early,solana,TOAD,A13oRB9FFaiUjfi6LdCg6p9ka1u8SfGkUFs4SKvPpump,2026-08-13T01:00:00Z,0.009390679837452894,29520462.773544,277217.2145597984,16,-55198.02079400048,-0.1866332629990389,-518.3469409375259,6801824.64329852,351701.194409072,8.0,15840.557576656207,0.002328868856133049,-4.674008502674387,-0.18663326299903638,2.5865505016559043,-0.026276707889116846,-5.9902638122552805,2.7035972413149256,,
2026-08-16-seven-token-pilot,early,solana,TOAD,A13oRB9FFaiUjfi6LdCg6p9ka1u8SfGkUFs4SKvPpump,2026-08-13T02:00:00Z,0.00952145599775187,29135143.332975,277408.98523311527,15,-385319.44056899846,-1.305262195666928,-3668.802098456086,6801824.64329852,351701.194409072,8.0,15840.557576656207,0.002328868856133049,1.3926165364237075,-1.305262195666923,-6.76695242901435,-1.3311959236216975,-0.6943195078887632,1.3630460129339994,,
2026-08-16-seven-token-pilot,early,solana,TOAD,A13oRB9FFaiUjfi6LdCg6p9ka1u8SfGkUFs4SKvPpump,2026-08-13T03:00:00Z,0.00935571901213706,28975658.671691,271088.1207239336,15,-159484.66128399968,-0.5473961787704534,-1492.0936777189552,6801824.64329852,351701.194409072,8.0,15840.557576656207,0.002328868856133049,-1.740668503366949,-0.547396178770454,-5.227051874393873,-2.0287023401413307,-0.567302688132032,0.8081885723738802,,
2026-08-16-seven-token-pilot,early,solana,TOAD,A13oRB9FFaiUjfi6LdCg6p9ka1u8SfGkUFs4SKvPpump,2026-08-13T04:00:00Z,0.009516526729055449,28975658.671691,275747.63024113467,15,0.0,0.0,0.0,6801824.64329852,351701.194409072,8.0,15840.557576656207,0.002328868856133049,1.7188172999827556,0.0,-3.3965206182483443,-2.0287023401413307,3.5630297659654087,0.8081885723738802,,
2026-08-16-seven-token-pilot,early,solana,TOAD,A13oRB9FFaiUjfi6LdCg6p9ka1u8SfGkUFs4SKvPpump,2026-08-13T05:00:00Z,0.009867975132544813,28975658.671691,285931.07922135334,15,0.0,0.0,0.0,6801824.64329852,351701.194409072,8.0,15840.557576656207,0.002328868856133049,3.693032274226038,0.0,5.082649002560169,-1.8455134190553668,6.099225243253392,0.12423128681569029,,
2026-08-16-seven-token-pilot,early,solana,TOAD,A13oRB9FFaiUjfi6LdCg6p9ka1u8SfGkUFs4SKvPpump,2026-08-13T06:00:00Z,0.009303440739413218,28975658.671691,269573.3233375418,15,0.0,0.0,0.0,6801824.64329852,351701.194409072,8.0,15840.557576656207,0.002328868856133049,-5.720873690386064,0.0,-2.2897260501978822,-0.547396178770454,-1.4130679933752721,-0.4382110372583514,,
2026-08-16-seven-token-pilot,early,solana,TOAD,A13oRB9FFaiUjfi6LdCg6p9ka1u8SfGkUFs4SKvPpump,2026-08-13T07:00:00Z,0.00933530562504259,28975658.671691,270496.62938715104,15,0.0,0.0,0.0,6801824.64329852,351701.194409072,8.0,15840.557576656207,0.002328868856133049,0.3425064610169226,0.0,-0.21819153683420023,0.0,0.3573863231917551,-1.862645151603981,,
2026-08-16-seven-token-pilot,early,solana,TOAD,A13oRB9FFaiUjfi6LdCg6p9ka1u8SfGkUFs4SKvPpump,2026-08-13T08:00:00Z,0.009106577616199634,28975658.671691,263869.08467426215,15,0.0,0.0,0.0,6801824.64329852,351701.194409072,8.0,15840.557576656207,0.002328868856133049,-2.450139481554592,0.0,-4.307759800686273,0.0,-6.347167976503676,-1.862645151603981,,
2026-08-16-seven-token-pilot,early,solana,TOAD,A13oRB9FFaiUjfi6LdCg6p9ka1u8SfGkUFs4SKvPpump,2026-08-13T09:00:00Z,0.008878307092637407,28975658.671691,257254.7958987148,15,0.0,0.0,0.0,6801824.64329852,351701.194409072,8.0,15840.557576656207,0.002328868856133049,-2.5066554438207267,0.0,-10.029089317862772,0.0,-3.0107601692979324,-1.871305186774297,,
2026-08-16-seven-token-pilot,early,solana,TOAD,A13oRB9FFaiUjfi6LdCg6p9ka1u8SfGkUFs4SKvPpump,2026-08-13T10:00:00Z,0.009134908218657273,28975658.671691,264689.982541038,15,0.0,0.0,0.0,6801824.64329852,351701.194409072,8.0,15840.557576656207,0.002328868856133049,2.8902033162680363,0.0,-1.8115074355444793,0.0,-10.551985672385388,-1.871305186774297,-31.783431564130083,2.9792455781834537
2026-08-16-seven-token-pilot,early,solana,TOAD,A13oRB9FFaiUjfi6LdCg6p9ka1u8SfGkUFs4SKvPpump,2026-08-13T11:00:00Z,0.008705602147602961,30195296.804293,262868.24070696195,16,1219638.1326019987,4.2091817356807,10617.684346478425,6801824.64329852,351701.194409072,8.0,15840.557576656207,0.002328868856133049,-4.69962106655315,4.2091817356807,-6.745397555602317,4.2091817356807,-11.812701977623941,2.095087627166814,-33.28529384189831,7.258252370952012
2026-08-16-seven-token-pilot,early,solana,TOAD,A13oRB9FFaiUjfi6LdCg6p9ka1u8SfGkUFs4SKvPpump,2026-08-13T12:00:00Z,0.008745262419608331,30166219.321383998,263811.5041729623,15,-29077.48290900141,-0.09629805296322616,-254.29021854089356,6801824.64329852,351701.194409072,8.0,15840.557576656207,0.002328868856133049,0.4555718413606913,-0.09629805296322846,-3.967628804355239,4.1088303226603395,-11.225723218822626,1.9967720456107507,-21.40676654032223,6.877214064298509
2026-08-16-seven-token-pilot,early,solana,TOAD,A13oRB9FFaiUjfi6LdCg6p9ka1u8SfGkUFs4SKvPpump,2026-08-13T13:00:00Z,0.008670894287408536,30203999.622195996,261895.68778098884,15,37780.300811998546,0.1252404234335628,327.5889944873343,6801824.64329852,351701.194409072,8.0,15840.557576656207,0.002328868856133049,-0.8503819397465806,0.12524042343355912,-2.33617516340332,4.239216662588152,-7.664892877868478,2.3154679311619075,-13.196009385812669,5.081666099587245
2026-08-16-seven-token-pilot,early,solana,TOAD,A13oRB9FFaiUjfi6LdCg6p9ka1u8SfGkUFs4SKvPpump,2026-08-13T14:00:00Z,0.009112020907315173,30543495.579083998,278312.97029910196,16,339495.9568880014,1.124009936215587,3093.4942571124393,6801824.64329852,351701.194409072,8.0,15840.557576656207,0.002328868856133049,5.087440871551396,1.1240099362155975,-0.2505477974628745,5.4108758153089465,-4.300131098997573,4.8338607090874675,-4.9645939578012115,6.262794467687494
2026-08-16-seven-token-pilot,early,solana,TOAD,A13oRB9FFaiUjfi6LdCg6p9ka1u8SfGkUFs4SKvPpump,2026-08-13T15:00:00Z,0.009832183708251832,30543495.579083998,300309.2596257317,16,0.0,0.0,0.0,6801824.64329852,351701.194409072,8.0,15840.557576656207,0.002328868856133049,7.90343666088944,0.0,12.94088038423704,1.1531556621145578,5.092764067589672,5.4108758153089465,4.496569992001986,6.262794467687494
2026-08-16-seven-token-pilot,early,solana,TOAD,A13oRB9FFaiUjfi6LdCg6p9ka1u8SfGkUFs4SKvPpump,2026-08-13T16:00:00Z,0.010018225987031325,30105054.225488998,301599.23658278113,15,-438441.35359499976,-1.4354655394952298,-4392.404562374617,6801824.64329852,351701.194409072,8.0,15840.557576656207,0.002328868856133049,1.8921765937240709,-1.4354655394952287,14.556036243907311,-0.20276023071821303,5.271873575935104,3.897739018100066,9.022741766635157,4.737428671799182
2026-08-16-seven-token-pilot,early,solana,TOAD,A13oRB9FFaiUjfi6LdCg6p9ka1u8SfGkUFs4SKvPpump,2026-08-13T17:00:00Z,0.009606579593250314,30287606.353365,290960.30112263473,15,182552.12787600234,0.6063836540823807,1753.7015463580258,6801824.64329852,351701.194409072,8.0,15840.557576656207,0.002328868856133049,-4.108974925439801,0.6063836540823875,10.791104986720178,0.276806820999842,-2.6489278274770878,4.527757924467002,3.2887333410472452,4.657614103216168
2026-08-16-seven-token-pilot,early,solana,TOAD,A13oRB9FFaiUjfi6LdCg6p9ka1u8SfGkUFs4SKvPpump,2026-08-13T18:00:00Z,0.009009277559254332,30409292.524774,273965.75673624687,15,121686.17140899971,0.4017688621190106,1096.3044933466772,6801824.64329852,351701.194409072,8.0,15840.557576656207,0.002328868856133049,-6.217634780392112,0.40176886211900076,-1.127558300248832,-0.43938341622528077,-3.161875142738202,4.9477179080786415,-4.530263690480951,4.487825424854686
2026-08-16-seven-token-pilot,early,solana,TOAD,A13oRB9FFaiUjfi6LdCg6p9ka1u8SfGkUFs4SKvPpump,2026-08-13T19:00:00Z,0.009276229304132022,30409292.524774,282083.57043623144,15,0.0,0.0,0.0,6801824.64329852,351701.194409072,8.0,15840.557576656207,0.002328868856133049,2.963076041579793,0.0,-5.654434666972453,-0.43938341622528077,-0.6328268541320292,4.9477179080786415,-0.2777021675664293,2.9929143287448
2026-08-16-seven-token-pilot,early,solana,TOAD,A13oRB9FFaiUjfi6LdCg6p9ka1u8SfGkUFs4SKvPpump,2026-08-13T20:00:00Z,0.009624783139030525,30470906.697883,293275.8690167566,15,61614.173108998686,0.20261626625743606,593.0230544647985,6801824.64329852,351701.194409072,8.0,15840.557576656207,0.002328868856133049,3.7574948125014718,0.20261626625743823,-3.927270641629721,1.215252660412891,5.690453040328314,5.160359055626373,-1.0178975492690534,3.2015947262674205
2026-08-16-seven-token-pilot,early,solana,TOAD,A13oRB9FFaiUjfi6LdCg6p9ka1u8SfGkUFs4SKvPpump,2026-08-13T21:00:00Z,0.009508112390801775,30596575.382437,290915.6775098499,16,125668.68455399945,0.4124218744128491,1194.8719767436419,6801824.64329852,351701.194409072,8.0,15840.557576656207,0.002328868856133049,-1.2121909298467681,0.4124218744128383,-1.0249975185519955,1.0201170256482595,7.093754378992512,5.594063379582881,3.869418278344039,3.6180761946350115
2026-08-16-seven-token-pilot,early,solana,TOAD,A13oRB9FFaiUjfi6LdCg6p9ka1u8SfGkUFs4SKvPpump,2026-08-13T22:00:00Z,0.00981809535056509,30215077.320739,296654.5101597122,16,-381498.06169799715,-1.2468652355027423,-3745.5843458066997,6801824.64329852,351701.194409072,8.0,15840.557576656207,0.002328868856133049,3.2601945267621613,-1.2468652355027476,8.977609869283466,-0.6386705770177858,7.478861479007137,4.277447712548121,-3.862292585100635,2.326098424867351
2026-08-16-seven-token-pilot,early,solana,TOAD,A13oRB9FFaiUjfi6LdCg6p9ka1u8SfGkUFs4SKvPpump,2026-08-13T23:00:00Z,0.009882276341659437,30114342.722231,297598.25662852754,16,-100734.59850800037,-0.33339182765836656,-995.4871396221741,6801824.64329852,351701.194409072,8.0,15840.557576656207,0.002328868856133049,0.6537010367357432,-0.33339182765836917,6.5333339405210245,-0.9699331291667113,13.516287260846948,-0.26810162717291197,0.10694655065959235,1.8213690359747625
2026-08-16-seven-token-pilot,early,solana,TOAD,A13oRB9FFaiUjfi6LdCg6p9ka1u8SfGkUFs4SKvPpump,2026-08-14T00:00:00Z,0.009065018247836343,30029114.239783,272214.46854999504,14,-85228.48244800046,-0.2830162465577677,-772.5977486265236,6801824.64329852,351701.194409072,8.0,15840.557576656207,0.002328868856133049,-8.269937669905925,-0.2830162465577657,-5.8158701667180175,-1.4498828750989956,3.6563319988096143,-0.45449872302628647,-7.97984093016062,1.5331980191354289
2026-08-16-seven-token-pilot,early,solana,TOAD,A13oRB9FFaiUjfi6LdCg6p9ka1u8SfGkUFs4SKvPpump,2026-08-14T01:00:00Z,0.009189926021405724,30029114.239783,275965.33835194696,14,0.0,0.0,0.0,6801824.64329852,351701.194409072,8.0,15840.557576656207,0.002328868856133049,1.3779097863282797,0.0,-3.346472531223632,-1.8546557435304756,5.985907759836273,-0.5790139868909194,-2.137798535591673,1.723047061087568
2026-08-16-seven-token-pilot,early,solana,TOAD,A13oRB9FFaiUjfi6LdCg6p9ka1u8SfGkUFs4SKvPpump,2026-08-14T02:00:00Z,0.009335294779327421,30354876.387686,283371.71906909434,15,325762.1479029991,1.0848210350188243,3041.0856786213544,6801824.64329852,351701.194409072,8.0,15840.557576656207,0.002328868856133049,1.5818272920053555,1.0848210350188348,-4.917456533052311,0.4626798252508335,2.4503222093466004,-0.6175429099450014,-1.9551759570007432,4.186466635056885
2026-08-16-seven-token-pilot,early,solana,TOAD,A13oRB9FFaiUjfi6LdCg6p9ka1u8SfGkUFs4SKvPpump,2026-08-14T03:00:00Z,0.00963452590370311,30122638.097508997,290217.33703832456,14,-232238.29017700255,-0.7650773708016619,-2237.5058225420507,6801824.64329852,351701.194409072,8.0,15840.557576656207,0.002328868856133049,3.2053741359975296,-0.7650773708016589,-2.507017911570819,0.027546260446431603,-2.0103143962091896,-1.377895599687684,2.9800691021647507,3.958423995857552
2026-08-16-seven-token-pilot,early,solana,TOAD,A13oRB9FFaiUjfi6LdCg6p9ka1u8SfGkUFs4SKvPpump,2026-08-14T04:00:00Z,0.009284988127324036,30122638.097508997,279688.3370990497,14,0.0,0.0,0.0,6801824.64329852,351701.194409072,8.0,15840.557576656207,0.002328868856133049,-3.6279706949018276,0.0,2.426579555316355,0.31144394396454,-7.319038926217791,0.05840837185773218,-2.433015829446361,3.958423995857552
2026-08-16-seven-token-pilot,early,solana,TOAD,A13oRB9FFaiUjfi6LdCg6p9ka1u8SfGkUFs4SKvPpump,2026-08-14T05:00:00Z,0.00887570901357091,30122638.097508997,267359.7704745951,14,0.0,0.0,0.0,6801824.64329852,351701.194409072,8.0,15840.557576656207,0.002328868856133049,-4.4079659353434275,0.0,-3.419146216225466,0.31144394396454,-7.608020863043919,-0.5446724773536804,-10.055417708759574,3.958423995857552
2026-08-16-seven-token-pilot,early,solana,TOAD,A13oRB9FFaiUjfi6LdCg6p9ka1u8SfGkUFs4SKvPpump,2026-08-14T06:00:00Z,0.008950365294383594,30122588.439255998,269608.1701437173,14,-49.658252999186516,-0.00016485359893924107,-0.444459504223639,6801824.64329852,351701.194409072,8.0,15840.557576656207,0.002328868856133049,0.8411303333461406,-0.00016485359893847473,-4.12337793334856,-0.7652409631430213,-0.6539066477114219,-0.9428173486260127,-3.795106078698929,3.95825261665419
2026-08-16-seven-token-pilot,early,solana,TOAD,A13oRB9FFaiUjfi6LdCg6p9ka1u8SfGkUFs4SKvPpump,2026-08-14T07:00:00Z,0.008791469533635882,30122588.439255998,264821.8185379715,14,0.0,0.0,0.0,6801824.64329852,351701.194409072,8.0,15840.557576656207,0.002328868856133049,-1.77529916960395,0.0,-8.75036694585245,-0.00016485359893847473,-5.225827807859473,-0.9428173486260127,-5.8255842202726615,3.95825261665419
2026-08-16-seven-token-pilot,early,solana,TOAD,A13oRB9FFaiUjfi6LdCg6p9ka1u8SfGkUFs4SKvPpump,2026-08-14T08:00:00Z,0.008977971981610062,30122588.439255998,270439.7550212115,14,0.0,0.0,0.0,6801824.64329852,351701.194409072,8.0,15840.557576656207,0.002328868856133049,2.1214024260748143,0.0,-3.306586303653758,-0.00016485359893847473,-6.720267335660868,-1.1431174729408355,-1.4122279522528425,3.95825261665419
2026-08-16-seven-token-pilot,early,solana,TOAD,A13oRB9FFaiUjfi6LdCg6p9ka1u8SfGkUFs4SKvPpump,2026-08-14T09:00:00Z,0.00911871517122078,30122588.439255998,274679.3041974833,14,0.0,0.0,0.0,6801824.64329852,351701.194409072,8.0,15840.557576656207,0.002328868856133049,1.567650131889553,0.0,2.737878824985307,-0.00016485359893847473,-4.095420874049626,-1.549150312597003,2.707814407351816,3.95825261665419
2026-08-16-seven-token-pilot,early,solana,TOAD,A13oRB9FFaiUjfi6LdCg6p9ka1u8SfGkUFs4SKvPpump,2026-08-14T10:00:00Z,0.009912834406441183,31217883.14608,309457.706146722,15,1095294.706824001,3.6361241300120284,10857.475054997865,6801824.64329852,351701.194409072,8.0,15840.557576656207,0.002328868856133049,8.708674635728197,3.6361241300120195,10.753405927035665,3.6361241300120195,0.9649433265143559,3.318892136849483,8.515971580262427,7.738303725187223
2026-08-16-seven-token-pilot,early,solana,TOAD,A13oRB9FFaiUjfi6LdCg6p9ka1u8SfGkUFs4SKvPpump,2026-08-14T11:00:00Z,0.009692105505554553,30901014.680861,299495.894515595,15,-316868.4652189985,-1.0150222670007891,-3071.1225962856765,6801824.64329852,351701.194409072,8.0,15840.557576656207,0.002328868856133049,-2.2266981555064125,-1.015022267000787,10.244430336394462,2.5841943934358236,-1.924362662306922,2.6122833424794045,11.331822213162134,2.3371781411589465
2026-08-16-seven-token-pilot,early,solana,TOAD,A13oRB9FFaiUjfi6LdCg6p9ka1u8SfGkUFs4SKvPpump,2026-08-14T12:00:00Z,0.00933224724342975,31141417.749463998,290619.4099489297,15,240403.0686029978,0.7779779113593154,2243.5008742823793,6801824.64329852,351701.194409072,8.0,15840.557576656207,0.002328868856133049,-3.712900792491036,0.7779779113593177,3.9460499826170725,3.3822767663626685,2.9479145908745563,3.704083646288181,6.712032134167889,3.2327499103896873
2026-08-16-seven-token-pilot,early,solana,TOAD,A13oRB9FFaiUjfi6LdCg6p9ka1u8SfGkUFs4SKvPpump,2026-08-14T13:00:00Z,0.009761170848384838,31174826.942305,304302.8119526698,15,33409.192841000855,0.1072821831998188,326.11283922764494,6801824.64329852,351701.194409072,8.0,15840.557576656207,0.002328868856133049,4.5961448916504555,0.10728218319981941,7.045462711585593,3.493187529919295,6.215989395872579,3.815339651291283,12.573980547306984,3.214234314171982
2026-08-16-seven-token-pilot,early,solana,TOAD,A13oRB9FFaiUjfi6LdCg6p9ka1u8SfGkUFs4SKvPpump,2026-08-14T14:00:00Z,0.009660411421869769,31247151.050936,301860.3349133521,15,72324.10863099992,0.2319952209032293,698.6806450954616,6801824.64329852,351701.194409072,8.0,15840.557576656207,0.002328868856133049,-1.0322473408171273,0.231995220903225,-2.5464259183770377,0.09375364985204637,3.4826607003594967,2.93947717610199,6.018319318323173,2.303781733266508
2026-08-16-seven-token-pilot,early,solana,TOAD,A13oRB9FFaiUjfi6LdCg6p9ka1u8SfGkUFs4SKvPpump,2026-08-14T15:00:00Z,0.010137926379550265,31247151.050936,316781.3169250758,15,0.0,0.0,0.0,6801824.64329852,351701.194409072,8.0,15840.557576656207,0.002328868856133049,4.943008499611845,0.0,4.599835131181895,1.1201456445680602,5.224963645109604,3.73311577089257,3.1096110525460796,2.303781733266508
2026-08-16-seven-token-pilot,early,solana,TOAD,A13oRB9FFaiUjfi6LdCg6p9ka1u8SfGkUFs4SKvPpump,2026-08-14T16:00:00Z,0.009159693837943404,31122390.333474997,285071.5669596003,15,-124760.71746100113,-0.3992706959352186,-1142.76997494493,6801824.64329852,351701.194409072,8.0,15840.557576656207,0.002328868856133049,-9.649236983808684,-0.3992706959352166,-1.8490016497133666,-0.06110003128977359,-1.3494286439840852,3.3189398376388457,-8.569702362467147,3.3792867482186795
2026-08-16-seven-token-pilot,early,solana,TOAD,A13oRB9FFaiUjfi6LdCg6p9ka1u8SfGkUFs4SKvPpump,2026-08-14T17:00:00Z,0.008635918970159391,31122390.333474997,268770.44107756205,15,0.0,0.0,0.0,6801824.64329852,351701.194409072,8.0,15840.557576656207,0.002328868856133049,-5.718257368104496,0.0,-11.52783713863219,-0.16820176396502573,-2.701643812847876,3.3189398376388457,-10.104123050965185,2.7561900084496216
2026-08-16-seven-token-pilot,early,solana,TOAD,A13oRB9FFaiUjfi6LdCg6p9ka1u8SfGkUFs4SKvPpump,2026-08-14T18:00:00Z,0.008335615916478953,28108832.156243,234304.42871521454,14,-3013558.1772319973,-9.682926487785348,-25119.863507370337,6801824.64329852,351701.194409072,8.0,15840.557576656207,0.002328868856133049,-3.4773722949243413,-9.682926487785348,-13.713655118162682,-10.043536095745885,-6.868427798029653,-6.685203321998234,-7.477421339776502,-7.564991413913525
2026-08-16-seven-token-pilot,early,solana,TOAD,A13oRB9FFaiUjfi6LdCg6p9ka1u8SfGkUFs4SKvPpump,2026-08-14T19:00:00Z,0.007948116675127244,28108832.156243,223412.27757938785,14,0.0,0.0,0.0,6801824.64329852,351701.194409072,8.0,15840.557576656207,0.002328868856133049,-4.648717566096694,0.0,-21.60017366904734,-10.043536095745885,-9.592854246744487,-6.685203321998234,-14.317376009810157,-7.564991413913525
2026-08-16-seven-token-pilot,early,solana,TOAD,A13oRB9FFaiUjfi6LdCg6p9ka1u8SfGkUFs4SKvPpump,2026-08-14T20:00:00Z,0.007949437780456583,28108832.156243,223449.41230735098,14,0.0,0.0,0.0,6801824.64329852,351701.194409072,8.0,15840.557576656207,0.002328868856133049,0.01662161469613288,0.0,-13.212843997835577,-9.682926487785348,-11.456197493824515,-6.685203321998234,-17.406577731399086,-7.751901067663692
2026-08-16-seven-token-pilot,early,solana,TOAD,A13oRB9FFaiUjfi6LdCg6p9ka1u8SfGkUFs4SKvPpump,2026-08-14T21:00:00Z,0.008126109922122492,28108832.156243,228415.45988412198,14,0.0,0.0,0.0,6801824.64329852,351701.194409072,8.0,15840.557576656207,0.002328868856133049,2.2224482604323414,0.0,-5.903356085189038,-9.682926487785348,-10.885363019463645,-6.685203321998234,-14.534982464198087,-8.130789786434756
2026-08-16-seven-token-pilot,early,solana,TOAD,A13oRB9FFaiUjfi6LdCg6p9ka1u8SfGkUFs4SKvPpump,2026-08-14T22:00:00Z,0.008060628076708274,28108832.156243,226574.84168209264,14,0.0,0.0,0.0,6801824.64329852,351701.194409072,8.0,15840.557576656207,0.002328868856133049,-0.8058203253681229,0.0,-3.2989504618014642,0.0,-18.68493161279259,-9.959198627557807,-17.900287286939655,-6.970841550851558
2026-08-16-seven-token-pilot,early,solana,TOAD,A13oRB9FFaiUjfi6LdCg6p9ka1u8SfGkUFs4SKvPpump,2026-08-14T23:00:00Z,0.008022929284575975,28577735.484565,229277.15090598253,15,468903.3283220008,1.6681707931357685,3761.9782444297234,6801824.64329852,351701.194409072,8.0,15840.557576656207,0.002328868856133049,-0.4676905046795521,1.6681707931357703,0.9412620939857286,1.6681707931357703,-17.22201868337041,-7.518456012821339,-18.81496724843903,-5.102576044376505
2026-08-16-seven-token-pilot,early,solana,TOAD,A13oRB9FFaiUjfi6LdCg6p9ka1u8SfGkUFs4SKvPpump,2026-08-15T00:00:00Z,0.00821574234413057,28577735.484565,234787.31151990345,15,0.0,0.0,0.0,6801824.64329852,351701.194409072,8.0,15840.557576656207,0.002328868856133049,2.4032750721768803,0.0,3.349979847992346,1.6681707931357703,-11.963944698156626,-8.232387765785399,-9.3687169786832,-4.833238648428706
2026-08-16-seven-token-pilot,early,solana,TOAD,A13oRB9FFaiUjfi6LdCg6p9ka1u8SfGkUFs4SKvPpump,2026-08-15T01:00:00Z,0.008576226106861772,29708824.973415002,254789.60034118872,15,1131089.4888500012,3.9579395276470004,9700.479203472318,6801824.64329852,351701.194409072,8.0,15840.557576656207,0.002328868856133049,4.387719911746468,3.957939527647003,5.53913482654087,5.692135511992946,-12.139370982520358,-4.702518386399113,-6.677963599646885,-1.0665957837133755
2026-08-16-seven-token-pilot,early,solana,TOAD,A13oRB9FFaiUjfi6LdCg6p9ka1u8SfGkUFs4SKvPpump,2026-08-15T02:00:00Z,0.008217187926952323,29798350.406448,244858.64520295933,16,89525.43303299695,0.30134289428514577,735.6473074739213,6801824.64329852,351701.194409072,8.0,15840.557576656207,0.002328868856133049,-4.186435565431113,0.3013428942851393,1.9422785514250362,6.010631252176579,-14.939565530824051,-4.636584762963858,-11.977199208011024,-1.8333989377198212
2026-08-16-seven-token-pilot,early,solana,TOAD,A13oRB9FFaiUjfi6LdCg6p9ka1u8SfGkUFs4SKvPpump,2026-08-15T03:00:00Z,0.00821551178507901,29798350.406448,244808.69894008746,16,0.0,0.0,0.0,6801824.64329852,351701.194409072,8.0,15840.557576656207,0.002328868856133049,-0.020397998539312123,0.0,2.4004013206656793,4.271209391458819,-18.962601645530352,-4.636584762963858,-14.728427042566672,-1.0765580690882959
2026-08-16-seven-token-pilot,early,solana,TOAD,A13oRB9FFaiUjfi6LdCg6p9ka1u8SfGkUFs4SKvPpump,2026-08-15T04:00:00Z,0.008043826600383941,33488591.773429997,269376.425316515,16,3690241.366981998,12.384045816789492,29683.66166956699,6801824.64329852,351701.194409072,8.0,15840.557576656207,0.002328868856133049,-2.0897685888161432,12.384045816789492,-2.0925162516744145,17.184203736217583,-12.18236392287545,7.60289108452552,-13.367400258569873,11.174166303180954
2026-08-16-seven-token-pilot,early,solana,TOAD,A13oRB9FFaiUjfi6LdCg6p9ka1u8SfGkUFs4SKvPpump,2026-08-15T05:00:00Z,0.007963439592663775,33488591.773429997,266684.3776310868,16,0.0,0.0,0.0,6801824.64329852,351701.194409072,8.0,15840.557576656207,0.002328868856133049,-0.9993627624485191,0.0,-7.145176754466764,12.722707153168544,-7.7870042530425065,7.60289108452552,-10.278270947281854,11.174166303180954
2026-08-16-seven-token-pilot,early,solana,TOAD,A13oRB9FFaiUjfi6LdCg6p9ka1u8SfGkUFs4SKvPpump,2026-08-15T06:00:00Z,0.0077297582071918156,35344426.319183,273203.8694191912,16,1855834.5457530022,5.54169180450708,14345.152311224363,6801824.64329852,351701.194409072,8.0,15840.557576656207,0.002328868856133049,-2.9344278028709536,5.541691804507076,-5.931831230994988,18.612023273391998,-7.268301651104114,25.741354613101453,-13.637511398084678,17.335289397380805
2026-08-16-seven-token-pilot,early,solana,TOAD,A13oRB9FFaiUjfi6LdCg6p9ka1u8SfGkUFs4SKvPpump,2026-08-15T07:00:00Z,0.007565242872889131,35411122.998576,267893.7458859774,16,66696.6793930009,0.18870494258610057,504.5765784232714,6801824.64329852,351701.194409072,8.0,15840.557576656207,0.002328868856133049,-2.128337392877555,0.18870494258609316,-7.915135772440818,18.835850023810274,-4.817163837519834,25.97863476413107,-13.947914578504161,17.556706887871364
2026-08-16-seven-token-pilot,early,solana,TOAD,A13oRB9FFaiUjfi6LdCg6p9ka1u8SfGkUFs4SKvPpump,2026-08-15T08:00:00Z,0.007637744770327967,35411122.998576,270461.1194938143,16,0.0,0.0,0.0,6801824.64329852,351701.194409072,8.0,15840.557576656207,0.002328868856133049,0.9583551864363216,0.0,-5.048366284233308,5.740854193431177,-3.920944081038058,25.97863476413107,-14.927950477316433,17.556706887871364
2026-08-16-seven-token-pilot,early,solana,TOAD,A13oRB9FFaiUjfi6LdCg6p9ka1u8SfGkUFs4SKvPpump,2026-08-15T09:00:00Z,0.007518490621418291,35411122.998576,266238.1961586832,16,0.0,0.0,0.0,6801824.64329852,351701.194409072,8.0,15840.557576656207,0.002328868856133049,-1.5613790784547943,0.0,-5.587396828568747,5.740854193431177,-7.4773699411820775,25.97863476413107,-17.548794098239796,17.556706887871364
2026-08-16-seven-token-pilot,early,solana,TOAD,A13oRB9FFaiUjfi6LdCg6p9ka1u8SfGkUFs4SKvPpump,2026-08-15T10:00:00Z,0.007640016032465439,35411122.998576,270541.5474367263,16,0.0,0.0,0.0,6801824.64329852,351701.194409072,8.0,15840.557576656207,0.002328868856133049,1.6163538290644652,0.0,-1.1609958852643043,0.18870494258609316,-5.218105093549985,25.97863476413107,-22.928037338129126,13.432172299685675
2026-08-16-seven-token-pilot,early,solana,TOAD,A13oRB9FFaiUjfi6LdCg6p9ka1u8SfGkUFs4SKvPpump,2026-08-15T11:00:00Z,0.007962348273612592,35411122.998576,281955.6940743948,16,0.0,0.0,0.0,6801824.64329852,351701.194409072,8.0,15840.557576656207,0.002328868856133049,4.218999538449086,0.0,5.2490766971478475,0.0,-0.7550984037694275,23.911578010447165,-17.847073898964837,14.595340522938894
2026-08-16-seven-token-pilot,early,solana,TOAD,A13oRB9FFaiUjfi6LdCg6p9ka1u8SfGkUFs4SKvPpump,2026-08-15T12:00:00Z,0.007913478945309258,35505179.992513,280969.49432016717,16,94056.99393700063,0.2656142645935939,744.318041179535,6801824.64329852,351701.194409072,8.0,15840.557576656207,0.002328868856133049,-0.6137552217514552,0.2656142645935944,3.6101517302921105,0.2656142645935944,-3.679075927171116,24.240704837125925,-15.202858015997789,14.012728251988825
2026-08-16-seven-token-pilot,early,solana,TOAD,A13oRB9FFaiUjfi6LdCg6p9ka1u8SfGkUFs4SKvPpump,2026-08-15T13:00:00Z,0.008219663176795178,37597392.03786401,309037.89887716295,16,2092212.045351006,5.892695223041235,17197.27830721899,6801824.64329852,351701.194409072,8.0,15840.557576656207,0.002328868856133049,3.869148241904541,5.892695223041233,9.325974995292574,6.17396132671626,-4.157573804885006,26.552942001267652,-15.792241479358292,20.601766635129025
2026-08-16-seven-token-pilot,early,solana,TOAD,A13oRB9FFaiUjfi6LdCg6p9ka1u8SfGkUFs4SKvPpump,2026-08-15T14:00:00Z,0.008489924708232236,38008182.558437005,322686.60821787576,16,410790.52057299763,1.092603764003881,3487.580590520275,6801824.64329852,351701.194409072,8.0,15840.557576656207,0.002328868856133049,3.2879879092859943,1.0926037640038855,11.124435762375384,7.334022024563969,3.3191011779752255,27.551297437634336,-12.116323648366789,21.637273415678273
2026-08-16-seven-token-pilot,early,solana,TOAD,A13oRB9FFaiUjfi6LdCg6p9ka1u8SfGkUFs4SKvPpump,2026-08-15T15:00:00Z,0.008224307297270151,38147685.998092,313738.29232807853,16,139503.43965499848,0.36703528099643823,1147.3191567488902,6801824.64329852,351701.194409072,8.0,15840.557576656207,0.002328868856133049,-3.1286191584776857,0.36703528099644167,3.2899719361145996,7.727975753906624,0.10705982075414067,28.01945570059916,-18.87584315210824,22.08372512395591
2026-08-16-seven-token-pilot,early,solana,TOAD,A13oRB9FFaiUjfi6LdCg6p9ka1u8SfGkUFs4SKvPpump,2026-08-15T16:00:00Z,0.00813824605302014,38126074.743611,310279.377299343,16,-21611.25448100269,-0.05665154757246245,-175.87770648083395,6801824.64329852,351701.194409072,8.0,15840.557576656207,0.002328868856133049,-1.0464254451992172,-0.0566515475724616,2.840307142588827,7.381725009282225,1.1738126308154406,13.84794858367382,-11.151549418518625,22.503684116457134
2026-08-16-seven-token-pilot,early,solana,TOAD,A13oRB9FFaiUjfi6LdCg6p9ka1u8SfGkUFs4SKvPpump,2026-08-15T17:00:00Z,0.008320945524659408,38021459.475625,316374.4930647209,16,-104615.26798599958,-0.274392967777336,-870.4979459591478,6801824.64329852,351701.194409072,8.0,15840.557576656207,0.002328868856133049,2.2449489785512977,-0.2743929677773371,1.2321958416758427,1.1279171633338692,4.489340665370034,13.535557818801447,-3.6472487362184003,22.167542621973425
2026-08-16-seven-token-pilot,early,solana,TOAD,A13oRB9FFaiUjfi6LdCg6p9ka1u8SfGkUFs4SKvPpump,2026-08-15T18:00:00Z,0.00842694030369035,37953716.525028005,319833.7034595969,16,-67742.95059699565,-0.17817030574648157,-570.8658006767268,6801824.64329852,351701.194409072,8.0,15840.557576656207,0.002328868856133049,1.2738309452552388,-0.1781703057464834,-0.7418723570164709,-0.1433008098328803,9.019455431993606,7.38246585835467,1.0955925528053134,35.02416718724633
2026-08-16-seven-token-pilot,early,solana,TOAD,A13oRB9FFaiUjfi6LdCg6p9ka1u8SfGkUFs4SKvPpump,2026-08-15T19:00:00Z,0.008277585600427635,37847935.876527004,313289.5290174484,16,-105780.6485010013,-0.27870959206655255,-875.6083728357854,6801824.64329852,351701.194409072,8.0,15840.557576656207,0.002328868856133049,-1.7723479445713952,-0.27870959206655055,0.6478150831641161,-0.7857622650558449,9.415992843947718,6.881489971523913,4.145245204205761,34.647841881687505
2026-08-16-seven-token-pilot,early,solana,TOAD,A13oRB9FFaiUjfi6LdCg6p9ka1u8SfGkUFs4SKvPpump,2026-08-15T20:00:00Z,0.00825162875195307,37866595.12855,312461.0851013093,16,18659.252022996545,0.049300580311352905,153.96922048289676,6801824.64329852,351701.194409072,8.0,15840.557576656207,0.002328868856133049,-0.31357994622519536,0.0493005803113622,1.3932080474619246,-0.680583083377817,8.037503217049014,6.934183166325281,3.8014131293588216,34.714224049111884
2026-08-16-seven-token-pilot,early,solana,TOAD,A13oRB9FFaiUjfi6LdCg6p9ka1u8SfGkUFs4SKvPpump,2026-08-15T21:00:00Z,0.008492914131369555,37845867.149912,321421.6999314225,16,-20727.978638000786,-0.054739483620413136,-176.04094268940312,6801824.64329852,351701.194409072,8.0,15840.557576656207,0.002328868856133049,2.9240939779237696,-0.05473948362041403,2.066695499934612,-0.461824264861721,12.960360782726465,6.875647946646346,4.513896720108046,34.64048217850415
2026-08-16-seven-token-pilot,early,solana,TOAD,A13oRB9FFaiUjfi6LdCg6p9ka1u8SfGkUFs4SKvPpump,2026-08-15T22:00:00Z,0.008361364160845156,37845867.149912,316443.0772233812,16,0.0,0.0,0.0,6801824.64329852,351701.194409072,8.0,15840.557576656207,0.002328868856133049,-1.5489379556835936,0.0,-0.7781726282845014,-0.28416024829843733,9.44170961571842,6.875647946646346,3.7309261917924275,34.64048217850415
2026-08-16-seven-token-pilot,early,solana,TOAD,A13oRB9FFaiUjfi6LdCg6p9ka1u8SfGkUFs4SKvPpump,2026-08-15T23:00:00Z,0.008088420655997129,37845867.149912,306113.2935994714,16,0.0,0.0,0.0,6801824.64329852,351701.194409072,8.0,15840.557576656207,0.002328868856133049,-3.264341793964376,0.0,-2.285267148680814,-0.005465890192146716,1.5833567944062876,6.875647946646346,0.8163024887563264,32.43130187957954
2026-08-16-seven-token-pilot,early,solana,TOAD,A13oRB9FFaiUjfi6LdCg6p9ka1u8SfGkUFs4SKvPpump,2026-08-16T00:00:00Z,0.00815582513909918,37862438.314054005,308799.4262293536,16,16571.164142005146,0.043785928002031994,135.15151709350445,6801824.64329852,351701.194409072,8.0,15840.557576656207,0.002328868856133049,0.8333454201850277,0.043785928002026964,-1.1610266982892803,-0.010977523809263534,3.0624482034361744,6.639195525943209,-0.7292975183696537,32.48928815407268
2026-08-16-seven-token-pilot,early,solana,TOAD,A13oRB9FFaiUjfi6LdCg6p9ka1u8SfGkUFs4SKvPpump,2026-08-16T01:00:00Z,0.008241566029295919,37393534.985732004,308181.28765369725,15,-468903.3283220008,-1.238439332492621,-3864.4977417223927,6801824.64329852,351701.194409072,8.0,15840.557576656207,0.002328868856133049,1.0512840667180834,-1.2384393324926246,-2.9595036307414557,-1.1951956666450658,0.26646897846829276,-0.5422106190948073,-3.9021834708636516,25.866758510959897
2026-08-16-seven-token-pilot,early,solana,TOAD,A13oRB9FFaiUjfi6LdCg6p9ka1u8SfGkUFs4SKvPpump,2026-08-16T02:00:00Z,0.00789226799516296,37304128.541096,294414.17977233714,14,-89406.44463600218,-0.23909599525724537,-705.6196215620291,6801824.64329852,351701.194409072,8.0,15840.557576656207,0.002328868856133049,-4.238248324302985,-0.23909599525724357,-5.610282684240609,-1.4314339969278667,-7.039599685610398,-1.8523748570680287,-3.954149943724994,25.188569274035522
2026-08-16-seven-token-pilot,early,solana,TOAD,A13oRB9FFaiUjfi6LdCg6p9ka1u8SfGkUFs4SKvPpump,2026-08-16T03:00:00Z,0.007869989334960232,37304128.541096,293583.0937684112,14,0.0,0.0,0.0,6801824.64329852,351701.194409072,8.0,15840.557576656207,0.002328868856133049,-0.2822846387930844,0.0,-2.7005435341068917,-1.4314339969278667,-4.308180002314921,-2.2112939092509887,-4.205732511349025,25.188569274035522
2026-08-16-seven-token-pilot,early,solana,TOAD,A13oRB9FFaiUjfi6LdCg6p9ka1u8SfGkUFs4SKvPpump,2026-08-16T04:00:00Z,0.007672923789821908,37304128.541096,286231.73534155,14,0.0,0.0,0.0,6801824.64329852,351701.194409072,8.0,15840.557576656207,0.002328868856133049,-2.5040128614014168,0.0,-5.920937992677578,-1.4745742689021846,-5.7177217322588625,-2.155863691823501,-4.611024441331557,11.393541996272493
2026-08-16-seven-token-pilot,early,solana,TOAD,A13oRB9FFaiUjfi6LdCg6p9ka1u8SfGkUFs4SKvPpump,2026-08-16T05:00:00Z,0.007540790333145189,37566575.191722006,283281.6670551091,15,262446.65062600374,0.7035324530819157,1979.0551660069018,6801824.64329852,351701.194409072,8.0,15840.557576656207,0.002328868856133049,-1.7220744047007686,0.7035324530819231,-8.502943417060715,0.4627543399040146,-9.375799771819226,-1.1963882769797762,-5.307370698309144,12.17723171485372
2026-08-16-seven-token-pilot,early,solana,TOAD,A13oRB9FFaiUjfi6LdCg6p9ka1u8SfGkUFs4SKvPpump,2026-08-16T06:00:00Z,0.007467975748617957,37304128.541096,278586.3272682319,14,-262446.65062600374,-0.6986174525801203,-1959.9452221810056,6801824.64329852,351701.194409072,8.0,15840.557576656207,0.002328868856133049,-0.9656094561756867,-0.6986174525801192,-5.376049657779558,0.0,-11.37974781490312,-1.7115266788264138,-3.386683665347967,5.544586306807253
2026-08-16-seven-token-pilot,early,solana,TOAD,A13oRB9FFaiUjfi6LdCg6p9ka1u8SfGkUFs4SKvPpump,2026-08-16T07:00:00Z,0.0073187976085298135,37304128.541096,273021.3667548622,14,0.0,0.0,0.0,6801824.64329852,351701.194409072,8.0,15840.557576656207,0.002328868856133049,-1.9975712978948845,0.0,-7.003716307236951,0.0,-11.5829426378664,-1.4368216465095673,-3.257598843818754,5.345793587501091
2026-08-16-seven-token-pilot,early,solana,TOAD,A13oRB9FFaiUjfi6LdCg6p9ka1u8SfGkUFs4SKvPpump,2026-08-16T08:00:00Z,0.007104285951541861,37304128.541096,265019.1963290201,13,0.0,0.0,0.0,6801824.64329852,351701.194409072,8.0,15840.557576656207,0.002328868856133049,-2.9309685615291015,0.0,-7.410966847270684,0.0,-13.904440382629247,-1.4853899209700039,-6.984507008646734,5.345793587501091
