signal_date,block_id,chain,token_address,token_symbol,balance_change_4d_pct,accumulation_persistence_4d,accumulation_retention_4d,holder_count_change_4d,base_predicate,arm,entry_date,exit_date,entry_price_usd,exit_price_usd,outcome_available
2026-06-02,block-1,base,0x9eadbe35f3ee3bf3e28180070c429298a1b02f93,LMTS,90.65048622149541,0.75,0.9397538881965795,1,True,holder-breadth-positive-daily-v1,2026-06-03,2026-06-15,0.10482770909239571,0.09025153199936933,True
2026-06-03,block-1,base,0x9eadbe35f3ee3bf3e28180070c429298a1b02f93,LMTS,46.37150847600331,0.5,0.9122280292163858,0,True,holder-breadth-nonpositive-daily-v1,2026-06-04,2026-06-16,0.10622158179727692,0.08969996844636888,True
2026-06-04,block-1,base,0x9eadbe35f3ee3bf3e28180070c429298a1b02f93,LMTS,9.062533395630323,0.25,0.4676774618319327,1,False,inactive,2026-06-05,2026-06-17,0.09380070072384872,0.08096311277385358,True
2026-06-05,block-1,base,0x9eadbe35f3ee3bf3e28180070c429298a1b02f93,LMTS,-8.640814296091436,0.0,,-1,False,inactive,2026-06-06,2026-06-18,0.09775935029490677,0.07870132108752217,True
2026-06-06,block-1,base,0x9eadbe35f3ee3bf3e28180070c429298a1b02f93,LMTS,-30.82094826951596,0.0,,-2,False,inactive,2026-06-07,2026-06-19,0.10263441003048186,0.08694708372684536,True
2026-06-07,block-1,base,0x9eadbe35f3ee3bf3e28180070c429298a1b02f93,LMTS,-30.82094826951596,0.0,,-2,False,inactive,2026-06-08,2026-06-20,0.10047437647105621,0.08619689975000536,True
2026-06-08,block-1,base,0x9eadbe35f3ee3bf3e28180070c429298a1b02f93,LMTS,-26.51784802381696,0.0,,-2,False,inactive,2026-06-09,2026-06-21,0.09680153822307484,0.08700029369658112,True
2026-06-09,block-1,base,0x9eadbe35f3ee3bf3e28180070c429298a1b02f93,LMTS,-26.51784802381696,0.0,,-1,False,inactive,2026-06-10,2026-06-22,0.09644178980964081,0.08469408657177263,True
2026-06-10,block-1,base,0x9eadbe35f3ee3bf3e28180070c429298a1b02f93,LMTS,0.0,0.0,,0,False,inactive,2026-06-11,2026-06-23,0.10007139055883855,0.0860277729235551,True
2026-06-11,block-1,base,0x9eadbe35f3ee3bf3e28180070c429298a1b02f93,LMTS,0.0,0.0,,-1,False,inactive,2026-06-12,2026-06-24,0.08621319887092495,0.0855073885027269,True
2026-06-12,block-1,base,0x9eadbe35f3ee3bf3e28180070c429298a1b02f93,LMTS,0.0,0.0,,-1,False,inactive,2026-06-13,2026-06-25,0.08783306961344559,0.08268124668988303,True
2026-06-13,block-1,base,0x9eadbe35f3ee3bf3e28180070c429298a1b02f93,LMTS,0.0,0.0,,-1,False,inactive,2026-06-14,2026-06-26,0.0872823025454926,0.08040486358209252,True
2026-06-14,block-1,base,0x9eadbe35f3ee3bf3e28180070c429298a1b02f93,LMTS,0.0,0.0,,-1,False,inactive,2026-06-15,2026-06-27,0.09025153199936933,0.07863325887928169,True
2026-06-15,block-1,base,0x9eadbe35f3ee3bf3e28180070c429298a1b02f93,LMTS,-0.863891205742473,0.0,,-2,False,inactive,2026-06-16,2026-06-28,0.08969996844636888,0.07868695787477785,True
2026-06-16,block-2,base,0x9eadbe35f3ee3bf3e28180070c429298a1b02f93,LMTS,-0.863891205742473,0.0,,-1,False,inactive,2026-06-17,2026-06-29,0.08096311277385358,0.07895409822117883,True
2026-06-17,block-2,base,0x9eadbe35f3ee3bf3e28180070c429298a1b02f93,LMTS,-0.863891205742473,0.0,,-1,False,inactive,2026-06-18,2026-06-30,0.07870132108752217,0.07825914365325146,True
2026-06-18,block-2,base,0x9eadbe35f3ee3bf3e28180070c429298a1b02f93,LMTS,-0.863891205742473,0.0,,-1,False,inactive,2026-06-19,2026-07-01,0.08694708372684536,0.07894638018370399,True
2026-06-19,block-2,base,0x9eadbe35f3ee3bf3e28180070c429298a1b02f93,LMTS,0.0,0.0,,1,False,inactive,2026-06-20,2026-07-02,0.08619689975000536,0.07931285152494695,True
2026-06-20,block-2,base,0x9eadbe35f3ee3bf3e28180070c429298a1b02f93,LMTS,0.0,0.0,,0,False,inactive,2026-06-21,2026-07-03,0.08700029369658112,0.07900199808472838,True
2026-06-21,block-2,base,0x9eadbe35f3ee3bf3e28180070c429298a1b02f93,LMTS,0.0,0.0,,0,False,inactive,2026-06-22,2026-07-04,0.08469408657177263,0.0782813524121585,True
2026-06-22,block-2,base,0x9eadbe35f3ee3bf3e28180070c429298a1b02f93,LMTS,0.0,0.0,,0,False,inactive,2026-06-23,2026-07-05,0.0860277729235551,0.07738537675814398,True
2026-06-23,block-2,base,0x9eadbe35f3ee3bf3e28180070c429298a1b02f93,LMTS,0.0,0.0,,0,False,inactive,2026-06-24,2026-07-06,0.0855073885027269,0.07706861520921145,True
2026-06-24,block-2,base,0x9eadbe35f3ee3bf3e28180070c429298a1b02f93,LMTS,0.0,0.0,,0,False,inactive,2026-06-25,2026-07-07,0.08268124668988303,0.0762453954416369,True
2026-06-25,block-2,base,0x9eadbe35f3ee3bf3e28180070c429298a1b02f93,LMTS,0.0,0.0,,0,False,inactive,2026-06-26,2026-07-08,0.08040486358209252,0.07512400850134589,True
2026-06-26,block-2,base,0x9eadbe35f3ee3bf3e28180070c429298a1b02f93,LMTS,0.0,0.0,,-1,False,inactive,2026-06-27,2026-07-09,0.07863325887928169,0.07455239388054218,True
2026-06-27,block-2,base,0x9eadbe35f3ee3bf3e28180070c429298a1b02f93,LMTS,0.0,0.0,,-1,False,inactive,2026-06-28,2026-07-10,0.07868695787477785,0.07450407460735428,True
2026-06-28,block-2,base,0x9eadbe35f3ee3bf3e28180070c429298a1b02f93,LMTS,0.0,0.0,,-1,False,inactive,2026-06-29,2026-07-11,0.07895409822117883,0.07398092733081588,True
2026-06-29,block-2,base,0x9eadbe35f3ee3bf3e28180070c429298a1b02f93,LMTS,0.0,0.0,,-1,False,inactive,2026-06-30,2026-07-12,0.07825914365325146,0.07316212497084423,True
2026-06-30,block-3,base,0x9eadbe35f3ee3bf3e28180070c429298a1b02f93,LMTS,0.0,0.0,,0,False,inactive,2026-07-01,2026-07-13,0.07894638018370399,0.07210415740208113,True
2026-07-01,block-3,base,0x9eadbe35f3ee3bf3e28180070c429298a1b02f93,LMTS,0.0,0.0,,0,False,inactive,2026-07-02,2026-07-14,0.07931285152494695,0.0710465724878245,True
2026-07-02,block-3,base,0x9eadbe35f3ee3bf3e28180070c429298a1b02f93,LMTS,0.0,0.0,,0,False,inactive,2026-07-03,2026-07-15,0.07900199808472838,0.0710200568805096,True
2026-07-03,block-3,base,0x9eadbe35f3ee3bf3e28180070c429298a1b02f93,LMTS,0.0,0.0,,0,False,inactive,2026-07-04,2026-07-16,0.0782813524121585,0.07075430261330166,True
2026-07-04,block-3,base,0x9eadbe35f3ee3bf3e28180070c429298a1b02f93,LMTS,0.0,0.0,,0,False,inactive,2026-07-05,2026-07-17,0.07738537675814398,0.07178027515622858,True
2026-07-05,block-3,base,0x9eadbe35f3ee3bf3e28180070c429298a1b02f93,LMTS,0.0,0.0,,0,False,inactive,2026-07-06,2026-07-18,0.07706861520921145,0.06896742906773026,True
2026-07-06,block-3,base,0x9eadbe35f3ee3bf3e28180070c429298a1b02f93,LMTS,85.36540535072747,0.25,1.0,0,False,inactive,2026-07-07,2026-07-19,0.0762453954416369,0.06385631030306743,True
2026-07-07,block-3,base,0x9eadbe35f3ee3bf3e28180070c429298a1b02f93,LMTS,85.36540535072747,0.25,1.0,0,False,inactive,2026-07-08,2026-07-20,0.07512400850134589,0.06451585161458258,True
2026-07-08,block-3,base,0x9eadbe35f3ee3bf3e28180070c429298a1b02f93,LMTS,85.36540535072747,0.25,1.0,0,False,inactive,2026-07-09,2026-07-21,0.07455239388054218,0.0649002305461523,True
2026-07-09,block-3,base,0x9eadbe35f3ee3bf3e28180070c429298a1b02f93,LMTS,85.36540535072747,0.25,1.0,0,False,inactive,2026-07-10,2026-07-22,0.07450407460735428,0.0648866520365555,True
2026-07-10,block-3,base,0x9eadbe35f3ee3bf3e28180070c429298a1b02f93,LMTS,0.0,0.0,,0,False,inactive,2026-07-11,2026-07-23,0.07398092733081588,0.06400331883971838,True
2026-07-11,block-3,base,0x9eadbe35f3ee3bf3e28180070c429298a1b02f93,LMTS,0.0,0.0,,0,False,inactive,2026-07-12,2026-07-24,0.07316212497084423,0.06584183353005965,True
2026-07-12,block-3,base,0x9eadbe35f3ee3bf3e28180070c429298a1b02f93,LMTS,0.0,0.0,,0,False,inactive,2026-07-13,2026-07-25,0.07210415740208113,0.06594376642142458,True
2026-07-13,block-3,base,0x9eadbe35f3ee3bf3e28180070c429298a1b02f93,LMTS,0.0,0.0,,0,False,inactive,2026-07-14,2026-07-26,0.0710465724878245,0.06673502220609424,True
2026-07-14,block-4,base,0x9eadbe35f3ee3bf3e28180070c429298a1b02f93,LMTS,0.0,0.0,,0,False,inactive,2026-07-15,2026-07-27,0.0710200568805096,0.06992903882527395,True
2026-07-15,block-4,base,0x9eadbe35f3ee3bf3e28180070c429298a1b02f93,LMTS,0.0,0.0,,0,False,inactive,2026-07-16,2026-07-28,0.07075430261330166,0.06806190706007131,True
2026-07-16,block-4,base,0x9eadbe35f3ee3bf3e28180070c429298a1b02f93,LMTS,0.0,0.0,,0,False,inactive,2026-07-17,2026-07-29,0.07178027515622858,0.06796531076222576,True
2026-07-17,block-4,base,0x9eadbe35f3ee3bf3e28180070c429298a1b02f93,LMTS,0.0,0.0,,0,False,inactive,2026-07-18,2026-07-30,0.06896742906773026,0.0671794039154104,True
2026-07-18,block-4,base,0x9eadbe35f3ee3bf3e28180070c429298a1b02f93,LMTS,0.0,0.0,,0,False,inactive,2026-07-19,2026-07-31,0.06385631030306743,0.06747063314409317,True
2026-07-19,block-4,base,0x9eadbe35f3ee3bf3e28180070c429298a1b02f93,LMTS,0.0,0.0,,0,False,inactive,2026-07-20,2026-08-01,0.06451585161458258,0.06763522624057697,True
2026-07-20,block-4,base,0x9eadbe35f3ee3bf3e28180070c429298a1b02f93,LMTS,0.0,0.0,,0,False,inactive,2026-07-21,2026-08-02,0.0649002305461523,0.0672000116361662,True
2026-07-21,block-4,base,0x9eadbe35f3ee3bf3e28180070c429298a1b02f93,LMTS,0.0,0.0,,0,False,inactive,2026-07-22,2026-08-03,0.0648866520365555,0.06520814706212755,True
2026-07-22,block-4,base,0x9eadbe35f3ee3bf3e28180070c429298a1b02f93,LMTS,0.0,0.0,,0,False,inactive,2026-07-23,2026-08-04,0.06400331883971838,0.06584326793253295,True
2026-07-23,block-4,base,0x9eadbe35f3ee3bf3e28180070c429298a1b02f93,LMTS,0.0,0.0,,0,False,inactive,2026-07-24,2026-08-05,0.06584183353005965,0.06518064341916588,True
2026-07-24,block-4,base,0x9eadbe35f3ee3bf3e28180070c429298a1b02f93,LMTS,0.0,0.0,,0,False,inactive,2026-07-25,2026-08-06,0.06594376642142458,0.06430987878110316,True
2026-07-25,block-4,base,0x9eadbe35f3ee3bf3e28180070c429298a1b02f93,LMTS,0.0,0.0,,1,False,inactive,2026-07-26,2026-08-07,0.06673502220609424,0.0638019484172399,True
2026-07-26,block-4,base,0x9eadbe35f3ee3bf3e28180070c429298a1b02f93,LMTS,0.0,0.0,,1,False,inactive,2026-07-27,2026-08-08,0.06992903882527395,0.06527732700082879,True
2026-07-27,block-4,base,0x9eadbe35f3ee3bf3e28180070c429298a1b02f93,LMTS,0.0,0.0,,1,False,inactive,2026-07-28,2026-08-09,0.06806190706007131,0.06443379348161281,True
2026-06-02,block-1,base,0xb20a4bd059f5914a2f8b9c18881c637f79efb7df,ADS,68.29138370244476,0.5,0.7221701961935673,-3,False,inactive,2026-06-03,2026-06-15,0.42358545134146164,0.41777209115307357,True
2026-06-03,block-1,base,0xb20a4bd059f5914a2f8b9c18881c637f79efb7df,ADS,142.68499914423748,0.75,0.9025644438904302,-5,True,holder-breadth-nonpositive-daily-v1,2026-06-04,2026-06-16,0.41994598400561645,0.4164732636177894,True
2026-06-04,block-1,base,0xb20a4bd059f5914a2f8b9c18881c637f79efb7df,ADS,100.90030919937814,0.75,0.90919569956336,27,True,holder-breadth-positive-daily-v1,2026-06-05,2026-06-17,0.39347357321724347,0.4119767569418621,True
2026-06-05,block-1,base,0xb20a4bd059f5914a2f8b9c18881c637f79efb7df,ADS,66.36436496892182,0.75,0.8998324215833495,5,True,holder-breadth-positive-daily-v1,2026-06-06,2026-06-18,0.3848316694193563,0.4059608445220431,True
2026-06-06,block-1,base,0xb20a4bd059f5914a2f8b9c18881c637f79efb7df,ADS,78.70604962355003,0.75,0.9883350073395051,12,True,holder-breadth-positive-daily-v1,2026-06-07,2026-06-19,0.40720124085354886,0.39880768443059705,True
2026-06-07,block-1,base,0xb20a4bd059f5914a2f8b9c18881c637f79efb7df,ADS,24.080178784096162,0.5,0.5608697055265421,14,False,inactive,2026-06-08,2026-06-20,0.40348872420863896,0.40501028376054243,True
2026-06-08,block-1,base,0xb20a4bd059f5914a2f8b9c18881c637f79efb7df,ADS,-6.958832859796871,0.25,0.0,17,False,inactive,2026-06-09,2026-06-21,0.3952642996382416,0.3998161694395605,True
2026-06-09,block-1,base,0xb20a4bd059f5914a2f8b9c18881c637f79efb7df,ADS,-7.3104540437416095,0.25,0.0,22,False,inactive,2026-06-10,2026-06-22,0.3897157552182267,0.4044638474907217,True
2026-06-10,block-1,base,0xb20a4bd059f5914a2f8b9c18881c637f79efb7df,ADS,-19.585191446501472,0.25,0.0,5,False,inactive,2026-06-11,2026-06-23,0.3993629111796645,0.3910932748021242,True
2026-06-11,block-1,base,0xb20a4bd059f5914a2f8b9c18881c637f79efb7df,ADS,-6.022542992819091,0.5,0.0,-24,False,inactive,2026-06-12,2026-06-24,0.39653740734597087,0.3772199787081562,True
2026-06-12,block-1,base,0xb20a4bd059f5914a2f8b9c18881c637f79efb7df,ADS,-4.543507159836835,0.5,0.0,-59,False,inactive,2026-06-13,2026-06-25,0.39685354237086723,0.36940299336944665,True
2026-06-13,block-1,base,0xb20a4bd059f5914a2f8b9c18881c637f79efb7df,ADS,-21.574697512955986,0.25,0.0,-66,False,inactive,2026-06-14,2026-06-26,0.40895488412989783,0.37228107516592757,True
2026-06-14,block-1,base,0xb20a4bd059f5914a2f8b9c18881c637f79efb7df,ADS,-9.763813912335806,0.25,0.0,-50,False,inactive,2026-06-15,2026-06-27,0.41777209115307357,0.3726672126334283,True
2026-06-15,block-1,base,0xb20a4bd059f5914a2f8b9c18881c637f79efb7df,ADS,-24.852303809909195,0.0,,-53,False,inactive,2026-06-16,2026-06-28,0.4164732636177894,0.37100417804283314,True
2026-06-16,block-2,base,0xb20a4bd059f5914a2f8b9c18881c637f79efb7df,ADS,-11.311443234706498,0.25,0.0,-42,False,inactive,2026-06-17,2026-06-29,0.4119767569418621,0.3763483167479262,True
2026-06-17,block-2,base,0xb20a4bd059f5914a2f8b9c18881c637f79efb7df,ADS,-13.480390829219491,0.25,0.0,-48,False,inactive,2026-06-18,2026-06-30,0.4059608445220431,0.36609079967865377,True
2026-06-18,block-2,base,0xb20a4bd059f5914a2f8b9c18881c637f79efb7df,ADS,-21.409791409614755,0.25,0.0,-53,False,inactive,2026-06-19,2026-07-01,0.39880768443059705,0.37331599886015426,True
2026-06-19,block-2,base,0xb20a4bd059f5914a2f8b9c18881c637f79efb7df,ADS,5.481862159238626,0.5,0.2054334285451659,-19,False,inactive,2026-06-20,2026-07-02,0.40501028376054243,0.38740979585418106,True
2026-06-20,block-2,base,0xb20a4bd059f5914a2f8b9c18881c637f79efb7df,ADS,-12.302876089030445,0.25,0.0,-28,False,inactive,2026-06-21,2026-07-03,0.3998161694395605,0.39963896464982934,True
2026-06-21,block-2,base,0xb20a4bd059f5914a2f8b9c18881c637f79efb7df,ADS,-20.769369089101396,0.25,0.0,-14,False,inactive,2026-06-22,2026-07-04,0.4044638474907217,0.4024428167692291,True
2026-06-22,block-2,base,0xb20a4bd059f5914a2f8b9c18881c637f79efb7df,ADS,-23.813479659877736,0.25,0.0,-14,False,inactive,2026-06-23,2026-07-05,0.3910932748021242,0.4035872509360935,True
2026-06-23,block-2,base,0xb20a4bd059f5914a2f8b9c18881c637f79efb7df,ADS,-27.802766478575013,0.25,0.0,-15,False,inactive,2026-06-24,2026-07-06,0.3772199787081562,0.4063992588040846,True
2026-06-24,block-2,base,0xb20a4bd059f5914a2f8b9c18881c637f79efb7df,ADS,-24.942628133528398,0.25,0.0,-5,False,inactive,2026-06-25,2026-07-07,0.36940299336944665,0.4016292169052111,True
2026-06-25,block-2,base,0xb20a4bd059f5914a2f8b9c18881c637f79efb7df,ADS,-15.725822508974929,0.25,0.0,-2,False,inactive,2026-06-26,2026-07-08,0.37228107516592757,0.3938247732908764,True
2026-06-26,block-2,base,0xb20a4bd059f5914a2f8b9c18881c637f79efb7df,ADS,24.211869147638907,0.5,0.6903558028281278,-7,False,inactive,2026-06-27,2026-07-09,0.3726672126334283,0.3956038241658412,True
2026-06-27,block-2,base,0xb20a4bd059f5914a2f8b9c18881c637f79efb7df,ADS,-10.165074981413403,0.25,0.0,-24,False,inactive,2026-06-28,2026-07-10,0.37100417804283314,0.40484771869672,True
2026-06-28,block-2,base,0xb20a4bd059f5914a2f8b9c18881c637f79efb7df,ADS,-15.995144702916786,0.25,0.0,-29,False,inactive,2026-06-29,2026-07-11,0.3763483167479262,0.39967635839736876,True
2026-06-29,block-2,base,0xb20a4bd059f5914a2f8b9c18881c637f79efb7df,ADS,-6.759407423614883,0.5,0.0,-30,False,inactive,2026-06-30,2026-07-12,0.36609079967865377,0.4015474664006907,True
2026-06-30,block-3,base,0xb20a4bd059f5914a2f8b9c18881c637f79efb7df,ADS,-15.82613442516978,0.5,0.0,-58,False,inactive,2026-07-01,2026-07-13,0.37331599886015426,0.3953846361093063,True
2026-07-01,block-3,base,0xb20a4bd059f5914a2f8b9c18881c637f79efb7df,ADS,-8.057578660275787,0.5,0.0,-57,False,inactive,2026-07-02,2026-07-14,0.38740979585418106,0.4175949698921666,True
2026-07-02,block-3,base,0xb20a4bd059f5914a2f8b9c18881c637f79efb7df,ADS,2.116440966837252,0.75,0.10961908783624844,-42,False,inactive,2026-07-03,2026-07-15,0.39963896464982934,0.4183146943401465,True
2026-07-03,block-3,base,0xb20a4bd059f5914a2f8b9c18881c637f79efb7df,ADS,-29.084155889619478,0.5,0.0,-51,False,inactive,2026-07-04,2026-07-16,0.4024428167692291,0.4126477187663407,True
2026-07-04,block-3,base,0xb20a4bd059f5914a2f8b9c18881c637f79efb7df,ADS,-56.31383670983574,0.25,0.0,-51,False,inactive,2026-07-05,2026-07-17,0.4035872509360935,0.40959985464634574,True
2026-07-05,block-3,base,0xb20a4bd059f5914a2f8b9c18881c637f79efb7df,ADS,-36.69051635509389,0.5,0.0,-44,False,inactive,2026-07-06,2026-07-18,0.4063992588040846,0.41096924549754843,True
2026-07-06,block-3,base,0xb20a4bd059f5914a2f8b9c18881c637f79efb7df,ADS,-53.84417894490111,0.25,0.0,-40,False,inactive,2026-07-07,2026-07-19,0.4016292169052111,0.40786433283246143,True
2026-07-07,block-3,base,0xb20a4bd059f5914a2f8b9c18881c637f79efb7df,ADS,-40.89989063776409,0.25,0.0,-47,False,inactive,2026-07-08,2026-07-20,0.3938247732908764,0.4150167612031629,True
2026-07-08,block-3,base,0xb20a4bd059f5914a2f8b9c18881c637f79efb7df,ADS,-17.12791547638648,0.25,0.0,-10,False,inactive,2026-07-09,2026-07-21,0.3956038241658412,0.42004227738426037,True
2026-07-09,block-3,base,0xb20a4bd059f5914a2f8b9c18881c637f79efb7df,ADS,-15.569520625901257,0.25,0.0,-16,False,inactive,2026-07-10,2026-07-22,0.40484771869672,0.4198287485046963,True
2026-07-10,block-3,base,0xb20a4bd059f5914a2f8b9c18881c637f79efb7df,ADS,-24.976941364079252,0.25,0.0,-23,False,inactive,2026-07-11,2026-07-23,0.39967635839736876,0.4140746068422794,True
2026-07-11,block-3,base,0xb20a4bd059f5914a2f8b9c18881c637f79efb7df,ADS,-5.507727298555121,0.5,0.0,-6,False,inactive,2026-07-12,2026-07-24,0.4015474664006907,0.40978999808849687,True
2026-07-12,block-3,base,0xb20a4bd059f5914a2f8b9c18881c637f79efb7df,ADS,-2.0995622701935113,0.75,0.0,-11,False,inactive,2026-07-13,2026-07-25,0.3953846361093063,0.40553147705873144,True
2026-07-13,block-3,base,0xb20a4bd059f5914a2f8b9c18881c637f79efb7df,ADS,-39.23633401526222,0.5,0.0,-5,False,inactive,2026-07-14,2026-07-26,0.4175949698921666,0.41834155610810764,True
2026-07-14,block-4,base,0xb20a4bd059f5914a2f8b9c18881c637f79efb7df,ADS,-9.592469448995654,0.5,0.0,-7,False,inactive,2026-07-15,2026-07-27,0.4183146943401465,0.4127763101815052,True
2026-07-15,block-4,base,0xb20a4bd059f5914a2f8b9c18881c637f79efb7df,ADS,-26.286640771654348,0.25,0.0,-18,False,inactive,2026-07-16,2026-07-28,0.4126477187663407,0.410943157568529,True
2026-07-16,block-4,base,0xb20a4bd059f5914a2f8b9c18881c637f79efb7df,ADS,-30.92850584068213,0.0,,-21,False,inactive,2026-07-17,2026-07-29,0.40959985464634574,0.41239341788299694,True
2026-07-17,block-4,base,0xb20a4bd059f5914a2f8b9c18881c637f79efb7df,ADS,-18.537452968937686,0.0,,-20,False,inactive,2026-07-18,2026-07-30,0.41096924549754843,0.4126640141380103,True
2026-07-18,block-4,base,0xb20a4bd059f5914a2f8b9c18881c637f79efb7df,ADS,-17.222787728263988,0.25,0.0,-16,False,inactive,2026-07-19,2026-07-31,0.40786433283246143,0.40462708616566223,True
2026-07-19,block-4,base,0xb20a4bd059f5914a2f8b9c18881c637f79efb7df,ADS,12.749257146128423,0.5,0.542825149724686,-7,False,inactive,2026-07-20,2026-08-01,0.4150167612031629,0.39754733632115263,True
2026-07-20,block-4,base,0xb20a4bd059f5914a2f8b9c18881c637f79efb7df,ADS,-34.190353835265064,0.5,0.0,-11,False,inactive,2026-07-21,2026-08-02,0.42004227738426037,0.4063429611939221,True
2026-07-21,block-4,base,0xb20a4bd059f5914a2f8b9c18881c637f79efb7df,ADS,-18.46639132482759,0.75,0.0,-7,False,inactive,2026-07-22,2026-08-03,0.4198287485046963,0.40584659176152404,True
2026-07-22,block-4,base,0xb20a4bd059f5914a2f8b9c18881c637f79efb7df,ADS,25.418326298814044,0.75,0.3162581915264421,3,False,inactive,2026-07-23,2026-08-04,0.4140746068422794,0.40331354183834167,True
2026-07-23,block-4,base,0xb20a4bd059f5914a2f8b9c18881c637f79efb7df,ADS,-33.94417792757285,0.5,0.0,3,False,inactive,2026-07-24,2026-08-05,0.40978999808849687,0.4121287862135761,True
2026-07-24,block-4,base,0xb20a4bd059f5914a2f8b9c18881c637f79efb7df,ADS,14.2635430024459,0.5,0.1882661248179683,20,False,inactive,2026-07-25,2026-08-06,0.40553147705873144,0.4037485081585185,True
2026-07-25,block-4,base,0xb20a4bd059f5914a2f8b9c18881c637f79efb7df,ADS,2.8759305191290663,0.5,0.05072230403532521,26,False,inactive,2026-07-26,2026-08-07,0.41834155610810764,0.4074522735154982,True
2026-07-26,block-4,base,0xb20a4bd059f5914a2f8b9c18881c637f79efb7df,ADS,-33.09526401441772,0.5,0.0,21,False,inactive,2026-07-27,2026-08-08,0.4127763101815052,0.4109979803454698,True
2026-07-27,block-4,base,0xb20a4bd059f5914a2f8b9c18881c637f79efb7df,ADS,12.482949066018122,0.75,0.8456682063281586,34,True,holder-breadth-positive-daily-v1,2026-07-28,2026-08-09,0.410943157568529,0.4032199373637849,True
2026-06-02,block-1,base,0xb3d7e0c3c39a1d3f1b304663065a2f83ddf56d8e,AUTONO,144.5764840034298,0.5,1.0,1,True,holder-breadth-positive-daily-v1,2026-06-03,2026-06-15,1.2902699947765776e-05,1.3053510304796477e-05,True
2026-06-03,block-1,base,0xb3d7e0c3c39a1d3f1b304663065a2f83ddf56d8e,AUTONO,245.98322609121658,0.75,1.0,2,True,holder-breadth-positive-daily-v1,2026-06-04,2026-06-16,1.2385040513997221e-05,1.1540537653602779e-05,True
2026-06-04,block-1,base,0xb3d7e0c3c39a1d3f1b304663065a2f83ddf56d8e,AUTONO,216.61370117897428,0.75,0.88060354610785,2,True,holder-breadth-positive-daily-v1,2026-06-05,2026-06-17,1.1846500123026412e-05,1.2036382812592877e-05,True
2026-06-05,block-1,base,0xb3d7e0c3c39a1d3f1b304663065a2f83ddf56d8e,AUTONO,22.28812433907892,0.5,0.4369596764170758,0,False,inactive,2026-06-06,2026-06-18,1.2177601920395277e-05,9.638227940691155e-06,True
2026-06-06,block-1,base,0xb3d7e0c3c39a1d3f1b304663065a2f83ddf56d8e,AUTONO,89.08852605083526,0.5,0.7680551415346751,1,False,inactive,2026-06-07,2026-06-19,1.2208111436050594e-05,8.689865823746665e-06,True
2026-06-07,block-1,base,0xb3d7e0c3c39a1d3f1b304663065a2f83ddf56d8e,AUTONO,33.667193607564,0.25,0.6390209719260111,0,False,inactive,2026-06-08,2026-06-20,1.2228882726903848e-05,8.702915940366656e-06,True
2026-06-08,block-1,base,0xb3d7e0c3c39a1d3f1b304663065a2f83ddf56d8e,AUTONO,46.06634739651432,0.25,0.8001412016447093,0,False,inactive,2026-06-09,2026-06-21,1.0782109397023745e-05,8.701345619667562e-06,True
2026-06-09,block-1,base,0xb3d7e0c3c39a1d3f1b304663065a2f83ddf56d8e,AUTONO,65.05870355184153,0.25,1.0,1,False,inactive,2026-06-10,2026-06-22,1.1401566967832183e-05,8.675288962451334e-06,True
2026-06-10,block-1,base,0xb3d7e0c3c39a1d3f1b304663065a2f83ddf56d8e,AUTONO,-5.530059521377262,0.0,,-1,False,inactive,2026-06-11,2026-06-23,1.376047864087879e-05,8.311009198431996e-06,True
2026-06-11,block-1,base,0xb3d7e0c3c39a1d3f1b304663065a2f83ddf56d8e,AUTONO,-6.154124755286928,0.0,,-1,False,inactive,2026-06-12,2026-06-24,1.4239175565823508e-05,7.881956485927396e-06,True
2026-06-12,block-1,base,0xb3d7e0c3c39a1d3f1b304663065a2f83ddf56d8e,AUTONO,-6.154124755286928,0.0,,-1,False,inactive,2026-06-13,2026-06-25,1.4143105993136777e-05,7.623714954986806e-06,True
2026-06-13,block-1,base,0xb3d7e0c3c39a1d3f1b304663065a2f83ddf56d8e,AUTONO,-6.154124755286928,0.0,,-1,False,inactive,2026-06-14,2026-06-26,1.355261770136522e-05,7.288314589030957e-06,True
2026-06-14,block-1,base,0xb3d7e0c3c39a1d3f1b304663065a2f83ddf56d8e,AUTONO,-0.6605966202031022,0.0,,0,False,inactive,2026-06-15,2026-06-27,1.3053510304796477e-05,7.288427165384764e-06,True
2026-06-15,block-1,base,0xb3d7e0c3c39a1d3f1b304663065a2f83ddf56d8e,AUTONO,-1.9096345285585792,0.0,,-1,False,inactive,2026-06-16,2026-06-28,1.1540537653602779e-05,7.2884182484026884e-06,True
2026-06-16,block-2,base,0xb3d7e0c3c39a1d3f1b304663065a2f83ddf56d8e,AUTONO,-1.9096345285585792,0.0,,-1,False,inactive,2026-06-17,2026-06-29,1.2036382812592877e-05,7.288333465973819e-06,True
2026-06-17,block-2,base,0xb3d7e0c3c39a1d3f1b304663065a2f83ddf56d8e,AUTONO,-1.9096345285585792,0.0,,-1,False,inactive,2026-06-18,2026-06-30,9.638227940691155e-06,6.3201957901436935e-06,True
2026-06-18,block-2,base,0xb3d7e0c3c39a1d3f1b304663065a2f83ddf56d8e,AUTONO,-30.269321126471915,0.0,,-2,False,inactive,2026-06-19,2026-07-01,8.689865823746665e-06,7.0695512415558794e-06,True
2026-06-19,block-2,base,0xb3d7e0c3c39a1d3f1b304663065a2f83ddf56d8e,AUTONO,-31.76430798572749,0.0,,-1,False,inactive,2026-06-20,2026-07-02,8.702915940366656e-06,6.9973166630282146e-06,True
2026-06-20,block-2,base,0xb3d7e0c3c39a1d3f1b304663065a2f83ddf56d8e,AUTONO,-31.76430798572749,0.0,,-1,False,inactive,2026-06-21,2026-07-03,8.701345619667562e-06,6.996619285581583e-06,True
2026-06-21,block-2,base,0xb3d7e0c3c39a1d3f1b304663065a2f83ddf56d8e,AUTONO,-31.76430798572749,0.0,,-1,False,inactive,2026-06-22,2026-07-04,8.675288962451334e-06,6.23886237914599e-06,True
2026-06-22,block-2,base,0xb3d7e0c3c39a1d3f1b304663065a2f83ddf56d8e,AUTONO,-24.778901947286347,0.0,,0,False,inactive,2026-06-23,2026-07-05,8.311009198431996e-06,6.102122231129799e-06,True
2026-06-23,block-2,base,0xb3d7e0c3c39a1d3f1b304663065a2f83ddf56d8e,AUTONO,-23.724564015522553,0.0,,0,False,inactive,2026-06-24,2026-07-06,7.881956485927396e-06,5.974738816884709e-06,True
2026-06-24,block-2,base,0xb3d7e0c3c39a1d3f1b304663065a2f83ddf56d8e,AUTONO,-96.95628989466934,0.0,,-2,False,inactive,2026-06-25,2026-07-07,7.623714954986806e-06,5.674960592565882e-06,True
2026-06-25,block-2,base,0xb3d7e0c3c39a1d3f1b304663065a2f83ddf56d8e,AUTONO,-96.95628989466934,0.0,,-2,False,inactive,2026-06-26,2026-07-08,7.288314589030957e-06,4.480779238944565e-06,True
2026-06-26,block-2,base,0xb3d7e0c3c39a1d3f1b304663065a2f83ddf56d8e,AUTONO,-96.11601381060399,0.0,,-2,False,inactive,2026-06-27,2026-07-09,7.288427165384764e-06,4.255731092010823e-06,True
2026-06-27,block-2,base,0xb3d7e0c3c39a1d3f1b304663065a2f83ddf56d8e,AUTONO,-96.00958019309115,0.0,,-2,False,inactive,2026-06-28,2026-07-10,7.2884182484026884e-06,4.255471595231172e-06,True
2026-06-28,block-2,base,0xb3d7e0c3c39a1d3f1b304663065a2f83ddf56d8e,AUTONO,0.0,0.0,,0,False,inactive,2026-06-29,2026-07-11,7.288333465973819e-06,4.255569730108045e-06,True
2026-06-29,block-2,base,0xb3d7e0c3c39a1d3f1b304663065a2f83ddf56d8e,AUTONO,0.0,0.0,,0,False,inactive,2026-06-30,2026-07-12,6.3201957901436935e-06,4.255595181959847e-06,True
2026-06-30,block-3,base,0xb3d7e0c3c39a1d3f1b304663065a2f83ddf56d8e,AUTONO,1683.2354280578656,0.25,1.0,0,False,inactive,2026-07-01,2026-07-13,7.0695512415558794e-06,4.29766626684748e-06,True
2026-07-01,block-3,base,0xb3d7e0c3c39a1d3f1b304663065a2f83ddf56d8e,AUTONO,1772.5015409553162,0.5,1.0,0,True,holder-breadth-nonpositive-daily-v1,2026-07-02,2026-07-14,6.9973166630282146e-06,4.0293191752890994e-06,True
2026-07-02,block-3,base,0xb3d7e0c3c39a1d3f1b304663065a2f83ddf56d8e,AUTONO,1772.5015409553162,0.5,1.0,0,True,holder-breadth-nonpositive-daily-v1,2026-07-03,2026-07-15,6.996619285581583e-06,3.829750348922668e-06,True
2026-07-03,block-3,base,0xb3d7e0c3c39a1d3f1b304663065a2f83ddf56d8e,AUTONO,1772.5015409553162,0.5,1.0,0,True,holder-breadth-nonpositive-daily-v1,2026-07-04,2026-07-16,6.23886237914599e-06,3.8301320357101e-06,True
2026-07-04,block-3,base,0xb3d7e0c3c39a1d3f1b304663065a2f83ddf56d8e,AUTONO,5.0058512461627735,0.25,1.0,0,False,inactive,2026-07-05,2026-07-17,6.102122231129799e-06,3.829782509972963e-06,True
2026-07-05,block-3,base,0xb3d7e0c3c39a1d3f1b304663065a2f83ddf56d8e,AUTONO,0.0,0.0,,0,False,inactive,2026-07-06,2026-07-18,5.974738816884709e-06,3.8301320357101e-06,True
2026-07-06,block-3,base,0xb3d7e0c3c39a1d3f1b304663065a2f83ddf56d8e,AUTONO,0.0,0.0,,0,False,inactive,2026-07-07,2026-07-19,5.674960592565882e-06,3.829971599022743e-06,True
2026-07-07,block-3,base,0xb3d7e0c3c39a1d3f1b304663065a2f83ddf56d8e,AUTONO,11.370188888948807,0.25,1.0,0,False,inactive,2026-07-08,2026-07-20,4.480779238944565e-06,3.8295381376716625e-06,True
2026-07-08,block-3,base,0xb3d7e0c3c39a1d3f1b304663065a2f83ddf56d8e,AUTONO,11.370188888948807,0.25,1.0,0,False,inactive,2026-07-09,2026-07-21,4.255731092010823e-06,3.8301320357101e-06,True
2026-07-09,block-3,base,0xb3d7e0c3c39a1d3f1b304663065a2f83ddf56d8e,AUTONO,,,,,False,inactive,2026-07-10,2026-07-22,4.255471595231172e-06,3.8301320357101e-06,True
2026-07-10,block-3,base,0xb3d7e0c3c39a1d3f1b304663065a2f83ddf56d8e,AUTONO,,,,,False,inactive,2026-07-11,2026-07-23,4.255569730108045e-06,6.325060338769801e-06,True
2026-07-11,block-3,base,0xb3d7e0c3c39a1d3f1b304663065a2f83ddf56d8e,AUTONO,,,,,False,inactive,2026-07-12,2026-07-24,4.255595181959847e-06,8.667146050938408e-06,True
2026-07-12,block-3,base,0xb3d7e0c3c39a1d3f1b304663065a2f83ddf56d8e,AUTONO,,,,,False,inactive,2026-07-13,2026-07-25,4.29766626684748e-06,9.168472420853447e-06,True
2026-07-13,block-3,base,0xb3d7e0c3c39a1d3f1b304663065a2f83ddf56d8e,AUTONO,,,,,False,inactive,2026-07-14,2026-07-26,4.0293191752890994e-06,9.255629700547628e-06,True
2026-07-14,block-4,base,0xb3d7e0c3c39a1d3f1b304663065a2f83ddf56d8e,AUTONO,,,,,False,inactive,2026-07-15,2026-07-27,3.829750348922668e-06,9.248901037356626e-06,True
2026-07-15,block-4,base,0xb3d7e0c3c39a1d3f1b304663065a2f83ddf56d8e,AUTONO,,,,,False,inactive,2026-07-16,2026-07-28,3.8301320357101e-06,9.080742565437499e-06,True
2026-07-16,block-4,base,0xb3d7e0c3c39a1d3f1b304663065a2f83ddf56d8e,AUTONO,,,,,False,inactive,2026-07-17,2026-07-29,3.829782509972963e-06,8.479387905505756e-06,True
2026-07-17,block-4,base,0xb3d7e0c3c39a1d3f1b304663065a2f83ddf56d8e,AUTONO,,,,,False,inactive,2026-07-18,2026-07-30,3.8301320357101e-06,8.086184617448436e-06,True
2026-07-18,block-4,base,0xb3d7e0c3c39a1d3f1b304663065a2f83ddf56d8e,AUTONO,,,,,False,inactive,2026-07-19,2026-07-31,3.829971599022743e-06,7.81280655469594e-06,True
2026-07-19,block-4,base,0xb3d7e0c3c39a1d3f1b304663065a2f83ddf56d8e,AUTONO,,,,,False,inactive,2026-07-20,2026-08-01,3.8295381376716625e-06,7.678845871599762e-06,True
2026-07-20,block-4,base,0xb3d7e0c3c39a1d3f1b304663065a2f83ddf56d8e,AUTONO,,,,,False,inactive,2026-07-21,2026-08-02,3.8301320357101e-06,7.656652506604252e-06,True
2026-07-21,block-4,base,0xb3d7e0c3c39a1d3f1b304663065a2f83ddf56d8e,AUTONO,,,,,False,inactive,2026-07-22,2026-08-03,3.8301320357101e-06,7.640213031757553e-06,True
2026-07-22,block-4,base,0xb3d7e0c3c39a1d3f1b304663065a2f83ddf56d8e,AUTONO,,,,,False,inactive,2026-07-23,2026-08-04,6.325060338769801e-06,7.640185747175455e-06,True
2026-07-23,block-4,base,0xb3d7e0c3c39a1d3f1b304663065a2f83ddf56d8e,AUTONO,,,,,False,inactive,2026-07-24,2026-08-05,8.667146050938408e-06,7.019037679247973e-06,True
2026-07-24,block-4,base,0xb3d7e0c3c39a1d3f1b304663065a2f83ddf56d8e,AUTONO,,,,,False,inactive,2026-07-25,2026-08-06,9.168472420853447e-06,6.570223124367016e-06,True
2026-07-25,block-4,base,0xb3d7e0c3c39a1d3f1b304663065a2f83ddf56d8e,AUTONO,,,,,False,inactive,2026-07-26,2026-08-07,9.255629700547628e-06,6.2175529991868324e-06,True
2026-07-26,block-4,base,0xb3d7e0c3c39a1d3f1b304663065a2f83ddf56d8e,AUTONO,,,,,False,inactive,2026-07-27,2026-08-08,9.248901037356626e-06,6.397218726824193e-06,True
2026-07-27,block-4,base,0xb3d7e0c3c39a1d3f1b304663065a2f83ddf56d8e,AUTONO,,,,,False,inactive,2026-07-28,2026-08-09,9.080742565437499e-06,6.45344639105863e-06,True
2026-06-02,block-1,bnb,0x02bcc4c181b83a8c0a342bc003389cbecb4bc54d,SLX,0.0,0.0,,0,False,inactive,2026-06-03,2026-06-15,0.2554872524295326,0.1836484673249634,True
2026-06-03,block-1,bnb,0x02bcc4c181b83a8c0a342bc003389cbecb4bc54d,SLX,0.0,0.0,,0,False,inactive,2026-06-04,2026-06-16,0.21480373765624172,0.17873821091098988,True
2026-06-04,block-1,bnb,0x02bcc4c181b83a8c0a342bc003389cbecb4bc54d,SLX,0.0,0.0,,0,False,inactive,2026-06-05,2026-06-17,0.17807420436760332,0.14781984434309856,True
2026-06-05,block-1,bnb,0x02bcc4c181b83a8c0a342bc003389cbecb4bc54d,SLX,0.0,0.0,,0,False,inactive,2026-06-06,2026-06-18,0.17649781618312843,0.15513375691805623,True
2026-06-06,block-1,bnb,0x02bcc4c181b83a8c0a342bc003389cbecb4bc54d,SLX,0.0,0.0,,0,False,inactive,2026-06-07,2026-06-19,0.1791091922307249,0.16720649902601387,True
2026-06-07,block-1,bnb,0x02bcc4c181b83a8c0a342bc003389cbecb4bc54d,SLX,0.0,0.0,,0,False,inactive,2026-06-08,2026-06-20,0.19900587529340366,0.2012195551925328,True
2026-06-08,block-1,bnb,0x02bcc4c181b83a8c0a342bc003389cbecb4bc54d,SLX,901838.8639088729,0.25,1.0,1,False,inactive,2026-06-09,2026-06-21,0.20810253672676293,0.20448650016498587,True
2026-06-09,block-1,bnb,0x02bcc4c181b83a8c0a342bc003389cbecb4bc54d,SLX,901838.8639088729,0.25,1.0,1,False,inactive,2026-06-10,2026-06-22,0.17222167750087838,0.21098360645310082,True
2026-06-10,block-1,bnb,0x02bcc4c181b83a8c0a342bc003389cbecb4bc54d,SLX,901838.8639088729,0.25,1.0,1,False,inactive,2026-06-11,2026-06-23,0.18448384831448933,0.22848481037305365,True
2026-06-11,block-1,bnb,0x02bcc4c181b83a8c0a342bc003389cbecb4bc54d,SLX,901838.8639088729,0.25,1.0,1,False,inactive,2026-06-12,2026-06-24,0.18164379974718345,0.3218448694593565,True
2026-06-12,block-1,bnb,0x02bcc4c181b83a8c0a342bc003389cbecb4bc54d,SLX,0.0,0.0,,0,False,inactive,2026-06-13,2026-06-25,0.1897658754184258,0.3871290856876763,True
2026-06-13,block-1,bnb,0x02bcc4c181b83a8c0a342bc003389cbecb4bc54d,SLX,0.0,0.0,,0,False,inactive,2026-06-14,2026-06-26,0.19665701492714605,0.41753000104953614,True
2026-06-14,block-1,bnb,0x02bcc4c181b83a8c0a342bc003389cbecb4bc54d,SLX,4.913008730974422,0.25,1.0,1,False,inactive,2026-06-15,2026-06-27,0.1836484673249634,0.5281683089997321,True
2026-06-15,block-1,bnb,0x02bcc4c181b83a8c0a342bc003389cbecb4bc54d,SLX,93778.16981372779,0.5,1.0,1,True,holder-breadth-positive-daily-v1,2026-06-16,2026-06-28,0.17873821091098988,0.5750921594067021,True
2026-06-16,block-2,bnb,0x02bcc4c181b83a8c0a342bc003389cbecb4bc54d,SLX,93773.2678922228,0.5,0.9999477285437034,1,True,holder-breadth-positive-daily-v1,2026-06-17,2026-06-29,0.14781984434309856,0.5398701060488384,True
2026-06-17,block-2,bnb,0x02bcc4c181b83a8c0a342bc003389cbecb4bc54d,SLX,0.0,0.5,0.0,0,False,inactive,2026-06-18,2026-06-30,0.15513375691805623,0.4980990277126458,True
2026-06-18,block-2,bnb,0x02bcc4c181b83a8c0a342bc003389cbecb4bc54d,SLX,-4.682935691581125,0.25,0.0,-1,False,inactive,2026-06-19,2026-07-01,0.16720649902601387,0.49695347576437143,True
2026-06-19,block-2,bnb,0x02bcc4c181b83a8c0a342bc003389cbecb4bc54d,SLX,-99.89347896300235,0.0,,-1,False,inactive,2026-06-20,2026-07-02,0.2012195551925328,0.5062846955008418,True
2026-06-20,block-2,bnb,0x02bcc4c181b83a8c0a342bc003389cbecb4bc54d,SLX,-99.89347340063327,0.0,,-1,False,inactive,2026-06-21,2026-07-03,0.20448650016498587,0.3989186696274218,True
2026-06-21,block-2,bnb,0x02bcc4c181b83a8c0a342bc003389cbecb4bc54d,SLX,0.0,0.0,,0,False,inactive,2026-06-22,2026-07-04,0.21098360645310082,0.2915847289558935,True
2026-06-22,block-2,bnb,0x02bcc4c181b83a8c0a342bc003389cbecb4bc54d,SLX,0.0,0.0,,0,False,inactive,2026-06-23,2026-07-05,0.22848481037305365,0.2099298332801046,True
2026-06-23,block-2,bnb,0x02bcc4c181b83a8c0a342bc003389cbecb4bc54d,SLX,0.0,0.0,,0,False,inactive,2026-06-24,2026-07-06,0.3218448694593565,0.20501680958059318,True
2026-06-24,block-2,bnb,0x02bcc4c181b83a8c0a342bc003389cbecb4bc54d,SLX,82.97144170213777,0.25,1.0,2,False,inactive,2026-06-25,2026-07-07,0.3871290856876763,0.17785839269585618,True
2026-06-25,block-2,bnb,0x02bcc4c181b83a8c0a342bc003389cbecb4bc54d,SLX,82.97144170213777,0.25,1.0,2,False,inactive,2026-06-26,2026-07-08,0.41753000104953614,0.19640911864172805,True
2026-06-26,block-2,bnb,0x02bcc4c181b83a8c0a342bc003389cbecb4bc54d,SLX,-17.01747107188698,0.25,0.0,1,False,inactive,2026-06-27,2026-07-09,0.5281683089997321,0.1657529582012178,True
2026-06-27,block-2,bnb,0x02bcc4c181b83a8c0a342bc003389cbecb4bc54d,SLX,-17.01747107188698,0.25,0.0,1,False,inactive,2026-06-28,2026-07-10,0.5750921594067021,0.16736876872511935,True
2026-06-28,block-2,bnb,0x02bcc4c181b83a8c0a342bc003389cbecb4bc54d,SLX,648.7666844508204,0.25,0.9223113541927476,0,False,inactive,2026-06-29,2026-07-11,0.5398701060488384,0.1592945605157604,True
2026-06-29,block-2,bnb,0x02bcc4c181b83a8c0a342bc003389cbecb4bc54d,SLX,1347.9356866026742,0.5,0.9610381135578997,0,True,holder-breadth-nonpositive-daily-v1,2026-06-30,2026-07-12,0.4980990277126458,0.14881851882283542,True
2026-06-30,block-3,bnb,0x02bcc4c181b83a8c0a342bc003389cbecb4bc54d,SLX,0.0,0.5,0.0,0,False,inactive,2026-07-01,2026-07-13,0.49695347576437143,0.142697226869073,True
2026-07-01,block-3,bnb,0x02bcc4c181b83a8c0a342bc003389cbecb4bc54d,SLX,0.0,0.5,0.0,0,False,inactive,2026-07-02,2026-07-14,0.5062846955008418,0.13746882305399064,True
2026-07-02,block-3,bnb,0x02bcc4c181b83a8c0a342bc003389cbecb4bc54d,SLX,-93.94301018708026,0.25,0.0,-1,False,inactive,2026-07-03,2026-07-15,0.3989186696274218,0.12267249157685907,True
2026-07-03,block-3,bnb,0x02bcc4c181b83a8c0a342bc003389cbecb4bc54d,SLX,-96.8677668338892,0.0,,-1,False,inactive,2026-07-04,2026-07-16,0.2915847289558935,0.12459510011615665,True
2026-07-04,block-3,bnb,0x02bcc4c181b83a8c0a342bc003389cbecb4bc54d,SLX,0.0,0.0,,0,False,inactive,2026-07-05,2026-07-17,0.2099298332801046,0.11812192223509883,True
2026-07-05,block-3,bnb,0x02bcc4c181b83a8c0a342bc003389cbecb4bc54d,SLX,0.00010813690998201508,0.25,1.0,1,False,inactive,2026-07-06,2026-07-18,0.20501680958059318,0.10923755255889252,True
2026-07-06,block-3,bnb,0x02bcc4c181b83a8c0a342bc003389cbecb4bc54d,SLX,0.00010813690998201508,0.25,1.0,1,False,inactive,2026-07-07,2026-07-19,0.17785839269585618,0.10527952227072307,True
2026-07-07,block-3,bnb,0x02bcc4c181b83a8c0a342bc003389cbecb4bc54d,SLX,-0.02731858751727767,0.25,0.0,-1,False,inactive,2026-07-08,2026-07-20,0.19640911864172805,0.10251467656400383,True
2026-07-08,block-3,bnb,0x02bcc4c181b83a8c0a342bc003389cbecb4bc54d,SLX,-0.02731858751727767,0.25,0.0,-1,False,inactive,2026-07-09,2026-07-21,0.1657529582012178,0.1059576498143237,True
2026-07-09,block-3,bnb,0x02bcc4c181b83a8c0a342bc003389cbecb4bc54d,SLX,-0.02742669476888393,0.0,,-2,False,inactive,2026-07-10,2026-07-22,0.16736876872511935,0.11136889242300635,True
2026-07-10,block-3,bnb,0x02bcc4c181b83a8c0a342bc003389cbecb4bc54d,SLX,-0.02742669476888393,0.0,,-2,False,inactive,2026-07-11,2026-07-23,0.1592945605157604,0.10501344443516313,True
2026-07-11,block-3,bnb,0x02bcc4c181b83a8c0a342bc003389cbecb4bc54d,SLX,2088.678102505508,0.25,1.0,1,False,inactive,2026-07-12,2026-07-24,0.14881851882283542,0.12238560756158573,True
2026-07-12,block-3,bnb,0x02bcc4c181b83a8c0a342bc003389cbecb4bc54d,SLX,0.0,0.25,0.0,0,False,inactive,2026-07-13,2026-07-25,0.142697226869073,0.11886727798142771,True
2026-07-13,block-3,bnb,0x02bcc4c181b83a8c0a342bc003389cbecb4bc54d,SLX,0.0,0.25,0.0,0,False,inactive,2026-07-14,2026-07-26,0.13746882305399064,0.10979989873069779,True
2026-07-14,block-4,bnb,0x02bcc4c181b83a8c0a342bc003389cbecb4bc54d,SLX,477.7751497334277,0.5,0.18616164129100107,0,False,inactive,2026-07-15,2026-07-27,0.12267249157685907,0.09623068027325986,True
2026-07-15,block-4,bnb,0x02bcc4c181b83a8c0a342bc003389cbecb4bc54d,SLX,-73.60163885808448,0.25,0.0,-1,False,inactive,2026-07-16,2026-07-28,0.12459510011615665,0.09422008139157068,True
2026-07-16,block-4,bnb,0x02bcc4c181b83a8c0a342bc003389cbecb4bc54d,SLX,477.7751497334277,0.25,1.0,0,False,inactive,2026-07-17,2026-07-29,0.11812192223509883,0.09084873257368113,True
2026-07-17,block-4,bnb,0x02bcc4c181b83a8c0a342bc003389cbecb4bc54d,SLX,477.7751497334277,0.25,1.0,0,False,inactive,2026-07-18,2026-07-30,0.10923755255889252,0.08610740459200808,True
2026-07-18,block-4,bnb,0x02bcc4c181b83a8c0a342bc003389cbecb4bc54d,SLX,0.0,0.0,,0,False,inactive,2026-07-19,2026-07-31,0.10527952227072307,0.08307845591763166,True
2026-07-19,block-4,bnb,0x02bcc4c181b83a8c0a342bc003389cbecb4bc54d,SLX,0.0,0.0,,0,False,inactive,2026-07-20,2026-08-01,0.10251467656400383,0.0838905745340348,True
2026-07-20,block-4,bnb,0x02bcc4c181b83a8c0a342bc003389cbecb4bc54d,SLX,0.0,0.0,,0,False,inactive,2026-07-21,2026-08-02,0.1059576498143237,0.0825932865850109,True
2026-07-21,block-4,bnb,0x02bcc4c181b83a8c0a342bc003389cbecb4bc54d,SLX,0.0,0.0,,0,False,inactive,2026-07-22,2026-08-03,0.11136889242300635,0.07709854719933476,True
2026-07-22,block-4,bnb,0x02bcc4c181b83a8c0a342bc003389cbecb4bc54d,SLX,0.0,0.0,,0,False,inactive,2026-07-23,2026-08-04,0.10501344443516313,0.07645804405651672,True
2026-07-23,block-4,bnb,0x02bcc4c181b83a8c0a342bc003389cbecb4bc54d,SLX,0.0,0.0,,0,False,inactive,2026-07-24,2026-08-05,0.12238560756158573,0.07651104205216068,True
2026-07-24,block-4,bnb,0x02bcc4c181b83a8c0a342bc003389cbecb4bc54d,SLX,0.0,0.0,,0,False,inactive,2026-07-25,2026-08-06,0.11886727798142771,0.0772616046663463,True
2026-07-25,block-4,bnb,0x02bcc4c181b83a8c0a342bc003389cbecb4bc54d,SLX,0.0,0.0,,0,False,inactive,2026-07-26,2026-08-07,0.10979989873069779,0.08875915031113409,True
2026-07-26,block-4,bnb,0x02bcc4c181b83a8c0a342bc003389cbecb4bc54d,SLX,0.0,0.0,,0,False,inactive,2026-07-27,2026-08-08,0.09623068027325986,0.08356348369168869,True
2026-07-27,block-4,bnb,0x02bcc4c181b83a8c0a342bc003389cbecb4bc54d,SLX,0.0,0.0,,0,False,inactive,2026-07-28,2026-08-09,0.09422008139157068,0.07739876922422896,True
2026-06-02,block-1,bnb,0x20d6015660b3fe52e6690a889b5c51f69902ce0e,GIGGLE,39.99076304089812,1.0,1.0,2,True,holder-breadth-positive-daily-v1,2026-06-03,2026-06-15,30.389095481353007,28.58145140110401,True
2026-06-03,block-1,bnb,0x20d6015660b3fe52e6690a889b5c51f69902ce0e,GIGGLE,27.472868419829254,1.0,1.0,1,True,holder-breadth-positive-daily-v1,2026-06-04,2026-06-16,27.320065437234465,28.470244565187535,True
2026-06-04,block-1,bnb,0x20d6015660b3fe52e6690a889b5c51f69902ce0e,GIGGLE,17.482338719532397,1.0,1.0,1,True,holder-breadth-positive-daily-v1,2026-06-05,2026-06-17,25.46861655995487,28.155835695436437,True
2026-06-05,block-1,bnb,0x20d6015660b3fe52e6690a889b5c51f69902ce0e,GIGGLE,12.184492242909762,1.0,1.0,0,True,holder-breadth-nonpositive-daily-v1,2026-06-06,2026-06-18,27.12923230168285,27.379807738275296,True
2026-06-06,block-1,bnb,0x20d6015660b3fe52e6690a889b5c51f69902ce0e,GIGGLE,12.484921083332656,1.0,1.0,-1,True,holder-breadth-nonpositive-daily-v1,2026-06-07,2026-06-19,29.48613151622315,26.78852754860222,True
2026-06-07,block-1,bnb,0x20d6015660b3fe52e6690a889b5c51f69902ce0e,GIGGLE,6.5655340111696825,1.0,1.0,-1,True,holder-breadth-nonpositive-daily-v1,2026-06-08,2026-06-20,29.502317807146152,26.760731920161337,True
2026-06-08,block-1,bnb,0x20d6015660b3fe52e6690a889b5c51f69902ce0e,GIGGLE,12.709301496752357,1.0,1.0,-1,True,holder-breadth-nonpositive-daily-v1,2026-06-09,2026-06-21,27.931949840118516,26.077793584075955,True
2026-06-09,block-1,bnb,0x20d6015660b3fe52e6690a889b5c51f69902ce0e,GIGGLE,12.052377855521756,0.75,1.0,-2,True,holder-breadth-nonpositive-daily-v1,2026-06-10,2026-06-22,27.105436470129643,25.78628475025252,True
2026-06-10,block-1,bnb,0x20d6015660b3fe52e6690a889b5c51f69902ce0e,GIGGLE,7.43862351079041,0.5,0.9999999999866696,-2,True,holder-breadth-nonpositive-daily-v1,2026-06-11,2026-06-23,28.045043643609823,27.222852006379394,True
2026-06-11,block-1,bnb,0x20d6015660b3fe52e6690a889b5c51f69902ce0e,GIGGLE,-75.56228099420684,0.25,0.0,-5,False,inactive,2026-06-12,2026-06-24,27.45964886160774,25.302056134937693,True
2026-06-12,block-1,bnb,0x20d6015660b3fe52e6690a889b5c51f69902ce0e,GIGGLE,-77.11305842730556,0.0,,-5,False,inactive,2026-06-13,2026-06-25,27.431704851613205,24.72348810912914,True
2026-06-13,block-1,bnb,0x20d6015660b3fe52e6690a889b5c51f69902ce0e,GIGGLE,-77.11305842730556,0.0,,-4,False,inactive,2026-06-14,2026-06-26,28.83253049246894,25.338667883955445,True
2026-06-14,block-1,bnb,0x20d6015660b3fe52e6690a889b5c51f69902ce0e,GIGGLE,-77.11305842061785,0.25,0.0,-2,False,inactive,2026-06-15,2026-06-27,28.58145140110401,25.015513509073333,True
2026-06-15,block-1,bnb,0x20d6015660b3fe52e6690a889b5c51f69902ce0e,GIGGLE,-99.9999999091195,0.25,0.0,-9,False,inactive,2026-06-16,2026-06-28,28.470244565187535,24.690675539192366,True
2026-06-16,block-2,bnb,0x20d6015660b3fe52e6690a889b5c51f69902ce0e,GIGGLE,-99.998334020379,0.5,0.0,-8,False,inactive,2026-06-17,2026-06-29,28.155835695436437,24.92801232744401,True
2026-06-17,block-2,bnb,0x20d6015660b3fe52e6690a889b5c51f69902ce0e,GIGGLE,-99.998334020379,0.5,0.0,-8,False,inactive,2026-06-18,2026-06-30,27.379807738275296,24.07126319092027,True
2026-06-18,block-2,bnb,0x20d6015660b3fe52e6690a889b5c51f69902ce0e,GIGGLE,-99.99833402037949,0.25,0.0,-9,False,inactive,2026-06-19,2026-07-01,26.78852754860222,24.688556014377287,True
2026-06-19,block-2,bnb,0x20d6015660b3fe52e6690a889b5c51f69902ce0e,GIGGLE,1833054.0490382689,0.25,1.0,1,False,inactive,2026-06-20,2026-07-02,26.760731920161337,24.93237556089634,True
2026-06-20,block-2,bnb,0x20d6015660b3fe52e6690a889b5c51f69902ce0e,GIGGLE,0.0,0.0,,0,False,inactive,2026-06-21,2026-07-03,26.077793584075955,25.68220916795293,True
2026-06-21,block-2,bnb,0x20d6015660b3fe52e6690a889b5c51f69902ce0e,GIGGLE,0.0,0.0,,0,False,inactive,2026-06-22,2026-07-04,25.78628475025252,27.020842997045477,True
2026-06-22,block-2,bnb,0x20d6015660b3fe52e6690a889b5c51f69902ce0e,GIGGLE,0.0,0.0,,0,False,inactive,2026-06-23,2026-07-05,27.222852006379394,30.346797560272154,True
2026-06-23,block-2,bnb,0x20d6015660b3fe52e6690a889b5c51f69902ce0e,GIGGLE,0.0,0.0,,0,False,inactive,2026-06-24,2026-07-06,25.302056134937693,27.653664899395004,True
2026-06-24,block-2,bnb,0x20d6015660b3fe52e6690a889b5c51f69902ce0e,GIGGLE,0.0,0.0,,0,False,inactive,2026-06-25,2026-07-07,24.72348810912914,25.801232531418936,True
2026-06-25,block-2,bnb,0x20d6015660b3fe52e6690a889b5c51f69902ce0e,GIGGLE,0.0,0.0,,0,False,inactive,2026-06-26,2026-07-08,25.338667883955445,26.574490870543386,True
2026-06-26,block-2,bnb,0x20d6015660b3fe52e6690a889b5c51f69902ce0e,GIGGLE,0.0,0.0,,0,False,inactive,2026-06-27,2026-07-09,25.015513509073333,26.027522405327442,True
2026-06-27,block-2,bnb,0x20d6015660b3fe52e6690a889b5c51f69902ce0e,GIGGLE,2.220446049250313e-14,0.25,1.0,1,False,inactive,2026-06-28,2026-07-10,24.690675539192366,26.09188251894953,True
2026-06-28,block-2,bnb,0x20d6015660b3fe52e6690a889b5c51f69902ce0e,GIGGLE,2.220446049250313e-14,0.25,1.0,1,False,inactive,2026-06-29,2026-07-11,24.92801232744401,25.701964061118606,True
2026-06-29,block-2,bnb,0x20d6015660b3fe52e6690a889b5c51f69902ce0e,GIGGLE,2.220446049250313e-14,0.25,1.0,1,False,inactive,2026-06-30,2026-07-12,24.07126319092027,26.92977177910532,True
2026-06-30,block-3,bnb,0x20d6015660b3fe52e6690a889b5c51f69902ce0e,GIGGLE,-0.0017484226632058508,0.25,0.0,0,False,inactive,2026-07-01,2026-07-13,24.688556014377287,26.1422617680358,True
2026-07-01,block-3,bnb,0x20d6015660b3fe52e6690a889b5c51f69902ce0e,GIGGLE,-0.001748422663216953,0.0,,-1,False,inactive,2026-07-02,2026-07-14,24.93237556089634,27.399064003110155,True
2026-07-02,block-3,bnb,0x20d6015660b3fe52e6690a889b5c51f69902ce0e,GIGGLE,-0.001748422663216953,0.0,,-1,False,inactive,2026-07-03,2026-07-15,25.68220916795293,26.779676570216065,True
2026-07-03,block-3,bnb,0x20d6015660b3fe52e6690a889b5c51f69902ce0e,GIGGLE,-0.001748422663216953,0.0,,-1,False,inactive,2026-07-04,2026-07-16,27.020842997045477,26.034874924264212,True
2026-07-04,block-3,bnb,0x20d6015660b3fe52e6690a889b5c51f69902ce0e,GIGGLE,0.0,0.0,,0,False,inactive,2026-07-05,2026-07-17,30.346797560272154,26.418637918364148,True
2026-07-05,block-3,bnb,0x20d6015660b3fe52e6690a889b5c51f69902ce0e,GIGGLE,0.0,0.0,,0,False,inactive,2026-07-06,2026-07-18,27.653664899395004,26.138524550780325,True
2026-07-06,block-3,bnb,0x20d6015660b3fe52e6690a889b5c51f69902ce0e,GIGGLE,-2.220446049250313e-14,0.0,,-1,False,inactive,2026-07-07,2026-07-19,25.801232531418936,26.180964865975415,True
2026-07-07,block-3,bnb,0x20d6015660b3fe52e6690a889b5c51f69902ce0e,GIGGLE,-99.99629327893953,0.0,,-2,False,inactive,2026-07-08,2026-07-20,26.574490870543386,26.139696284035114,True
2026-07-08,block-3,bnb,0x20d6015660b3fe52e6690a889b5c51f69902ce0e,GIGGLE,-99.99629327893953,0.0,,-2,False,inactive,2026-07-09,2026-07-21,26.027522405327442,26.77691484026824,True
2026-07-09,block-3,bnb,0x20d6015660b3fe52e6690a889b5c51f69902ce0e,GIGGLE,-99.99629327893953,0.0,,-2,False,inactive,2026-07-10,2026-07-22,26.09188251894953,26.657586704313605,True
2026-07-10,block-3,bnb,0x20d6015660b3fe52e6690a889b5c51f69902ce0e,GIGGLE,-99.99629327893953,0.0,,-1,False,inactive,2026-07-11,2026-07-23,25.701964061118606,25.852290998014162,True
2026-07-11,block-3,bnb,0x20d6015660b3fe52e6690a889b5c51f69902ce0e,GIGGLE,0.0,0.0,,0,False,inactive,2026-07-12,2026-07-24,26.92977177910532,25.519322222215592,True
2026-07-12,block-3,bnb,0x20d6015660b3fe52e6690a889b5c51f69902ce0e,GIGGLE,0.0,0.0,,0,False,inactive,2026-07-13,2026-07-25,26.1422617680358,26.04538260909978,True
2026-07-13,block-3,bnb,0x20d6015660b3fe52e6690a889b5c51f69902ce0e,GIGGLE,0.0,0.0,,0,False,inactive,2026-07-14,2026-07-26,27.399064003110155,27.25190991285049,True
2026-07-14,block-4,bnb,0x20d6015660b3fe52e6690a889b5c51f69902ce0e,GIGGLE,2.4289459332749175e-10,0.25,1.0,2,False,inactive,2026-07-15,2026-07-27,26.779676570216065,25.47885123198106,True
2026-07-15,block-4,bnb,0x20d6015660b3fe52e6690a889b5c51f69902ce0e,GIGGLE,2.4289459332749175e-10,0.25,1.0,2,False,inactive,2026-07-16,2026-07-28,26.034874924264212,26.072341656080663,True
2026-07-16,block-4,bnb,0x20d6015660b3fe52e6690a889b5c51f69902ce0e,GIGGLE,2.4289459332749175e-10,0.25,1.0,2,False,inactive,2026-07-17,2026-07-29,26.418637918364148,25.344452476423665,True
2026-07-17,block-4,bnb,0x20d6015660b3fe52e6690a889b5c51f69902ce0e,GIGGLE,1.6193713037182533e-10,0.25,0.6666901955248112,1,False,inactive,2026-07-18,2026-07-30,26.138524550780325,29.85666823536519,True
2026-07-18,block-4,bnb,0x20d6015660b3fe52e6690a889b5c51f69902ce0e,GIGGLE,5071.902233927711,0.25,0.999999999999984,0,False,inactive,2026-07-19,2026-07-31,26.180964865975415,46.63138573684019,True
2026-07-19,block-4,bnb,0x20d6015660b3fe52e6690a889b5c51f69902ce0e,GIGGLE,5071.902233927711,0.25,0.999999999999984,0,False,inactive,2026-07-20,2026-08-01,26.139696284035114,42.737199626667454,True
2026-07-20,block-4,bnb,0x20d6015660b3fe52e6690a889b5c51f69902ce0e,GIGGLE,5071.902233927711,0.25,0.999999999999984,0,False,inactive,2026-07-21,2026-08-02,26.77691484026824,42.07411462836279,True
2026-07-21,block-4,bnb,0x20d6015660b3fe52e6690a889b5c51f69902ce0e,GIGGLE,5046.119271566906,0.25,0.9949165103789855,0,False,inactive,2026-07-22,2026-08-03,26.657586704313605,39.35317427082929,True
2026-07-22,block-4,bnb,0x20d6015660b3fe52e6690a889b5c51f69902ce0e,GIGGLE,-0.4985199100600912,0.0,,-1,False,inactive,2026-07-23,2026-08-04,25.852290998014162,33.246181516582936,True
2026-07-23,block-4,bnb,0x20d6015660b3fe52e6690a889b5c51f69902ce0e,GIGGLE,-0.4985199100600912,0.0,,-1,False,inactive,2026-07-24,2026-08-05,25.519322222215592,33.90826995552129,True
2026-07-24,block-4,bnb,0x20d6015660b3fe52e6690a889b5c51f69902ce0e,GIGGLE,-0.4985199100585369,0.25,0.0,0,False,inactive,2026-07-25,2026-08-06,26.04538260909978,32.09140038293304,True
2026-07-25,block-4,bnb,0x20d6015660b3fe52e6690a889b5c51f69902ce0e,GIGGLE,1.5543122344752192e-12,0.25,1.0,1,False,inactive,2026-07-26,2026-08-07,27.25190991285049,34.45231786609491,True
2026-07-26,block-4,bnb,0x20d6015660b3fe52e6690a889b5c51f69902ce0e,GIGGLE,0.0,0.25,0.0,0,False,inactive,2026-07-27,2026-08-08,25.47885123198106,35.914255911030615,True
2026-07-27,block-4,bnb,0x20d6015660b3fe52e6690a889b5c51f69902ce0e,GIGGLE,0.0,0.25,0.0,0,False,inactive,2026-07-28,2026-08-09,26.072341656080663,34.43054239409646,True
2026-06-02,block-1,bnb,0x3e17ee3b1895dd1a7cf993a89769c5e029584444,FREEDOM OF MONEY,-30.087793028167486,0.75,0.0,-3,False,inactive,2026-06-03,2026-06-15,0.0071471301827366225,0.006486241961952283,True
2026-06-03,block-1,bnb,0x3e17ee3b1895dd1a7cf993a89769c5e029584444,FREEDOM OF MONEY,-29.744049765413404,0.75,0.0,-3,False,inactive,2026-06-04,2026-06-16,0.007048248491816867,0.006691241124827992,True
2026-06-04,block-1,bnb,0x3e17ee3b1895dd1a7cf993a89769c5e029584444,FREEDOM OF MONEY,29.67009846496611,1.0,1.0,-1,True,holder-breadth-nonpositive-daily-v1,2026-06-05,2026-06-17,0.0068183505841702425,0.006734458509316895,True
2026-06-05,block-1,bnb,0x3e17ee3b1895dd1a7cf993a89769c5e029584444,FREEDOM OF MONEY,16.725569009966023,1.0,1.0,-1,True,holder-breadth-nonpositive-daily-v1,2026-06-06,2026-06-18,0.007362827257732409,0.00706075875755438,True
2026-06-06,block-1,bnb,0x3e17ee3b1895dd1a7cf993a89769c5e029584444,FREEDOM OF MONEY,11.795709405437593,0.75,1.0,0,True,holder-breadth-nonpositive-daily-v1,2026-06-07,2026-06-19,0.007084840878250012,0.006618122520374363,True
2026-06-07,block-1,bnb,0x3e17ee3b1895dd1a7cf993a89769c5e029584444,FREEDOM OF MONEY,9.34232194107607,0.5,1.0,0,True,holder-breadth-nonpositive-daily-v1,2026-06-08,2026-06-20,0.007211510718738462,0.006664303377689573,True
2026-06-08,block-1,bnb,0x3e17ee3b1895dd1a7cf993a89769c5e029584444,FREEDOM OF MONEY,0.35199360230440124,0.25,1.0,0,False,inactive,2026-06-09,2026-06-21,0.006684183304438673,0.006612247221342167,True
2026-06-09,block-1,bnb,0x3e17ee3b1895dd1a7cf993a89769c5e029584444,FREEDOM OF MONEY,0.0,0.0,,0,False,inactive,2026-06-10,2026-06-22,0.006602343203652883,0.006254847080840898,True
2026-06-10,block-1,bnb,0x3e17ee3b1895dd1a7cf993a89769c5e029584444,FREEDOM OF MONEY,0.0,0.0,,0,False,inactive,2026-06-11,2026-06-23,0.006460354055119014,0.006061360603984389,True
2026-06-11,block-1,bnb,0x3e17ee3b1895dd1a7cf993a89769c5e029584444,FREEDOM OF MONEY,-53.81258179736936,0.0,,-1,False,inactive,2026-06-12,2026-06-24,0.0066420632633012846,0.005836775808617022,True
2026-06-12,block-1,bnb,0x3e17ee3b1895dd1a7cf993a89769c5e029584444,FREEDOM OF MONEY,-53.42641715844903,0.25,0.0,-2,False,inactive,2026-06-13,2026-06-25,0.006712921639280019,0.005831126354473638,True
2026-06-13,block-1,bnb,0x3e17ee3b1895dd1a7cf993a89769c5e029584444,FREEDOM OF MONEY,-53.42641715844903,0.25,0.0,-2,False,inactive,2026-06-14,2026-06-26,0.00644383551720489,0.005794001226532439,True
2026-06-14,block-1,bnb,0x3e17ee3b1895dd1a7cf993a89769c5e029584444,FREEDOM OF MONEY,-53.438940406927905,0.25,0.0,-3,False,inactive,2026-06-15,2026-06-27,0.006486241961952283,0.005701787041466821,True
2026-06-15,block-1,bnb,0x3e17ee3b1895dd1a7cf993a89769c5e029584444,FREEDOM OF MONEY,0.808967907238789,0.25,0.9675701832412782,-2,False,inactive,2026-06-16,2026-06-28,0.006691241124827992,0.005901585700774361,True
2026-06-16,block-2,bnb,0x3e17ee3b1895dd1a7cf993a89769c5e029584444,FREEDOM OF MONEY,-0.026889167023047555,0.0,,-1,False,inactive,2026-06-17,2026-06-29,0.006734458509316895,0.006176522709153284,True
2026-06-17,block-2,bnb,0x3e17ee3b1895dd1a7cf993a89769c5e029584444,FREEDOM OF MONEY,-0.026889167023047555,0.0,,-1,False,inactive,2026-06-18,2026-06-30,0.00706075875755438,0.006586127288223082,True
2026-06-18,block-2,bnb,0x3e17ee3b1895dd1a7cf993a89769c5e029584444,FREEDOM OF MONEY,-10.555220442991665,0.0,,-1,False,inactive,2026-06-19,2026-07-01,0.006618122520374363,0.00608046698777765,True
2026-06-19,block-2,bnb,0x3e17ee3b1895dd1a7cf993a89769c5e029584444,FREEDOM OF MONEY,-10.555220442991665,0.0,,-1,False,inactive,2026-06-20,2026-07-02,0.006664303377689573,0.0059906288706729595,True
2026-06-20,block-2,bnb,0x3e17ee3b1895dd1a7cf993a89769c5e029584444,FREEDOM OF MONEY,-10.552453936830863,0.25,0.0,0,False,inactive,2026-06-21,2026-07-03,0.006612247221342167,0.0059309427417217645,True
2026-06-21,block-2,bnb,0x3e17ee3b1895dd1a7cf993a89769c5e029584444,FREEDOM OF MONEY,-8.212521405913309,0.5,0.0,1,False,inactive,2026-06-22,2026-07-04,0.006254847080840898,0.00606187451879896,True
2026-06-22,block-2,bnb,0x3e17ee3b1895dd1a7cf993a89769c5e029584444,FREEDOM OF MONEY,10.818017497483034,0.75,1.0,2,True,holder-breadth-positive-daily-v1,2026-06-23,2026-07-05,0.006061360603984389,0.0057693026883401275,True
2026-06-23,block-2,bnb,0x3e17ee3b1895dd1a7cf993a89769c5e029584444,FREEDOM OF MONEY,11.733927760305995,1.0,1.0,2,True,holder-breadth-positive-daily-v1,2026-06-24,2026-07-06,0.005836775808617022,0.005454101973017438,True
2026-06-24,block-2,bnb,0x3e17ee3b1895dd1a7cf993a89769c5e029584444,FREEDOM OF MONEY,0.0,0.75,0.0,0,False,inactive,2026-06-25,2026-07-07,0.005831126354473638,0.005041661963038053,True
2026-06-25,block-2,bnb,0x3e17ee3b1895dd1a7cf993a89769c5e029584444,FREEDOM OF MONEY,-2.5345740517387028,0.75,0.0,-1,False,inactive,2026-06-26,2026-07-08,0.005794001226532439,0.00538101306257277,True
2026-06-26,block-2,bnb,0x3e17ee3b1895dd1a7cf993a89769c5e029584444,FREEDOM OF MONEY,-99.98357821940567,0.5,0.0,-2,False,inactive,2026-06-27,2026-07-09,0.005701787041466821,0.0052248844592343476,True
2026-06-27,block-2,bnb,0x3e17ee3b1895dd1a7cf993a89769c5e029584444,FREEDOM OF MONEY,-99.98371283274723,0.25,0.0,-2,False,inactive,2026-06-28,2026-07-10,0.005901585700774361,0.005057052522524568,True
2026-06-28,block-2,bnb,0x3e17ee3b1895dd1a7cf993a89769c5e029584444,FREEDOM OF MONEY,-99.9818022711591,0.25,0.0,-1,False,inactive,2026-06-29,2026-07-11,0.006176522709153284,0.005034051971510734,True
2026-06-29,block-2,bnb,0x3e17ee3b1895dd1a7cf993a89769c5e029584444,FREEDOM OF MONEY,-99.98180501948322,0.0,,-1,False,inactive,2026-06-30,2026-07-12,0.006586127288223082,0.004889464782653915,True
2026-06-30,block-3,bnb,0x3e17ee3b1895dd1a7cf993a89769c5e029584444,FREEDOM OF MONEY,0.0,0.0,,0,False,inactive,2026-07-01,2026-07-13,0.00608046698777765,0.005035197675832163,True
2026-07-01,block-3,bnb,0x3e17ee3b1895dd1a7cf993a89769c5e029584444,FREEDOM OF MONEY,0.0,0.0,,0,False,inactive,2026-07-02,2026-07-14,0.0059906288706729595,0.0052379697170944674,True
2026-07-02,block-3,bnb,0x3e17ee3b1895dd1a7cf993a89769c5e029584444,FREEDOM OF MONEY,0.0,0.0,,0,False,inactive,2026-07-03,2026-07-15,0.0059309427417217645,0.0052027788684219905,True
2026-07-03,block-3,bnb,0x3e17ee3b1895dd1a7cf993a89769c5e029584444,FREEDOM OF MONEY,0.0,0.0,,0,False,inactive,2026-07-04,2026-07-16,0.00606187451879896,0.004975045163402128,True
2026-07-04,block-3,bnb,0x3e17ee3b1895dd1a7cf993a89769c5e029584444,FREEDOM OF MONEY,332086.7413629037,0.25,1.0,1,False,inactive,2026-07-05,2026-07-17,0.0057693026883401275,0.004887953113216081,True
2026-07-05,block-3,bnb,0x3e17ee3b1895dd1a7cf993a89769c5e029584444,FREEDOM OF MONEY,332086.7413629037,0.25,1.0,1,False,inactive,2026-07-06,2026-07-18,0.005454101973017438,0.004955783025536573,True
2026-07-06,block-3,bnb,0x3e17ee3b1895dd1a7cf993a89769c5e029584444,FREEDOM OF MONEY,332086.7413629037,0.25,1.0,1,False,inactive,2026-07-07,2026-07-19,0.005041661963038053,0.004743630027002223,True
2026-07-07,block-3,bnb,0x3e17ee3b1895dd1a7cf993a89769c5e029584444,FREEDOM OF MONEY,331986.74136290373,0.25,0.9996988738556996,0,False,inactive,2026-07-08,2026-07-20,0.00538101306257277,0.004827063039823264,True
2026-07-08,block-3,bnb,0x3e17ee3b1895dd1a7cf993a89769c5e029584444,FREEDOM OF MONEY,1.4428497490110992,0.25,0.9795624549023916,0,False,inactive,2026-07-09,2026-07-21,0.0052248844592343476,0.004826337392266331,True
2026-07-09,block-3,bnb,0x3e17ee3b1895dd1a7cf993a89769c5e029584444,FREEDOM OF MONEY,-0.03010354946426652,0.25,0.0,0,False,inactive,2026-07-10,2026-07-22,0.005057052522524568,0.004592266133364928,True
2026-07-10,block-3,bnb,0x3e17ee3b1895dd1a7cf993a89769c5e029584444,FREEDOM OF MONEY,-0.03010354946426652,0.25,0.0,0,False,inactive,2026-07-11,2026-07-23,0.005034051971510734,0.004574185995713467,True
2026-07-11,block-3,bnb,0x3e17ee3b1895dd1a7cf993a89769c5e029584444,FREEDOM OF MONEY,0.0,0.25,0.0,1,False,inactive,2026-07-12,2026-07-24,0.004889464782653915,0.004618998209422509,True
2026-07-12,block-3,bnb,0x3e17ee3b1895dd1a7cf993a89769c5e029584444,FREEDOM OF MONEY,163.33336800869597,0.25,0.9911885195500918,2,False,inactive,2026-07-13,2026-07-25,0.005035197675832163,0.0043142822145111935,True
2026-07-13,block-3,bnb,0x3e17ee3b1895dd1a7cf993a89769c5e029584444,FREEDOM OF MONEY,167.21331354008854,0.25,1.0,1,False,inactive,2026-07-14,2026-07-26,0.0052379697170944674,0.004386083746054788,True
2026-07-14,block-4,bnb,0x3e17ee3b1895dd1a7cf993a89769c5e029584444,FREEDOM OF MONEY,167.21331354008854,0.25,1.0,1,False,inactive,2026-07-15,2026-07-27,0.0052027788684219905,0.004124493401538802,True
2026-07-15,block-4,bnb,0x3e17ee3b1895dd1a7cf993a89769c5e029584444,FREEDOM OF MONEY,167.21331354008854,0.25,1.0,1,False,inactive,2026-07-16,2026-07-28,0.004975045163402128,0.004279128675851322,True
2026-07-16,block-4,bnb,0x3e17ee3b1895dd1a7cf993a89769c5e029584444,FREEDOM OF MONEY,0.0,0.0,,-1,False,inactive,2026-07-17,2026-07-29,0.004887953113216081,0.004133230318756169,True
2026-07-17,block-4,bnb,0x3e17ee3b1895dd1a7cf993a89769c5e029584444,FREEDOM OF MONEY,0.0,0.0,,0,False,inactive,2026-07-18,2026-07-30,0.004955783025536573,0.00462887478929183,True
2026-07-18,block-4,bnb,0x3e17ee3b1895dd1a7cf993a89769c5e029584444,FREEDOM OF MONEY,0.0,0.0,,0,False,inactive,2026-07-19,2026-07-31,0.004743630027002223,0.004719176613960403,True
2026-07-19,block-4,bnb,0x3e17ee3b1895dd1a7cf993a89769c5e029584444,FREEDOM OF MONEY,0.0,0.0,,0,False,inactive,2026-07-20,2026-08-01,0.004827063039823264,0.004352510848449815,True
2026-07-20,block-4,bnb,0x3e17ee3b1895dd1a7cf993a89769c5e029584444,FREEDOM OF MONEY,0.0,0.0,,0,False,inactive,2026-07-21,2026-08-02,0.004826337392266331,0.0041674011534248625,True
2026-07-21,block-4,bnb,0x3e17ee3b1895dd1a7cf993a89769c5e029584444,FREEDOM OF MONEY,0.0,0.0,,-1,False,inactive,2026-07-22,2026-08-03,0.004592266133364928,0.004463553853156224,True
2026-07-22,block-4,bnb,0x3e17ee3b1895dd1a7cf993a89769c5e029584444,FREEDOM OF MONEY,0.0,0.0,,-1,False,inactive,2026-07-23,2026-08-04,0.004574185995713467,0.003999336289530563,True
2026-07-23,block-4,bnb,0x3e17ee3b1895dd1a7cf993a89769c5e029584444,FREEDOM OF MONEY,0.0,0.0,,-1,False,inactive,2026-07-24,2026-08-05,0.004618998209422509,0.004007785827314966,True
2026-07-24,block-4,bnb,0x3e17ee3b1895dd1a7cf993a89769c5e029584444,FREEDOM OF MONEY,0.0,0.0,,-1,False,inactive,2026-07-25,2026-08-06,0.0043142822145111935,0.0039689210920394145,True
2026-07-25,block-4,bnb,0x3e17ee3b1895dd1a7cf993a89769c5e029584444,FREEDOM OF MONEY,0.0,0.0,,0,False,inactive,2026-07-26,2026-08-07,0.004386083746054788,0.004198174476482231,True
2026-07-26,block-4,bnb,0x3e17ee3b1895dd1a7cf993a89769c5e029584444,FREEDOM OF MONEY,0.0,0.0,,0,False,inactive,2026-07-27,2026-08-08,0.004124493401538802,0.004483397891570765,True
2026-07-27,block-4,bnb,0x3e17ee3b1895dd1a7cf993a89769c5e029584444,FREEDOM OF MONEY,0.0,0.0,,0,False,inactive,2026-07-28,2026-08-09,0.004279128675851322,0.004364481905581451,True
2026-06-02,block-1,bnb,0x44f161ae29361e332dea039dfa2f404e0bc5b5cc,H,363.0984683709471,0.75,0.5828803274954849,4,False,inactive,2026-06-03,2026-06-15,0.5848819368511441,0.27477914181509916,True
2026-06-03,block-1,bnb,0x44f161ae29361e332dea039dfa2f404e0bc5b5cc,H,44.83866869586206,0.5,0.16462107582914706,0,False,inactive,2026-06-04,2026-06-16,0.5637856135710788,0.27477914181509916,True
2026-06-04,block-1,bnb,0x44f161ae29361e332dea039dfa2f404e0bc5b5cc,H,-10.659779566751615,0.25,0.0,0,False,inactive,2026-06-05,2026-06-17,0.586410623540292,0.27477914181509916,True
2026-06-05,block-1,bnb,0x44f161ae29361e332dea039dfa2f404e0bc5b5cc,H,-92.90804958556404,0.0,,-3,False,inactive,2026-06-06,2026-06-18,0.6286839802777828,0.27477914181509916,True
2026-06-06,block-1,bnb,0x44f161ae29361e332dea039dfa2f404e0bc5b5cc,H,-89.39579706960464,0.0,,-2,False,inactive,2026-06-07,2026-06-19,0.7109554008378229,0.27477914181509916,True
2026-06-07,block-1,bnb,0x44f161ae29361e332dea039dfa2f404e0bc5b5cc,H,-82.53590167089531,0.0,,-1,False,inactive,2026-06-08,2026-06-20,0.10745222836544209,0.27477914181509916,True
2026-06-08,block-1,bnb,0x44f161ae29361e332dea039dfa2f404e0bc5b5cc,H,-99.26420617323072,0.0,,0,False,inactive,2026-06-09,2026-06-21,0.1689150732616078,0.27477914181509916,True
2026-06-09,block-1,bnb,0x44f161ae29361e332dea039dfa2f404e0bc5b5cc,H,3706904.601869709,0.25,0.9999741051308326,3,False,inactive,2026-06-10,2026-06-22,0.1592279087700119,0.27477914181509916,True
2026-06-10,block-1,bnb,0x44f161ae29361e332dea039dfa2f404e0bc5b5cc,H,4107568.390782127,0.5,0.9999766738938031,5,True,holder-breadth-positive-daily-v1,2026-06-11,2026-06-23,0.1903304862042939,0.27477914181509916,True
2026-06-11,block-1,bnb,0x44f161ae29361e332dea039dfa2f404e0bc5b5cc,H,4135914.014224073,0.75,0.9999768337563396,5,True,holder-breadth-positive-daily-v1,2026-06-12,2026-06-24,0.22048122330249167,0.27477914181509916,True
2026-06-12,block-1,bnb,0x44f161ae29361e332dea039dfa2f404e0bc5b5cc,H,5379466.454018465,0.75,0.054421296308874614,3,False,inactive,2026-06-13,2026-06-25,0.28822645480319836,0.27477914181509916,True
2026-06-13,block-1,bnb,0x44f161ae29361e332dea039dfa2f404e0bc5b5cc,H,-94.1736077787561,0.75,0.0,0,False,inactive,2026-06-14,2026-06-26,0.27477914181509916,0.27477914181509916,True
2026-06-14,block-1,bnb,0x44f161ae29361e332dea039dfa2f404e0bc5b5cc,H,-81.64207116662676,0.75,0.0,-1,False,inactive,2026-06-15,2026-06-27,0.27477914181509916,0.27477914181509916,True
2026-06-15,block-1,bnb,0x44f161ae29361e332dea039dfa2f404e0bc5b5cc,H,,,,,False,inactive,2026-06-16,2026-06-28,0.27477914181509916,0.27477914181509916,True
2026-06-16,block-2,bnb,0x44f161ae29361e332dea039dfa2f404e0bc5b5cc,H,,,,,False,inactive,2026-06-17,2026-06-29,0.27477914181509916,0.27477914181509916,True
2026-06-17,block-2,bnb,0x44f161ae29361e332dea039dfa2f404e0bc5b5cc,H,,,,,False,inactive,2026-06-18,2026-06-30,0.27477914181509916,0.27477914181509916,True
2026-06-18,block-2,bnb,0x44f161ae29361e332dea039dfa2f404e0bc5b5cc,H,,,,,False,inactive,2026-06-19,2026-07-01,0.27477914181509916,0.27477914181509916,True
2026-06-19,block-2,bnb,0x44f161ae29361e332dea039dfa2f404e0bc5b5cc,H,,,,,False,inactive,2026-06-20,2026-07-02,0.27477914181509916,0.27477914181509916,True
2026-06-20,block-2,bnb,0x44f161ae29361e332dea039dfa2f404e0bc5b5cc,H,,,,,False,inactive,2026-06-21,2026-07-03,0.27477914181509916,0.27477914181509916,True
2026-06-21,block-2,bnb,0x44f161ae29361e332dea039dfa2f404e0bc5b5cc,H,,,,,False,inactive,2026-06-22,2026-07-04,0.27477914181509916,0.27477914181509916,True
2026-06-22,block-2,bnb,0x44f161ae29361e332dea039dfa2f404e0bc5b5cc,H,,,,,False,inactive,2026-06-23,2026-07-05,0.27477914181509916,0.27477914181509916,True
2026-06-23,block-2,bnb,0x44f161ae29361e332dea039dfa2f404e0bc5b5cc,H,,,,,False,inactive,2026-06-24,2026-07-06,0.27477914181509916,0.27477914181509916,True
2026-06-24,block-2,bnb,0x44f161ae29361e332dea039dfa2f404e0bc5b5cc,H,,,,,False,inactive,2026-06-25,2026-07-07,0.27477914181509916,0.27477914181509916,True
2026-06-25,block-2,bnb,0x44f161ae29361e332dea039dfa2f404e0bc5b5cc,H,,,,,False,inactive,2026-06-26,2026-07-08,0.27477914181509916,0.27477914181509916,True
2026-06-26,block-2,bnb,0x44f161ae29361e332dea039dfa2f404e0bc5b5cc,H,,,,,False,inactive,2026-06-27,2026-07-09,0.27477914181509916,0.27477914181509916,True
2026-06-27,block-2,bnb,0x44f161ae29361e332dea039dfa2f404e0bc5b5cc,H,,,,,False,inactive,2026-06-28,2026-07-10,0.27477914181509916,0.27477914181509916,True
2026-06-28,block-2,bnb,0x44f161ae29361e332dea039dfa2f404e0bc5b5cc,H,,,,,False,inactive,2026-06-29,2026-07-11,0.27477914181509916,0.27477914181509916,True
2026-06-29,block-2,bnb,0x44f161ae29361e332dea039dfa2f404e0bc5b5cc,H,,,,,False,inactive,2026-06-30,2026-07-12,0.27477914181509916,0.27477914181509916,True
2026-06-30,block-3,bnb,0x44f161ae29361e332dea039dfa2f404e0bc5b5cc,H,,,,,False,inactive,2026-07-01,2026-07-13,0.27477914181509916,0.27477914181509916,True
2026-07-01,block-3,bnb,0x44f161ae29361e332dea039dfa2f404e0bc5b5cc,H,,,,,False,inactive,2026-07-02,2026-07-14,0.27477914181509916,0.27477914181509916,True
2026-07-02,block-3,bnb,0x44f161ae29361e332dea039dfa2f404e0bc5b5cc,H,,,,,False,inactive,2026-07-03,2026-07-15,0.27477914181509916,0.27477914181509916,True
2026-07-03,block-3,bnb,0x44f161ae29361e332dea039dfa2f404e0bc5b5cc,H,,,,,False,inactive,2026-07-04,2026-07-16,0.27477914181509916,0.27477914181509916,True
2026-07-04,block-3,bnb,0x44f161ae29361e332dea039dfa2f404e0bc5b5cc,H,,,,,False,inactive,2026-07-05,2026-07-17,0.27477914181509916,0.27477914181509916,True
2026-07-05,block-3,bnb,0x44f161ae29361e332dea039dfa2f404e0bc5b5cc,H,,,,,False,inactive,2026-07-06,2026-07-18,0.27477914181509916,0.27477914181509916,True
2026-07-06,block-3,bnb,0x44f161ae29361e332dea039dfa2f404e0bc5b5cc,H,,,,,False,inactive,2026-07-07,2026-07-19,0.27477914181509916,0.27477914181509916,True
2026-07-07,block-3,bnb,0x44f161ae29361e332dea039dfa2f404e0bc5b5cc,H,,,,,False,inactive,2026-07-08,2026-07-20,0.27477914181509916,0.27477914181509916,True
2026-07-08,block-3,bnb,0x44f161ae29361e332dea039dfa2f404e0bc5b5cc,H,,,,,False,inactive,2026-07-09,2026-07-21,0.27477914181509916,0.27477914181509916,True
2026-07-09,block-3,bnb,0x44f161ae29361e332dea039dfa2f404e0bc5b5cc,H,,,,,False,inactive,2026-07-10,2026-07-22,0.27477914181509916,0.27477914181509916,True
2026-07-10,block-3,bnb,0x44f161ae29361e332dea039dfa2f404e0bc5b5cc,H,,,,,False,inactive,2026-07-11,2026-07-23,0.27477914181509916,0.27477914181509916,True
2026-07-11,block-3,bnb,0x44f161ae29361e332dea039dfa2f404e0bc5b5cc,H,,,,,False,inactive,2026-07-12,2026-07-24,0.27477914181509916,0.27477914181509916,True
2026-07-12,block-3,bnb,0x44f161ae29361e332dea039dfa2f404e0bc5b5cc,H,,,,,False,inactive,2026-07-13,2026-07-25,0.27477914181509916,0.27477914181509916,True
2026-07-13,block-3,bnb,0x44f161ae29361e332dea039dfa2f404e0bc5b5cc,H,,,,,False,inactive,2026-07-14,2026-07-26,0.27477914181509916,0.27477914181509916,True
2026-07-14,block-4,bnb,0x44f161ae29361e332dea039dfa2f404e0bc5b5cc,H,,,,,False,inactive,2026-07-15,2026-07-27,0.27477914181509916,0.27477914181509916,True
2026-07-15,block-4,bnb,0x44f161ae29361e332dea039dfa2f404e0bc5b5cc,H,,,,,False,inactive,2026-07-16,2026-07-28,0.27477914181509916,0.27477914181509916,True
2026-07-16,block-4,bnb,0x44f161ae29361e332dea039dfa2f404e0bc5b5cc,H,,,,,False,inactive,2026-07-17,2026-07-29,0.27477914181509916,0.27477914181509916,True
2026-07-17,block-4,bnb,0x44f161ae29361e332dea039dfa2f404e0bc5b5cc,H,,,,,False,inactive,2026-07-18,2026-07-30,0.27477914181509916,0.27477914181509916,True
2026-07-18,block-4,bnb,0x44f161ae29361e332dea039dfa2f404e0bc5b5cc,H,,,,,False,inactive,2026-07-19,2026-07-31,0.27477914181509916,0.27477914181509916,True
2026-07-19,block-4,bnb,0x44f161ae29361e332dea039dfa2f404e0bc5b5cc,H,,,,,False,inactive,2026-07-20,2026-08-01,0.27477914181509916,0.27477914181509916,True
2026-07-20,block-4,bnb,0x44f161ae29361e332dea039dfa2f404e0bc5b5cc,H,,,,,False,inactive,2026-07-21,2026-08-02,0.27477914181509916,0.27477914181509916,True
2026-07-21,block-4,bnb,0x44f161ae29361e332dea039dfa2f404e0bc5b5cc,H,,,,,False,inactive,2026-07-22,2026-08-03,0.27477914181509916,0.27477914181509916,True
2026-07-22,block-4,bnb,0x44f161ae29361e332dea039dfa2f404e0bc5b5cc,H,,,,,False,inactive,2026-07-23,2026-08-04,0.27477914181509916,0.27477914181509916,True
2026-07-23,block-4,bnb,0x44f161ae29361e332dea039dfa2f404e0bc5b5cc,H,,,,,False,inactive,2026-07-24,2026-08-05,0.27477914181509916,0.27477914181509916,True
2026-07-24,block-4,bnb,0x44f161ae29361e332dea039dfa2f404e0bc5b5cc,H,,,,,False,inactive,2026-07-25,2026-08-06,0.27477914181509916,0.27477914181509916,True
2026-07-25,block-4,bnb,0x44f161ae29361e332dea039dfa2f404e0bc5b5cc,H,,,,,False,inactive,2026-07-26,2026-08-07,0.27477914181509916,0.27477914181509916,True
2026-07-26,block-4,bnb,0x44f161ae29361e332dea039dfa2f404e0bc5b5cc,H,,,,,False,inactive,2026-07-27,2026-08-08,0.27477914181509916,0.27477914181509916,True
2026-07-27,block-4,bnb,0x44f161ae29361e332dea039dfa2f404e0bc5b5cc,H,,,,,False,inactive,2026-07-28,2026-08-09,0.27477914181509916,0.27477914181509916,True
2026-06-02,block-1,bnb,0x4d41a5d412f4ef44a35b9f53b06db65ede249493,QAIT,295.58130645621486,0.75,0.7472140010127539,3,False,inactive,2026-06-03,2026-06-15,0.018803089807100763,0.02375457322266276,True
2026-06-03,block-1,bnb,0x4d41a5d412f4ef44a35b9f53b06db65ede249493,QAIT,4631150.797920501,0.75,0.4049014239269653,2,False,inactive,2026-06-04,2026-06-16,0.020510193922906712,0.02330518744086089,True
2026-06-04,block-1,bnb,0x4d41a5d412f4ef44a35b9f53b06db65ede249493,QAIT,-37.16300898275888,0.5,0.0,-1,False,inactive,2026-06-05,2026-06-17,0.02795570114567973,0.022607746298748226,True
2026-06-05,block-1,bnb,0x4d41a5d412f4ef44a35b9f53b06db65ede249493,QAIT,-59.4745571447286,0.25,0.0,-1,False,inactive,2026-06-06,2026-06-18,0.029180457259415035,0.0222812437511916,True
2026-06-06,block-1,bnb,0x4d41a5d412f4ef44a35b9f53b06db65ede249493,QAIT,-82.12504352448452,0.0,,-1,False,inactive,2026-06-07,2026-06-19,0.02511413776271436,0.02132345420915108,True
2026-06-07,block-1,bnb,0x4d41a5d412f4ef44a35b9f53b06db65ede249493,QAIT,-55.85412712164533,0.0,,0,False,inactive,2026-06-08,2026-06-20,0.021102753768978955,0.021646519895894206,True
2026-06-08,block-1,bnb,0x4d41a5d412f4ef44a35b9f53b06db65ede249493,QAIT,-55.85412712164533,0.0,,0,False,inactive,2026-06-09,2026-06-21,0.023595532041689952,0.02124931641815638,True
2026-06-09,block-1,bnb,0x4d41a5d412f4ef44a35b9f53b06db65ede249493,QAIT,-48.76254504039809,0.0,,-1,False,inactive,2026-06-10,2026-06-22,0.02616762693968064,0.020974115573658123,True
2026-06-10,block-1,bnb,0x4d41a5d412f4ef44a35b9f53b06db65ede249493,QAIT,211.6795304170494,0.25,1.0,0,False,inactive,2026-06-11,2026-06-23,0.022032851078695008,0.021038759697817228,True
2026-06-11,block-1,bnb,0x4d41a5d412f4ef44a35b9f53b06db65ede249493,QAIT,142.66389326075287,0.25,0.6739616862323794,0,False,inactive,2026-06-12,2026-06-24,0.02032208262229876,0.019685181992394937,True
2026-06-12,block-1,bnb,0x4d41a5d412f4ef44a35b9f53b06db65ede249493,QAIT,71.55525455255946,0.25,0.33803577706158855,-1,False,inactive,2026-06-13,2026-06-25,0.024835863384366004,0.018970226219478383,True
2026-06-13,block-1,bnb,0x4d41a5d412f4ef44a35b9f53b06db65ede249493,QAIT,71.55525455255946,0.25,0.33803577706158855,-1,False,inactive,2026-06-14,2026-06-26,0.02420340260806457,0.016227110771788324,True
2026-06-14,block-1,bnb,0x4d41a5d412f4ef44a35b9f53b06db65ede249493,QAIT,-44.957805113795466,0.0,,-1,False,inactive,2026-06-15,2026-06-27,0.02375457322266276,0.010769422217060069,True
2026-06-15,block-1,bnb,0x4d41a5d412f4ef44a35b9f53b06db65ede249493,QAIT,,,,,False,inactive,2026-06-16,2026-06-28,0.02330518744086089,0.010334557033924418,True
2026-06-16,block-2,bnb,0x4d41a5d412f4ef44a35b9f53b06db65ede249493,QAIT,,,,,False,inactive,2026-06-17,2026-06-29,0.022607746298748226,0.008802328382744352,True
2026-06-17,block-2,bnb,0x4d41a5d412f4ef44a35b9f53b06db65ede249493,QAIT,,,,,False,inactive,2026-06-18,2026-06-30,0.0222812437511916,0.008498589432555052,True
2026-06-18,block-2,bnb,0x4d41a5d412f4ef44a35b9f53b06db65ede249493,QAIT,,,,,False,inactive,2026-06-19,2026-07-01,0.02132345420915108,0.007895949739039915,True
2026-06-19,block-2,bnb,0x4d41a5d412f4ef44a35b9f53b06db65ede249493,QAIT,,,,,False,inactive,2026-06-20,2026-07-02,0.021646519895894206,0.007352907089011001,True
2026-06-20,block-2,bnb,0x4d41a5d412f4ef44a35b9f53b06db65ede249493,QAIT,3051817.081323704,0.25,1.0,1,False,inactive,2026-06-21,2026-07-03,0.02124931641815638,0.007801678709489922,True
2026-06-21,block-2,bnb,0x4d41a5d412f4ef44a35b9f53b06db65ede249493,QAIT,3051817.081323704,0.25,1.0,1,False,inactive,2026-06-22,2026-07-04,0.020974115573658123,0.007597807569783837,True
2026-06-22,block-2,bnb,0x4d41a5d412f4ef44a35b9f53b06db65ede249493,QAIT,3785735.017382095,0.5,1.0,2,True,holder-breadth-positive-daily-v1,2026-06-23,2026-07-05,0.021038759697817228,0.0074717909271984845,True
2026-06-23,block-2,bnb,0x4d41a5d412f4ef44a35b9f53b06db65ede249493,QAIT,24.047767894797122,0.25,1.0,1,False,inactive,2026-06-24,2026-07-06,0.019685181992394937,0.007420285801295996,True
2026-06-24,block-2,bnb,0x4d41a5d412f4ef44a35b9f53b06db65ede249493,QAIT,-97.99678890356927,0.25,0.0,0,False,inactive,2026-06-25,2026-07-07,0.018970226219478383,0.007407671369550949,True
2026-06-25,block-2,bnb,0x4d41a5d412f4ef44a35b9f53b06db65ede249493,QAIT,-97.99678890356927,0.25,0.0,0,False,inactive,2026-06-26,2026-07-08,0.016227110771788324,0.007287327577471146,True
2026-06-26,block-2,bnb,0x4d41a5d412f4ef44a35b9f53b06db65ede249493,QAIT,-98.38512926880746,0.0,,-1,False,inactive,2026-06-27,2026-07-09,0.010769422217060069,0.006568823637800814,True
2026-06-27,block-2,bnb,0x4d41a5d412f4ef44a35b9f53b06db65ede249493,QAIT,-98.38512926880746,0.0,,-1,False,inactive,2026-06-28,2026-07-10,0.010334557033924418,0.006425776728262109,True
2026-06-28,block-2,bnb,0x4d41a5d412f4ef44a35b9f53b06db65ede249493,QAIT,0.0,0.0,,0,False,inactive,2026-06-29,2026-07-11,0.008802328382744352,0.006493671831572731,True
2026-06-29,block-2,bnb,0x4d41a5d412f4ef44a35b9f53b06db65ede249493,QAIT,0.0,0.0,,0,False,inactive,2026-06-30,2026-07-12,0.008498589432555052,0.0063563846109261305,True
2026-06-30,block-3,bnb,0x4d41a5d412f4ef44a35b9f53b06db65ede249493,QAIT,0.0,0.0,,0,False,inactive,2026-07-01,2026-07-13,0.007895949739039915,0.006080898996706744,True
2026-07-01,block-3,bnb,0x4d41a5d412f4ef44a35b9f53b06db65ede249493,QAIT,0.0,0.0,,0,False,inactive,2026-07-02,2026-07-14,0.007352907089011001,0.006022346345039332,True
2026-07-02,block-3,bnb,0x4d41a5d412f4ef44a35b9f53b06db65ede249493,QAIT,0.0,0.0,,0,False,inactive,2026-07-03,2026-07-15,0.007801678709489922,0.00591367872496982,True
2026-07-03,block-3,bnb,0x4d41a5d412f4ef44a35b9f53b06db65ede249493,QAIT,-99.83643116788014,0.0,,-1,False,inactive,2026-07-04,2026-07-16,0.007597807569783837,0.005933410692835021,True
2026-07-04,block-3,bnb,0x4d41a5d412f4ef44a35b9f53b06db65ede249493,QAIT,-99.82452624690235,0.25,0.0,0,False,inactive,2026-07-05,2026-07-17,0.0074717909271984845,0.0059134497517606965,True
2026-07-05,block-3,bnb,0x4d41a5d412f4ef44a35b9f53b06db65ede249493,QAIT,-99.82452624690235,0.25,0.0,0,False,inactive,2026-07-06,2026-07-18,0.007420285801295996,0.005757671336256602,True
2026-07-06,block-3,bnb,0x4d41a5d412f4ef44a35b9f53b06db65ede249493,QAIT,-99.82452624690235,0.25,0.0,0,False,inactive,2026-07-07,2026-07-19,0.007407671369550949,0.005732180816948265,True
2026-07-07,block-3,bnb,0x4d41a5d412f4ef44a35b9f53b06db65ede249493,QAIT,-92.7217668406045,0.25,0.0,0,False,inactive,2026-07-08,2026-07-20,0.007287327577471146,0.005763056284550468,True
2026-07-08,block-3,bnb,0x4d41a5d412f4ef44a35b9f53b06db65ede249493,QAIT,-93.21555459570125,0.0,,-1,False,inactive,2026-07-09,2026-07-21,0.006568823637800814,0.009005956910770128,True
2026-07-09,block-3,bnb,0x4d41a5d412f4ef44a35b9f53b06db65ede249493,QAIT,-93.21555459570125,0.0,,-1,False,inactive,2026-07-10,2026-07-22,0.006425776728262109,0.007153714023892623,True
2026-07-10,block-3,bnb,0x4d41a5d412f4ef44a35b9f53b06db65ede249493,QAIT,-93.21555459570125,0.0,,-1,False,inactive,2026-07-11,2026-07-23,0.006493671831572731,0.00717174380915938,True
2026-07-11,block-3,bnb,0x4d41a5d412f4ef44a35b9f53b06db65ede249493,QAIT,0.0,0.0,,0,False,inactive,2026-07-12,2026-07-24,0.0063563846109261305,0.007093519736272118,True
2026-07-12,block-3,bnb,0x4d41a5d412f4ef44a35b9f53b06db65ede249493,QAIT,0.0,0.0,,0,False,inactive,2026-07-13,2026-07-25,0.006080898996706744,0.007025066114857869,True
2026-07-13,block-3,bnb,0x4d41a5d412f4ef44a35b9f53b06db65ede249493,QAIT,0.0,0.0,,0,False,inactive,2026-07-14,2026-07-26,0.006022346345039332,0.006723473235806167,True
2026-07-14,block-4,bnb,0x4d41a5d412f4ef44a35b9f53b06db65ede249493,QAIT,100673.91383278307,0.25,1.0,1,False,inactive,2026-07-15,2026-07-27,0.00591367872496982,0.006268867300003626,True
2026-07-15,block-4,bnb,0x4d41a5d412f4ef44a35b9f53b06db65ede249493,QAIT,100673.91383278307,0.25,1.0,1,False,inactive,2026-07-16,2026-07-28,0.005933410692835021,0.006110882360004353,True
2026-07-16,block-4,bnb,0x4d41a5d412f4ef44a35b9f53b06db65ede249493,QAIT,100673.91383278307,0.25,1.0,1,False,inactive,2026-07-17,2026-07-29,0.0059134497517606965,0.006124395382285957,True
2026-07-17,block-4,bnb,0x4d41a5d412f4ef44a35b9f53b06db65ede249493,QAIT,100673.91383278307,0.25,1.0,1,False,inactive,2026-07-18,2026-07-30,0.005757671336256602,0.00497644886381913,True
2026-07-18,block-4,bnb,0x4d41a5d412f4ef44a35b9f53b06db65ede249493,QAIT,0.0,0.0,,0,False,inactive,2026-07-19,2026-07-31,0.005732180816948265,0.004899821076981501,True
2026-07-19,block-4,bnb,0x4d41a5d412f4ef44a35b9f53b06db65ede249493,QAIT,-0.09923202959639665,0.0,,-1,False,inactive,2026-07-20,2026-08-01,0.005763056284550468,0.0045513494189652415,True
2026-07-20,block-4,bnb,0x4d41a5d412f4ef44a35b9f53b06db65ede249493,QAIT,-0.09923202959639665,0.0,,-1,False,inactive,2026-07-21,2026-08-02,0.009005956910770128,0.004342512883613941,True
2026-07-21,block-4,bnb,0x4d41a5d412f4ef44a35b9f53b06db65ede249493,QAIT,-0.09923202959639665,0.0,,-1,False,inactive,2026-07-22,2026-08-03,0.007153714023892623,0.004296871340945854,True
2026-07-22,block-4,bnb,0x4d41a5d412f4ef44a35b9f53b06db65ede249493,QAIT,-0.09923202959639665,0.0,,-1,False,inactive,2026-07-23,2026-08-04,0.00717174380915938,0.003966315400187953,True
2026-07-23,block-4,bnb,0x4d41a5d412f4ef44a35b9f53b06db65ede249493,QAIT,0.0,0.0,,0,False,inactive,2026-07-24,2026-08-05,0.007093519736272118,0.003738995097066671,True
2026-07-24,block-4,bnb,0x4d41a5d412f4ef44a35b9f53b06db65ede249493,QAIT,0.0,0.0,,0,False,inactive,2026-07-25,2026-08-06,0.007025066114857869,0.0038214923632631844,True
2026-07-25,block-4,bnb,0x4d41a5d412f4ef44a35b9f53b06db65ede249493,QAIT,0.0,0.0,,0,False,inactive,2026-07-26,2026-08-07,0.006723473235806167,0.003557251152103737,True
2026-07-26,block-4,bnb,0x4d41a5d412f4ef44a35b9f53b06db65ede249493,QAIT,0.0,0.0,,0,False,inactive,2026-07-27,2026-08-08,0.006268867300003626,0.0034452951027809315,True
2026-07-27,block-4,bnb,0x4d41a5d412f4ef44a35b9f53b06db65ede249493,QAIT,0.0,0.0,,0,False,inactive,2026-07-28,2026-08-09,0.006110882360004353,0.0035851540166341733,True
2026-06-02,block-1,bnb,0x6dc200b21894af4660b549b678ea8df22bf7cfac,WARD,132.42295431610205,0.25,0.9696542628332286,-3,False,inactive,2026-06-03,2026-06-15,0.008901458028215821,0.009657936862593983,True
2026-06-03,block-1,bnb,0x6dc200b21894af4660b549b678ea8df22bf7cfac,WARD,131.52208666089754,0.25,0.9630577466428977,-4,False,inactive,2026-06-04,2026-06-16,0.008948666426571331,0.009960563941280871,True
2026-06-04,block-1,bnb,0x6dc200b21894af4660b549b678ea8df22bf7cfac,WARD,27.655596970878136,0.25,0.1941131366537059,-2,False,inactive,2026-06-05,2026-06-17,0.007789510191681836,0.009593260968263302,True
2026-06-05,block-1,bnb,0x6dc200b21894af4660b549b678ea8df22bf7cfac,WARD,-45.58810606941789,0.25,0.0,0,False,inactive,2026-06-06,2026-06-18,0.008125301152371941,0.008836487051693263,True
2026-06-06,block-1,bnb,0x6dc200b21894af4660b549b678ea8df22bf7cfac,WARD,-68.08100468000458,0.25,0.0,-1,False,inactive,2026-06-07,2026-06-19,0.007836075478524843,0.009107035491393323,True
2026-06-07,block-1,bnb,0x6dc200b21894af4660b549b678ea8df22bf7cfac,WARD,-67.95680577144635,0.25,0.0,0,False,inactive,2026-06-08,2026-06-20,0.0070866014588889985,0.009577403233442156,True
2026-06-08,block-1,bnb,0x6dc200b21894af4660b549b678ea8df22bf7cfac,WARD,-25.155173380018603,0.5,0.0,0,False,inactive,2026-06-09,2026-06-21,0.006466403130680004,0.008570317808299456,True
2026-06-09,block-1,bnb,0x6dc200b21894af4660b549b678ea8df22bf7cfac,WARD,-54.68785623500829,0.25,0.0,-2,False,inactive,2026-06-10,2026-06-22,0.007593530340986188,0.008938945973615647,True
2026-06-10,block-1,bnb,0x6dc200b21894af4660b549b678ea8df22bf7cfac,WARD,-22.757174119525235,0.25,0.0,-2,False,inactive,2026-06-11,2026-06-23,0.007264646488870973,0.008419480434529985,True
2026-06-11,block-1,bnb,0x6dc200b21894af4660b549b678ea8df22bf7cfac,WARD,-22.757174119525235,0.25,0.0,-2,False,inactive,2026-06-12,2026-06-24,0.007508913312400919,0.007715249247825312,True
2026-06-12,block-1,bnb,0x6dc200b21894af4660b549b678ea8df22bf7cfac,WARD,-37.42995244132601,0.0,,-2,False,inactive,2026-06-13,2026-06-25,0.009544156029106785,0.00793795885357941,True
2026-06-13,block-1,bnb,0x6dc200b21894af4660b549b678ea8df22bf7cfac,WARD,200.3221300538296,0.25,0.9999987522693732,0,False,inactive,2026-06-14,2026-06-26,0.008447770130019188,0.008167743663451077,True
2026-06-14,block-1,bnb,0x6dc200b21894af4660b549b678ea8df22bf7cfac,WARD,200.32288070597087,0.25,1.0,1,False,inactive,2026-06-15,2026-06-27,0.009657936862593983,0.007799077545299519,True
2026-06-15,block-1,bnb,0x6dc200b21894af4660b549b678ea8df22bf7cfac,WARD,107.47851516916249,0.25,0.5365264057225537,-1,False,inactive,2026-06-16,2026-06-28,0.009960563941280871,0.0071619824379701175,True
2026-06-16,block-2,bnb,0x6dc200b21894af4660b549b678ea8df22bf7cfac,WARD,107.47851516916249,0.25,0.5365264057225537,-1,False,inactive,2026-06-17,2026-06-29,0.009593260968263302,0.00923801214617395,True
2026-06-17,block-2,bnb,0x6dc200b21894af4660b549b678ea8df22bf7cfac,WARD,-30.91484915120639,0.0,,-2,False,inactive,2026-06-18,2026-06-30,0.008836487051693263,0.008570344265157862,True
2026-06-18,block-2,bnb,0x6dc200b21894af4660b549b678ea8df22bf7cfac,WARD,-16.887247726605025,0.25,0.0,0,False,inactive,2026-06-19,2026-07-01,0.009107035491393323,0.00797611872932024,True
2026-06-19,block-2,bnb,0x6dc200b21894af4660b549b678ea8df22bf7cfac,WARD,20.304799587545965,0.25,1.0,2,False,inactive,2026-06-20,2026-07-02,0.009577403233442156,0.00860298081601397,True
2026-06-20,block-2,bnb,0x6dc200b21894af4660b549b678ea8df22bf7cfac,WARD,20.32048018041863,0.5,1.0,3,True,holder-breadth-positive-daily-v1,2026-06-21,2026-07-03,0.008570317808299456,0.008263526466026946,True
2026-06-21,block-2,bnb,0x6dc200b21894af4660b549b678ea8df22bf7cfac,WARD,-76.24634477679584,0.5,0.0,1,False,inactive,2026-06-22,2026-07-04,0.008938945973615647,0.007852971466175425,True
2026-06-22,block-2,bnb,0x6dc200b21894af4660b549b678ea8df22bf7cfac,WARD,-80.25543843251359,0.25,0.0,-1,False,inactive,2026-06-23,2026-07-05,0.008419480434529985,0.00805924431623545,True
2026-06-23,block-2,bnb,0x6dc200b21894af4660b549b678ea8df22bf7cfac,WARD,-80.25543843251359,0.25,0.0,-1,False,inactive,2026-06-24,2026-07-06,0.007715249247825312,0.0073474483351865846,True
2026-06-24,block-2,bnb,0x6dc200b21894af4660b549b678ea8df22bf7cfac,WARD,-80.25801161399461,0.0,,-2,False,inactive,2026-06-25,2026-07-07,0.00793795885357941,0.006120306955552945,True
2026-06-25,block-2,bnb,0x6dc200b21894af4660b549b678ea8df22bf7cfac,WARD,0.0,0.0,,0,False,inactive,2026-06-26,2026-07-08,0.008167743663451077,0.0049003111014420675,True
2026-06-26,block-2,bnb,0x6dc200b21894af4660b549b678ea8df22bf7cfac,WARD,-14.519262838708835,0.0,,-1,False,inactive,2026-06-27,2026-07-09,0.007799077545299519,0.005359713855310197,True
2026-06-27,block-2,bnb,0x6dc200b21894af4660b549b678ea8df22bf7cfac,WARD,-14.519262838708835,0.0,,-1,False,inactive,2026-06-28,2026-07-10,0.0071619824379701175,0.004850632433386808,True
2026-06-28,block-2,bnb,0x6dc200b21894af4660b549b678ea8df22bf7cfac,WARD,-14.519262838708835,0.0,,-1,False,inactive,2026-06-29,2026-07-11,0.00923801214617395,0.004386164282380804,True
2026-06-29,block-2,bnb,0x6dc200b21894af4660b549b678ea8df22bf7cfac,WARD,-14.519262838708835,0.0,,-1,False,inactive,2026-06-30,2026-07-12,0.008570344265157862,0.004173281674850995,True
2026-06-30,block-3,bnb,0x6dc200b21894af4660b549b678ea8df22bf7cfac,WARD,0.0,0.0,,0,False,inactive,2026-07-01,2026-07-13,0.00797611872932024,0.004103767445387616,True
2026-07-01,block-3,bnb,0x6dc200b21894af4660b549b678ea8df22bf7cfac,WARD,0.0,0.0,,0,False,inactive,2026-07-02,2026-07-14,0.00860298081601397,0.00372984986397991,True
2026-07-02,block-3,bnb,0x6dc200b21894af4660b549b678ea8df22bf7cfac,WARD,0.0,0.0,,0,False,inactive,2026-07-03,2026-07-15,0.008263526466026946,0.004516633681228773,True
2026-07-03,block-3,bnb,0x6dc200b21894af4660b549b678ea8df22bf7cfac,WARD,0.0,0.0,,0,False,inactive,2026-07-04,2026-07-16,0.007852971466175425,0.004347245945913383,True
2026-07-04,block-3,bnb,0x6dc200b21894af4660b549b678ea8df22bf7cfac,WARD,0.0,0.0,,0,False,inactive,2026-07-05,2026-07-17,0.00805924431623545,0.0042496668723583835,True
2026-07-05,block-3,bnb,0x6dc200b21894af4660b549b678ea8df22bf7cfac,WARD,-5.1324662631024864e-06,0.0,,-1,False,inactive,2026-07-06,2026-07-18,0.0073474483351865846,0.004084197089449876,True
2026-07-06,block-3,bnb,0x6dc200b21894af4660b549b678ea8df22bf7cfac,WARD,-5.1324662631024864e-06,0.0,,-1,False,inactive,2026-07-07,2026-07-19,0.006120306955552945,0.004120413187136682,True
2026-07-07,block-3,bnb,0x6dc200b21894af4660b549b678ea8df22bf7cfac,WARD,-5.1324662631024864e-06,0.0,,-1,False,inactive,2026-07-08,2026-07-20,0.0049003111014420675,0.003827440049134976,True
2026-07-08,block-3,bnb,0x6dc200b21894af4660b549b678ea8df22bf7cfac,WARD,-5.1324662631024864e-06,0.0,,-1,False,inactive,2026-07-09,2026-07-21,0.005359713855310197,0.0039666980798296865,True
2026-07-09,block-3,bnb,0x6dc200b21894af4660b549b678ea8df22bf7cfac,WARD,0.0,0.0,,0,False,inactive,2026-07-10,2026-07-22,0.004850632433386808,0.0039783886331289054,True
2026-07-10,block-3,bnb,0x6dc200b21894af4660b549b678ea8df22bf7cfac,WARD,0.0,0.0,,0,False,inactive,2026-07-11,2026-07-23,0.004386164282380804,0.0038277294273690726,True
2026-07-11,block-3,bnb,0x6dc200b21894af4660b549b678ea8df22bf7cfac,WARD,0.0,0.0,,0,False,inactive,2026-07-12,2026-07-24,0.004173281674850995,0.0037257334009081758,True
2026-07-12,block-3,bnb,0x6dc200b21894af4660b549b678ea8df22bf7cfac,WARD,0.0,0.0,,0,False,inactive,2026-07-13,2026-07-25,0.004103767445387616,0.0037160590849157145,True
2026-07-13,block-3,bnb,0x6dc200b21894af4660b549b678ea8df22bf7cfac,WARD,0.0,0.0,,0,False,inactive,2026-07-14,2026-07-26,0.00372984986397991,0.003821888523820687,True
2026-07-14,block-4,bnb,0x6dc200b21894af4660b549b678ea8df22bf7cfac,WARD,121.94674558281547,0.25,1.0,2,False,inactive,2026-07-15,2026-07-27,0.004516633681228773,0.0036433334617405762,True
2026-07-15,block-4,bnb,0x6dc200b21894af4660b549b678ea8df22bf7cfac,WARD,121.94674558281547,0.25,1.0,2,False,inactive,2026-07-16,2026-07-28,0.004347245945913383,0.003641024619095908,True
2026-07-16,block-4,bnb,0x6dc200b21894af4660b549b678ea8df22bf7cfac,WARD,121.94674558281547,0.25,1.0,2,False,inactive,2026-07-17,2026-07-29,0.0042496668723583835,0.003466172151005731,True
2026-07-17,block-4,bnb,0x6dc200b21894af4660b549b678ea8df22bf7cfac,WARD,21.94674558281786,0.25,0.17996991619520966,1,False,inactive,2026-07-18,2026-07-30,0.004084197089449876,0.003242713473147765,True
2026-07-18,block-4,bnb,0x6dc200b21894af4660b549b678ea8df22bf7cfac,WARD,-45.055853257683566,0.0,,-1,False,inactive,2026-07-19,2026-07-31,0.004120413187136682,0.0031062566171897754,True
2026-07-19,block-4,bnb,0x6dc200b21894af4660b549b678ea8df22bf7cfac,WARD,-45.055853257683566,0.0,,-1,False,inactive,2026-07-20,2026-08-01,0.003827440049134976,0.0032669780774089844,True
2026-07-20,block-4,bnb,0x6dc200b21894af4660b549b678ea8df22bf7cfac,WARD,-45.055853257683566,0.0,,-1,False,inactive,2026-07-21,2026-08-02,0.0039666980798296865,0.0033023619772646756,True
2026-07-21,block-4,bnb,0x6dc200b21894af4660b549b678ea8df22bf7cfac,WARD,0.0,0.0,,0,False,inactive,2026-07-22,2026-08-03,0.0039783886331289054,0.0030744262837493755,True
2026-07-22,block-4,bnb,0x6dc200b21894af4660b549b678ea8df22bf7cfac,WARD,0.0,0.0,,0,False,inactive,2026-07-23,2026-08-04,0.0038277294273690726,0.003055223045544985,True
2026-07-23,block-4,bnb,0x6dc200b21894af4660b549b678ea8df22bf7cfac,WARD,0.0,0.0,,0,False,inactive,2026-07-24,2026-08-05,0.0037257334009081758,0.004916663047271376,True
2026-07-24,block-4,bnb,0x6dc200b21894af4660b549b678ea8df22bf7cfac,WARD,0.0,0.0,,0,False,inactive,2026-07-25,2026-08-06,0.0037160590849157145,0.003734561873531527,True
2026-07-25,block-4,bnb,0x6dc200b21894af4660b549b678ea8df22bf7cfac,WARD,0.0,0.0,,0,False,inactive,2026-07-26,2026-08-07,0.003821888523820687,0.0033026871508873806,True
2026-07-26,block-4,bnb,0x6dc200b21894af4660b549b678ea8df22bf7cfac,WARD,0.0,0.0,,0,False,inactive,2026-07-27,2026-08-08,0.0036433334617405762,0.0031662963741790023,True
2026-07-27,block-4,bnb,0x6dc200b21894af4660b549b678ea8df22bf7cfac,WARD,0.0,0.0,,0,False,inactive,2026-07-28,2026-08-09,0.003641024619095908,0.0030355527070085064,True
2026-06-02,block-1,bnb,0x924fa68a0fc644485b8df8abfa0a41c2e7744444,币安人生,-95.57421780200755,0.25,0.0,0,False,inactive,2026-06-03,2026-06-15,0.6376777667973487,0.669425376645886,True
2026-06-03,block-1,bnb,0x924fa68a0fc644485b8df8abfa0a41c2e7744444,币安人生,17.074384708042324,0.5,0.2884936080722246,-1,False,inactive,2026-06-04,2026-06-16,0.7092596591952318,0.6681610526581454,True
2026-06-04,block-1,bnb,0x924fa68a0fc644485b8df8abfa0a41c2e7744444,币安人生,12.77993551393295,0.5,0.21593338620326796,-2,False,inactive,2026-06-05,2026-06-17,0.6891327126345951,0.6792679163102393,True
2026-06-05,block-1,bnb,0x924fa68a0fc644485b8df8abfa0a41c2e7744444,币安人生,-32.02613964880232,0.25,0.0,-5,False,inactive,2026-06-06,2026-06-18,0.8082448819806523,0.6913254901364113,True
2026-06-06,block-1,bnb,0x924fa68a0fc644485b8df8abfa0a41c2e7744444,币安人生,-4.545145007436224,0.25,0.0,-6,False,inactive,2026-06-07,2026-06-19,0.8165289533122815,0.7104216109822744,True
2026-06-07,block-1,bnb,0x924fa68a0fc644485b8df8abfa0a41c2e7744444,币安人生,-17.058738892878754,0.0,,-5,False,inactive,2026-06-08,2026-06-20,0.7048857619295149,0.7146459536634524,True
2026-06-08,block-1,bnb,0x924fa68a0fc644485b8df8abfa0a41c2e7744444,币安人生,-7.406834020844199,0.25,0.0,-3,False,inactive,2026-06-09,2026-06-21,0.681676604152377,0.7012842041417165,True
2026-06-09,block-1,bnb,0x924fa68a0fc644485b8df8abfa0a41c2e7744444,币安人生,799.4306693904928,0.5,0.9991370486494623,1,True,holder-breadth-positive-daily-v1,2026-06-10,2026-06-22,0.7090460587462653,0.7089743332485353,True
2026-06-10,block-1,bnb,0x924fa68a0fc644485b8df8abfa0a41c2e7744444,币安人生,824.0892097733384,0.75,0.999988330162767,1,True,holder-breadth-positive-daily-v1,2026-06-11,2026-06-23,0.669604312758296,0.7119941543975042,True
2026-06-11,block-1,bnb,0x924fa68a0fc644485b8df8abfa0a41c2e7744444,币安人生,799.8639068381698,0.75,0.9704988735006685,-4,True,holder-breadth-nonpositive-daily-v1,2026-06-12,2026-06-24,0.6935894307583376,0.6953525283364888,True
2026-06-12,block-1,bnb,0x924fa68a0fc644485b8df8abfa0a41c2e7744444,币安人生,736.755499515122,0.5,0.9702264160457365,-5,True,holder-breadth-nonpositive-daily-v1,2026-06-13,2026-06-25,0.6690557561564326,0.7106461408513508,True
2026-06-13,block-1,bnb,0x924fa68a0fc644485b8df8abfa0a41c2e7744444,币安人生,-0.643011984641606,0.25,0.0,-7,False,inactive,2026-06-14,2026-06-26,0.6653691549365025,0.7274238709388621,True
2026-06-14,block-1,bnb,0x924fa68a0fc644485b8df8abfa0a41c2e7744444,币安人生,-2.631272026330922,0.0,,-6,False,inactive,2026-06-15,2026-06-27,0.669425376645886,0.6988884333774266,True
2026-06-15,block-1,bnb,0x924fa68a0fc644485b8df8abfa0a41c2e7744444,币安人生,-0.28149981985780004,0.0,,-5,False,inactive,2026-06-16,2026-06-28,0.6681610526581454,0.7086105128359469,True
2026-06-16,block-2,bnb,0x924fa68a0fc644485b8df8abfa0a41c2e7744444,币安人生,-0.28149981985780004,0.0,,-5,False,inactive,2026-06-17,2026-06-29,0.6792679163102393,0.6895754178610782,True
2026-06-17,block-2,bnb,0x924fa68a0fc644485b8df8abfa0a41c2e7744444,币安人生,-0.28111667874568536,0.0,,-4,False,inactive,2026-06-18,2026-06-30,0.6913254901364113,0.6727441335517957,True
2026-06-18,block-2,bnb,0x924fa68a0fc644485b8df8abfa0a41c2e7744444,币安人生,-0.28077718006881414,0.25,0.0,-3,False,inactive,2026-06-19,2026-07-01,0.7104216109822744,0.7006088726301619,True
2026-06-19,block-2,bnb,0x924fa68a0fc644485b8df8abfa0a41c2e7744444,币安人生,0.00036461643970753244,0.5,1.0,2,True,holder-breadth-positive-daily-v1,2026-06-20,2026-07-02,0.7146459536634524,0.683106099670356,True
2026-06-20,block-2,bnb,0x924fa68a0fc644485b8df8abfa0a41c2e7744444,币安人生,0.003406893555779611,0.75,1.0,3,True,holder-breadth-positive-daily-v1,2026-06-21,2026-07-03,0.7012842041417165,0.6836711857921838,True
2026-06-21,block-2,bnb,0x924fa68a0fc644485b8df8abfa0a41c2e7744444,币安人生,0.00036461643970753244,0.75,0.10702313815479104,2,False,inactive,2026-06-22,2026-07-04,0.7089743332485353,0.8053070819189665,True
2026-06-22,block-2,bnb,0x924fa68a0fc644485b8df8abfa0a41c2e7744444,币安人生,-86.94033769905528,0.5,0.0,1,False,inactive,2026-06-23,2026-07-05,0.7119941543975042,0.7328118121780633,True
2026-06-23,block-2,bnb,0x924fa68a0fc644485b8df8abfa0a41c2e7744444,币安人生,-86.94034085434762,0.25,0.0,0,False,inactive,2026-06-24,2026-07-06,0.6953525283364888,0.7206102977317045,True
2026-06-24,block-2,bnb,0x924fa68a0fc644485b8df8abfa0a41c2e7744444,币安人生,-86.94083025392266,0.0,,-4,False,inactive,2026-06-25,2026-07-07,0.7106461408513508,0.7097748470429751,True
2026-06-25,block-2,bnb,0x924fa68a0fc644485b8df8abfa0a41c2e7744444,币安人生,-86.94043295923852,0.0,,-3,False,inactive,2026-06-26,2026-07-08,0.7274238709388621,0.7138988079521882,True
2026-06-26,block-2,bnb,0x924fa68a0fc644485b8df8abfa0a41c2e7744444,币安人生,-0.0007052625941916801,0.0,,-3,False,inactive,2026-06-27,2026-07-09,0.6988884333774266,0.6811196592932484,True
2026-06-27,block-2,bnb,0x924fa68a0fc644485b8df8abfa0a41c2e7744444,币安人生,-0.0007052625941916801,0.0,,-3,False,inactive,2026-06-28,2026-07-10,0.7086105128359469,0.673917185216139,True
2026-06-28,block-2,bnb,0x924fa68a0fc644485b8df8abfa0a41c2e7744444,币安人生,0.0,0.0,,0,False,inactive,2026-06-29,2026-07-11,0.6895754178610782,0.6887385850948734,True
2026-06-29,block-2,bnb,0x924fa68a0fc644485b8df8abfa0a41c2e7744444,币安人生,0.0029503616103765395,0.25,1.0,1,False,inactive,2026-06-30,2026-07-12,0.6727441335517957,0.7030190778623451,True
2026-06-30,block-3,bnb,0x924fa68a0fc644485b8df8abfa0a41c2e7744444,币安人生,0.0029503616103765395,0.25,1.0,1,False,inactive,2026-07-01,2026-07-13,0.7006088726301619,0.7000343195495636,True
2026-07-01,block-3,bnb,0x924fa68a0fc644485b8df8abfa0a41c2e7744444,币安人生,0.0029503616103765395,0.25,1.0,1,False,inactive,2026-07-02,2026-07-14,0.683106099670356,0.7556499970663227,True
2026-07-02,block-3,bnb,0x924fa68a0fc644485b8df8abfa0a41c2e7744444,币安人生,0.0029503616103765395,0.25,1.0,1,False,inactive,2026-07-03,2026-07-15,0.6836711857921838,0.7280526728793136,True
2026-07-03,block-3,bnb,0x924fa68a0fc644485b8df8abfa0a41c2e7744444,币安人生,0.0,0.0,,0,False,inactive,2026-07-04,2026-07-16,0.8053070819189665,0.7207196922593005,True
2026-07-04,block-3,bnb,0x924fa68a0fc644485b8df8abfa0a41c2e7744444,币安人生,2.0876810552013625,0.25,1.0,2,False,inactive,2026-07-05,2026-07-17,0.7328118121780633,0.7026527934695177,True
2026-07-05,block-3,bnb,0x924fa68a0fc644485b8df8abfa0a41c2e7744444,币安人生,2.085074196428738,0.25,0.9987513136807308,1,False,inactive,2026-07-06,2026-07-18,0.7206102977317045,0.6882831272198573,True
2026-07-06,block-3,bnb,0x924fa68a0fc644485b8df8abfa0a41c2e7744444,币安人生,2.0873731559105435,0.5,0.9987526872246084,2,True,holder-breadth-positive-daily-v1,2026-07-07,2026-07-19,0.7097748470429751,0.6700661169762093,True
2026-07-07,block-3,bnb,0x924fa68a0fc644485b8df8abfa0a41c2e7744444,币安人生,2.085074196428738,0.5,0.9976526960928008,1,True,holder-breadth-positive-daily-v1,2026-07-08,2026-07-20,0.7138988079521882,0.6295383679900747,True
2026-07-08,block-3,bnb,0x924fa68a0fc644485b8df8abfa0a41c2e7744444,币安人生,-0.002553548817729734,0.25,0.0,0,False,inactive,2026-07-09,2026-07-21,0.6811196592932484,0.6031957507972407,True
2026-07-09,block-3,bnb,0x924fa68a0fc644485b8df8abfa0a41c2e7744444,币安人生,0.0,0.25,0.0,1,False,inactive,2026-07-10,2026-07-22,0.673917185216139,0.6085653795196533,True
2026-07-10,block-3,bnb,0x924fa68a0fc644485b8df8abfa0a41c2e7744444,币安人生,-0.0022519528230957597,0.0,,0,False,inactive,2026-07-11,2026-07-23,0.6887385850948734,0.683990395745815,True
2026-07-11,block-3,bnb,0x924fa68a0fc644485b8df8abfa0a41c2e7744444,币安人生,0.0,0.0,,2,False,inactive,2026-07-12,2026-07-24,0.7030190778623451,0.63577419361843,True
2026-07-12,block-3,bnb,0x924fa68a0fc644485b8df8abfa0a41c2e7744444,币安人生,0.0,0.0,,1,False,inactive,2026-07-13,2026-07-25,0.7000343195495636,0.6204197928808247,True
2026-07-13,block-3,bnb,0x924fa68a0fc644485b8df8abfa0a41c2e7744444,币安人生,0.0,0.0,,1,False,inactive,2026-07-14,2026-07-26,0.7556499970663227,0.6517608568100897,True
2026-07-14,block-4,bnb,0x924fa68a0fc644485b8df8abfa0a41c2e7744444,币安人生,0.0,0.0,,2,False,inactive,2026-07-15,2026-07-27,0.7280526728793136,0.6342994255610314,True
2026-07-15,block-4,bnb,0x924fa68a0fc644485b8df8abfa0a41c2e7744444,币安人生,0.0,0.0,,1,False,inactive,2026-07-16,2026-07-28,0.7207196922593005,0.6305333183313161,True
2026-07-16,block-4,bnb,0x924fa68a0fc644485b8df8abfa0a41c2e7744444,币安人生,-19.242747649897584,0.0,,-1,False,inactive,2026-07-17,2026-07-29,0.7026527934695177,0.6325621605734568,True
2026-07-17,block-4,bnb,0x924fa68a0fc644485b8df8abfa0a41c2e7744444,币安人生,-19.242747649897584,0.0,,-1,False,inactive,2026-07-18,2026-07-30,0.6882831272198573,0.6468075478817324,True
2026-07-18,block-4,bnb,0x924fa68a0fc644485b8df8abfa0a41c2e7744444,币安人生,-18.89221569365056,0.25,0.0,-1,False,inactive,2026-07-19,2026-07-31,0.6700661169762093,0.6374595155688594,True
2026-07-19,block-4,bnb,0x924fa68a0fc644485b8df8abfa0a41c2e7744444,币安人生,-18.834112530322155,0.5,0.0,-2,False,inactive,2026-07-20,2026-08-01,0.6295383679900747,0.6134499992439172,True
2026-07-20,block-4,bnb,0x924fa68a0fc644485b8df8abfa0a41c2e7744444,币安人生,0.5536206549656031,0.75,1.0,0,True,holder-breadth-nonpositive-daily-v1,2026-07-21,2026-08-02,0.6031957507972407,0.5722689445054527,True
2026-07-21,block-4,bnb,0x924fa68a0fc644485b8df8abfa0a41c2e7744444,币安人生,0.553620650831177,0.75,0.9999999925320323,0,True,holder-breadth-nonpositive-daily-v1,2026-07-22,2026-08-03,0.6085653795196533,0.5776159647926485,True
2026-07-22,block-4,bnb,0x924fa68a0fc644485b8df8abfa0a41c2e7744444,币安人生,-0.4355613656026769,0.5,0.0,-2,False,inactive,2026-07-23,2026-08-04,0.683990395745815,0.5244600069266686,True
2026-07-23,block-4,bnb,0x924fa68a0fc644485b8df8abfa0a41c2e7744444,币安人生,-0.47410356803727627,0.5,0.0,-1,False,inactive,2026-07-24,2026-08-05,0.63577419361843,0.5252382655874813,True
2026-07-24,block-4,bnb,0x924fa68a0fc644485b8df8abfa0a41c2e7744444,币安人生,-0.5212333136287772,0.25,0.0,-1,False,inactive,2026-07-25,2026-08-06,0.6204197928808247,0.5473693986142998,True
2026-07-25,block-4,bnb,0x924fa68a0fc644485b8df8abfa0a41c2e7744444,币安人生,-0.5212333095385491,0.25,0.0,0,False,inactive,2026-07-26,2026-08-07,0.6517608568100897,0.5085569280639485,True
2026-07-26,block-4,bnb,0x924fa68a0fc644485b8df8abfa0a41c2e7744444,币安人生,0.03267402479734116,0.25,0.9931787821566954,-1,False,inactive,2026-07-27,2026-08-08,0.6342994255610314,0.5247465155193999,True
2026-07-27,block-4,bnb,0x924fa68a0fc644485b8df8abfa0a41c2e7744444,币安人生,-0.0002243335703089322,0.0,,-1,False,inactive,2026-07-28,2026-08-09,0.6305333183313161,0.5149625392112167,True
2026-06-02,block-1,bnb,0xd82544bf0dfe8385ef8fa34d67e6e4940cc63e16,MYX,10.231421057296174,0.75,0.9959683735853706,0,True,holder-breadth-nonpositive-daily-v1,2026-06-03,2026-06-15,0.2880789578524416,0.16667269513707259,True
2026-06-03,block-1,bnb,0xd82544bf0dfe8385ef8fa34d67e6e4940cc63e16,MYX,-8.018525030980294,0.5,0.0,0,False,inactive,2026-06-04,2026-06-16,0.25536585125423794,0.16260835024838108,True
2026-06-04,block-1,bnb,0xd82544bf0dfe8385ef8fa34d67e6e4940cc63e16,MYX,-22.48213697032687,0.25,0.0,-1,False,inactive,2026-06-05,2026-06-17,0.22179130642218506,0.14584015851273732,True
2026-06-05,block-1,bnb,0xd82544bf0dfe8385ef8fa34d67e6e4940cc63e16,MYX,-22.76867878536598,0.25,0.0,-1,False,inactive,2026-06-06,2026-06-18,0.22670653600386728,0.13483240823032527,True
2026-06-06,block-1,bnb,0xd82544bf0dfe8385ef8fa34d67e6e4940cc63e16,MYX,-22.80445819539346,0.0,,-2,False,inactive,2026-06-07,2026-06-19,0.25449067218159754,0.14604763132526105,True
2026-06-07,block-1,bnb,0xd82544bf0dfe8385ef8fa34d67e6e4940cc63e16,MYX,-11.466201012006094,0.0,,-2,False,inactive,2026-06-08,2026-06-20,0.265969423431035,0.12115300552153327,True
2026-06-08,block-1,bnb,0xd82544bf0dfe8385ef8fa34d67e6e4940cc63e16,MYX,-0.5292976510198999,0.0,,-1,False,inactive,2026-06-09,2026-06-21,0.23462725555669997,0.11042126132512321,True
2026-06-09,block-1,bnb,0xd82544bf0dfe8385ef8fa34d67e6e4940cc63e16,MYX,-0.08598068676793913,0.25,0.0,0,False,inactive,2026-06-10,2026-06-22,0.23157607704841882,0.10805502531510025,True
2026-06-10,block-1,bnb,0xd82544bf0dfe8385ef8fa34d67e6e4940cc63e16,MYX,-0.08598068676793913,0.25,0.0,0,False,inactive,2026-06-11,2026-06-23,0.24324566514498625,0.10181200924896969,True
2026-06-11,block-1,bnb,0xd82544bf0dfe8385ef8fa34d67e6e4940cc63e16,MYX,-99.93979577983875,0.25,0.0,-3,False,inactive,2026-06-12,2026-06-24,0.20139774499450086,0.08985296713942666,True
2026-06-12,block-1,bnb,0xd82544bf0dfe8385ef8fa34d67e6e4940cc63e16,MYX,-99.9397218097298,0.25,0.0,-3,False,inactive,2026-06-13,2026-06-25,0.18130242218201986,0.07735929589350053,True
2026-06-13,block-1,bnb,0xd82544bf0dfe8385ef8fa34d67e6e4940cc63e16,MYX,-99.93972590341363,0.25,0.0,-2,False,inactive,2026-06-14,2026-06-26,0.17302280331918904,0.07918745495309411,True
2026-06-14,block-1,bnb,0xd82544bf0dfe8385ef8fa34d67e6e4940cc63e16,MYX,-99.93972590340483,0.5,0.0,-1,False,inactive,2026-06-15,2026-06-27,0.16667269513707259,0.10945780620105873,True
2026-06-15,block-1,bnb,0xd82544bf0dfe8385ef8fa34d67e6e4940cc63e16,MYX,-0.07075474537137083,0.5,0.0,1,False,inactive,2026-06-16,2026-06-28,0.16260835024838108,0.08970540754933584,True
2026-06-16,block-2,bnb,0xd82544bf0dfe8385ef8fa34d67e6e4940cc63e16,MYX,0.02998519320087656,0.75,0.22937588812622198,2,False,inactive,2026-06-17,2026-06-29,0.14584015851273732,0.10272778425040226,True
2026-06-17,block-2,bnb,0xd82544bf0dfe8385ef8fa34d67e6e4940cc63e16,MYX,1.4622991706403354e-08,0.5,1.451994438131138e-07,1,False,inactive,2026-06-18,2026-06-30,0.13483240823032527,0.0902609591864912,True
2026-06-18,block-2,bnb,0xd82544bf0dfe8385ef8fa34d67e6e4940cc63e16,MYX,0.0,0.25,0.0,0,False,inactive,2026-06-19,2026-07-01,0.14604763132526105,0.0901753407550355,True
2026-06-19,block-2,bnb,0xd82544bf0dfe8385ef8fa34d67e6e4940cc63e16,MYX,0.10081126732774948,0.25,1.0,1,False,inactive,2026-06-20,2026-07-02,0.12115300552153327,0.08566664361279082,True
2026-06-20,block-2,bnb,0xd82544bf0dfe8385ef8fa34d67e6e4940cc63e16,MYX,-0.02751416699746656,0.0,,0,False,inactive,2026-06-21,2026-07-03,0.11042126132512321,0.08466729955687742,True
2026-06-21,block-2,bnb,0xd82544bf0dfe8385ef8fa34d67e6e4940cc63e16,MYX,-0.02751416699746656,0.0,,0,False,inactive,2026-06-22,2026-07-04,0.10805502531510025,0.07972431447456607,True
2026-06-22,block-2,bnb,0xd82544bf0dfe8385ef8fa34d67e6e4940cc63e16,MYX,0.02970215381123964,0.25,0.5191203032880255,1,False,inactive,2026-06-23,2026-07-05,0.10181200924896969,0.08330973687563704,True
2026-06-23,block-2,bnb,0xd82544bf0dfe8385ef8fa34d67e6e4940cc63e16,MYX,0.02970215381123964,0.25,0.5191203032880255,1,False,inactive,2026-06-24,2026-07-06,0.08985296713942666,0.08597667493617786,True
2026-06-24,block-2,bnb,0xd82544bf0dfe8385ef8fa34d67e6e4940cc63e16,MYX,0.05414544148347744,0.25,0.9460682380689545,-1,False,inactive,2026-06-25,2026-07-07,0.07735929589350053,0.07527598354141252,True
2026-06-25,block-2,bnb,0xd82544bf0dfe8385ef8fa34d67e6e4940cc63e16,MYX,0.05414544148347744,0.25,0.9460682380689545,-1,False,inactive,2026-06-26,2026-07-08,0.07918745495309411,0.07008968689980773,True
2026-06-26,block-2,bnb,0xd82544bf0dfe8385ef8fa34d67e6e4940cc63e16,MYX,-0.003084860722346594,0.0,,-2,False,inactive,2026-06-27,2026-07-09,0.10945780620105873,0.07604357474532183,True
2026-06-27,block-2,bnb,0xd82544bf0dfe8385ef8fa34d67e6e4940cc63e16,MYX,-0.003084860722346594,0.0,,-2,False,inactive,2026-06-28,2026-07-10,0.08970540754933584,0.07380306139244903,True
2026-06-28,block-2,bnb,0xd82544bf0dfe8385ef8fa34d67e6e4940cc63e16,MYX,0.0,0.0,,0,False,inactive,2026-06-29,2026-07-11,0.10272778425040226,0.07576054132517554,True
2026-06-29,block-2,bnb,0xd82544bf0dfe8385ef8fa34d67e6e4940cc63e16,MYX,0.0,0.0,,0,False,inactive,2026-06-30,2026-07-12,0.0902609591864912,0.07106181562636495,True
2026-06-30,block-3,bnb,0xd82544bf0dfe8385ef8fa34d67e6e4940cc63e16,MYX,-1.4619105925817166e-08,0.0,,-1,False,inactive,2026-07-01,2026-07-13,0.0901753407550355,0.06832479572966266,True
2026-07-01,block-3,bnb,0xd82544bf0dfe8385ef8fa34d67e6e4940cc63e16,MYX,0.0033560834612478274,0.25,0.9999956440160531,0,False,inactive,2026-07-02,2026-07-14,0.08566664361279082,0.07063761948700269,True
2026-07-02,block-3,bnb,0xd82544bf0dfe8385ef8fa34d67e6e4940cc63e16,MYX,0.0033560834612478274,0.25,0.9999956440160531,0,False,inactive,2026-07-03,2026-07-15,0.08466729955687742,0.07292907001408919,True
2026-07-03,block-3,bnb,0xd82544bf0dfe8385ef8fa34d67e6e4940cc63e16,MYX,0.0033560834612478274,0.25,0.9999956440160531,0,False,inactive,2026-07-04,2026-07-16,0.07972431447456607,0.07761041227819393,True
2026-07-04,block-3,bnb,0xd82544bf0dfe8385ef8fa34d67e6e4940cc63e16,MYX,2049.3246954827964,0.5,1.0,2,True,holder-breadth-positive-daily-v1,2026-07-05,2026-07-17,0.08330973687563704,0.07411453191633674,True
2026-07-05,block-3,bnb,0xd82544bf0dfe8385ef8fa34d67e6e4940cc63e16,MYX,2049.255025744156,0.5,1.0,2,True,holder-breadth-positive-daily-v1,2026-07-06,2026-07-18,0.08597667493617786,0.07650232182529856,True
2026-07-06,block-3,bnb,0xd82544bf0dfe8385ef8fa34d67e6e4940cc63e16,MYX,2049.255025744156,0.5,1.0,2,True,holder-breadth-positive-daily-v1,2026-07-07,2026-07-19,0.07527598354141252,0.07561632015495479,True
2026-07-07,block-3,bnb,0xd82544bf0dfe8385ef8fa34d67e6e4940cc63e16,MYX,2049.154346180635,0.5,0.9999508701639104,1,True,holder-breadth-positive-daily-v1,2026-07-08,2026-07-20,0.07008968689980773,0.08061271752021808,True
2026-07-08,block-3,bnb,0xd82544bf0dfe8385ef8fa34d67e6e4940cc63e16,MYX,-0.004569880697935513,0.25,0.0,0,False,inactive,2026-07-09,2026-07-21,0.07604357474532183,0.08315366661955474,True
2026-07-09,block-3,bnb,0xd82544bf0dfe8385ef8fa34d67e6e4940cc63e16,MYX,-0.004684393537046638,0.0,,-1,False,inactive,2026-07-10,2026-07-22,0.07380306139244903,0.07992148872013187,True
2026-07-10,block-3,bnb,0xd82544bf0dfe8385ef8fa34d67e6e4940cc63e16,MYX,-0.004840539988282266,0.0,,-2,False,inactive,2026-07-11,2026-07-23,0.07576054132517554,0.07560454640778282,True
2026-07-11,block-3,bnb,0xd82544bf0dfe8385ef8fa34d67e6e4940cc63e16,MYX,-0.00015615376608435483,0.0,,-1,False,inactive,2026-07-12,2026-07-24,0.07106181562636495,0.07853210501970094,True
2026-07-12,block-3,bnb,0xd82544bf0dfe8385ef8fa34d67e6e4940cc63e16,MYX,-0.00015615376608435483,0.0,,-1,False,inactive,2026-07-13,2026-07-25,0.06832479572966266,0.07735208763887849,True
2026-07-13,block-3,bnb,0xd82544bf0dfe8385ef8fa34d67e6e4940cc63e16,MYX,-0.00015615376608435483,0.0,,-1,False,inactive,2026-07-14,2026-07-26,0.07063761948700269,0.07580533107838386,True
2026-07-14,block-4,bnb,0xd82544bf0dfe8385ef8fa34d67e6e4940cc63e16,MYX,-0.00011452361601271832,0.0,,-1,False,inactive,2026-07-15,2026-07-27,0.07292907001408919,0.06826986713737078,True
2026-07-15,block-4,bnb,0xd82544bf0dfe8385ef8fa34d67e6e4940cc63e16,MYX,-0.00011452361601271832,0.0,,-1,False,inactive,2026-07-16,2026-07-28,0.07761041227819393,0.06696165456021151,True
2026-07-16,block-4,bnb,0xd82544bf0dfe8385ef8fa34d67e6e4940cc63e16,MYX,-0.00011452361601271832,0.0,,-1,False,inactive,2026-07-17,2026-07-29,0.07411453191633674,0.06560350231417104,True
2026-07-17,block-4,bnb,0xd82544bf0dfe8385ef8fa34d67e6e4940cc63e16,MYX,-0.00011452361601271832,0.0,,-1,False,inactive,2026-07-18,2026-07-30,0.07650232182529856,0.07113127331223894,True
2026-07-18,block-4,bnb,0xd82544bf0dfe8385ef8fa34d67e6e4940cc63e16,MYX,0.0,0.0,,0,False,inactive,2026-07-19,2026-07-31,0.07561632015495479,0.06820658475325525,True
2026-07-19,block-4,bnb,0xd82544bf0dfe8385ef8fa34d67e6e4940cc63e16,MYX,-95.3518352451096,0.0,,-1,False,inactive,2026-07-20,2026-08-01,0.08061271752021808,0.07305292064131418,True
2026-07-20,block-4,bnb,0xd82544bf0dfe8385ef8fa34d67e6e4940cc63e16,MYX,-95.3518352451096,0.0,,-1,False,inactive,2026-07-21,2026-08-02,0.08315366661955474,0.07370672021473297,True
2026-07-21,block-4,bnb,0xd82544bf0dfe8385ef8fa34d67e6e4940cc63e16,MYX,-95.3518352451096,0.0,,-1,False,inactive,2026-07-22,2026-08-03,0.07992148872013187,0.08136757751150879,True
2026-07-22,block-4,bnb,0xd82544bf0dfe8385ef8fa34d67e6e4940cc63e16,MYX,-95.35449672594855,0.0,,-2,False,inactive,2026-07-23,2026-08-04,0.07560454640778282,0.07892213540745438,True
2026-07-23,block-4,bnb,0xd82544bf0dfe8385ef8fa34d67e6e4940cc63e16,MYX,-0.05725874574783463,0.0,,-1,False,inactive,2026-07-24,2026-08-05,0.07853210501970094,0.08205720163019715,True
2026-07-24,block-4,bnb,0xd82544bf0dfe8385ef8fa34d67e6e4940cc63e16,MYX,-0.05725874574783463,0.0,,-1,False,inactive,2026-07-25,2026-08-06,0.07735208763887849,0.07438397401081812,True
2026-07-25,block-4,bnb,0xd82544bf0dfe8385ef8fa34d67e6e4940cc63e16,MYX,-0.05725874574783463,0.0,,0,False,inactive,2026-07-26,2026-08-07,0.07580533107838386,0.07246208698881366,True
2026-07-26,block-4,bnb,0xd82544bf0dfe8385ef8fa34d67e6e4940cc63e16,MYX,875.150879177173,0.25,1.0,2,False,inactive,2026-07-27,2026-08-08,0.06826986713737078,0.07511612121236247,True
2026-07-27,block-4,bnb,0xd82544bf0dfe8385ef8fa34d67e6e4940cc63e16,MYX,875.150879177173,0.25,1.0,2,False,inactive,2026-07-28,2026-08-09,0.06696165456021151,0.07411693287750583,True
2026-06-02,block-1,ethereum,0x199e2cfaf8b4f2cc5423971ef3749d1c89cf815c,OPAL,7.340963549833868,0.25,1.0,-1,False,inactive,2026-06-03,2026-06-15,0.10923428428203007,0.1319615107236836,True
2026-06-03,block-1,ethereum,0x199e2cfaf8b4f2cc5423971ef3749d1c89cf815c,OPAL,12.130715636138634,0.5,1.0,-1,True,holder-breadth-nonpositive-daily-v1,2026-06-04,2026-06-16,0.11569891152769715,0.12002440264403512,True
2026-06-04,block-1,ethereum,0x199e2cfaf8b4f2cc5423971ef3749d1c89cf815c,OPAL,4.4621847316295815,0.25,1.0,-1,False,inactive,2026-06-05,2026-06-17,0.10392335320654236,0.11039888279172659,True
2026-06-05,block-1,ethereum,0x199e2cfaf8b4f2cc5423971ef3749d1c89cf815c,OPAL,4.4621847316295815,0.25,1.0,0,False,inactive,2026-06-06,2026-06-18,0.10270138253128198,0.10678436731889625,True
2026-06-06,block-1,ethereum,0x199e2cfaf8b4f2cc5423971ef3749d1c89cf815c,OPAL,4.4621847316295815,0.25,1.0,0,False,inactive,2026-06-07,2026-06-19,0.1132058444816708,0.09828967837619132,True
2026-06-07,block-1,ethereum,0x199e2cfaf8b4f2cc5423971ef3749d1c89cf815c,OPAL,6.938270207113528,0.25,1.0,0,False,inactive,2026-06-08,2026-06-20,0.11327288017388067,0.10045812102882741,True
2026-06-08,block-1,ethereum,0x199e2cfaf8b4f2cc5423971ef3749d1c89cf815c,OPAL,6.938270207113528,0.25,1.0,0,False,inactive,2026-06-09,2026-06-21,0.10589773555803947,0.09999171174184943,True
2026-06-09,block-1,ethereum,0x199e2cfaf8b4f2cc5423971ef3749d1c89cf815c,OPAL,6.938270207113528,0.25,1.0,0,False,inactive,2026-06-10,2026-06-22,0.11343841323210585,0.10339045258593192,True
2026-06-10,block-1,ethereum,0x199e2cfaf8b4f2cc5423971ef3749d1c89cf815c,OPAL,6.938270207113528,0.25,1.0,0,False,inactive,2026-06-11,2026-06-23,0.12123676413309255,0.09644642750842712,True
2026-06-11,block-1,ethereum,0x199e2cfaf8b4f2cc5423971ef3749d1c89cf815c,OPAL,2.180136786668463,0.25,1.0,0,False,inactive,2026-06-12,2026-06-24,0.12022321840670762,0.13729140703407208,True
2026-06-12,block-1,ethereum,0x199e2cfaf8b4f2cc5423971ef3749d1c89cf815c,OPAL,2.180136786668463,0.25,1.0,0,False,inactive,2026-06-13,2026-06-25,0.11836136661422397,0.1830606189680639,True
2026-06-13,block-1,ethereum,0x199e2cfaf8b4f2cc5423971ef3749d1c89cf815c,OPAL,-10.909205793505016,0.25,0.0,0,False,inactive,2026-06-14,2026-06-26,0.12877241248986612,0.25217576672874087,True
2026-06-14,block-1,ethereum,0x199e2cfaf8b4f2cc5423971ef3749d1c89cf815c,OPAL,-10.909205793505016,0.25,0.0,0,False,inactive,2026-06-15,2026-06-27,0.1319615107236836,0.22895316393163861,True
2026-06-15,block-1,ethereum,0x199e2cfaf8b4f2cc5423971ef3749d1c89cf815c,OPAL,-12.810065627041956,0.0,,0,False,inactive,2026-06-16,2026-06-28,0.12002440264403512,0.21436622957142903,True
2026-06-16,block-2,ethereum,0x199e2cfaf8b4f2cc5423971ef3749d1c89cf815c,OPAL,-40.00701653129265,0.0,,0,False,inactive,2026-06-17,2026-06-29,0.11039888279172659,0.2388629959320986,True
2026-06-17,block-2,ethereum,0x199e2cfaf8b4f2cc5423971ef3749d1c89cf815c,OPAL,-31.192764508704375,0.0,,0,False,inactive,2026-06-18,2026-06-30,0.10678436731889625,0.22705815568709886,True
2026-06-18,block-2,ethereum,0x199e2cfaf8b4f2cc5423971ef3749d1c89cf815c,OPAL,-43.71565870522262,0.0,,0,False,inactive,2026-06-19,2026-07-01,0.09828967837619132,0.19526913297015633,True
2026-06-19,block-2,ethereum,0x199e2cfaf8b4f2cc5423971ef3749d1c89cf815c,OPAL,-53.10782935261131,0.0,,0,False,inactive,2026-06-20,2026-07-02,0.10045812102882741,0.21361025270745285,True
2026-06-20,block-2,ethereum,0x199e2cfaf8b4f2cc5423971ef3749d1c89cf815c,OPAL,-31.84994236061014,0.0,,0,False,inactive,2026-06-21,2026-07-03,0.09999171174184943,0.19357235091233482,True
2026-06-21,block-2,ethereum,0x199e2cfaf8b4f2cc5423971ef3749d1c89cf815c,OPAL,-72.79986825282316,0.0,,-1,False,inactive,2026-06-22,2026-07-04,0.10339045258593192,0.1743228954694061,True
2026-06-22,block-2,ethereum,0x199e2cfaf8b4f2cc5423971ef3749d1c89cf815c,OPAL,-66.74801858797048,0.0,,-1,False,inactive,2026-06-23,2026-07-05,0.09644642750842712,0.15420026476231724,True
2026-06-23,block-2,ethereum,0x199e2cfaf8b4f2cc5423971ef3749d1c89cf815c,OPAL,-60.087881523000355,0.0,,-1,False,inactive,2026-06-24,2026-07-06,0.13729140703407208,0.17924129729706686,True
2026-06-24,block-2,ethereum,0x199e2cfaf8b4f2cc5423971ef3749d1c89cf815c,OPAL,,,,,False,inactive,2026-06-25,2026-07-07,0.1830606189680639,0.19061743390261474,True
2026-06-25,block-2,ethereum,0x199e2cfaf8b4f2cc5423971ef3749d1c89cf815c,OPAL,,,,,False,inactive,2026-06-26,2026-07-08,0.25217576672874087,0.12591435221752556,True
2026-06-26,block-2,ethereum,0x199e2cfaf8b4f2cc5423971ef3749d1c89cf815c,OPAL,,,,,False,inactive,2026-06-27,2026-07-09,0.22895316393163861,0.11943703072035282,True
2026-06-27,block-2,ethereum,0x199e2cfaf8b4f2cc5423971ef3749d1c89cf815c,OPAL,,,,,False,inactive,2026-06-28,2026-07-10,0.21436622957142903,0.11440978579111008,True
2026-06-28,block-2,ethereum,0x199e2cfaf8b4f2cc5423971ef3749d1c89cf815c,OPAL,,,,,False,inactive,2026-06-29,2026-07-11,0.2388629959320986,0.10584902542273884,True
2026-06-29,block-2,ethereum,0x199e2cfaf8b4f2cc5423971ef3749d1c89cf815c,OPAL,336.04738950316664,0.25,1.0,1,False,inactive,2026-06-30,2026-07-12,0.22705815568709886,0.10360816962677236,True
2026-06-30,block-3,ethereum,0x199e2cfaf8b4f2cc5423971ef3749d1c89cf815c,OPAL,336.04738950316664,0.25,1.0,1,False,inactive,2026-07-01,2026-07-13,0.19526913297015633,0.10137141915637006,True
2026-07-01,block-3,ethereum,0x199e2cfaf8b4f2cc5423971ef3749d1c89cf815c,OPAL,336.04738950316664,0.25,1.0,1,False,inactive,2026-07-02,2026-07-14,0.21361025270745285,0.12286854118474791,True
2026-07-02,block-3,ethereum,0x199e2cfaf8b4f2cc5423971ef3749d1c89cf815c,OPAL,0.0,0.0,,0,False,inactive,2026-07-03,2026-07-15,0.19357235091233482,0.12050970221491779,True
2026-07-03,block-3,ethereum,0x199e2cfaf8b4f2cc5423971ef3749d1c89cf815c,OPAL,0.0,0.0,,0,False,inactive,2026-07-04,2026-07-16,0.1743228954694061,0.11611308961195453,True
2026-07-04,block-3,ethereum,0x199e2cfaf8b4f2cc5423971ef3749d1c89cf815c,OPAL,0.0,0.0,,0,False,inactive,2026-07-05,2026-07-17,0.15420026476231724,0.11531911461862493,True
2026-07-05,block-3,ethereum,0x199e2cfaf8b4f2cc5423971ef3749d1c89cf815c,OPAL,-77.06671283735004,0.0,,-1,False,inactive,2026-07-06,2026-07-18,0.17924129729706686,0.11671971039087595,True
2026-07-06,block-3,ethereum,0x199e2cfaf8b4f2cc5423971ef3749d1c89cf815c,OPAL,-77.06671283735004,0.0,,-1,False,inactive,2026-07-07,2026-07-19,0.19061743390261474,0.11702122851265649,True
2026-07-07,block-3,ethereum,0x199e2cfaf8b4f2cc5423971ef3749d1c89cf815c,OPAL,1412.573468025016,0.25,0.9482648804540601,0,False,inactive,2026-07-08,2026-07-20,0.12591435221752556,0.11837795247229865,True
2026-07-08,block-3,ethereum,0x199e2cfaf8b4f2cc5423971ef3749d1c89cf815c,OPAL,-77.06671283735004,0.25,0.0,-1,False,inactive,2026-07-09,2026-07-21,0.11943703072035282,0.12065564092144189,True
2026-07-09,block-3,ethereum,0x199e2cfaf8b4f2cc5423971ef3749d1c89cf815c,OPAL,0.0,0.25,0.0,0,False,inactive,2026-07-10,2026-07-22,0.11440978579111008,0.11708661582448293,True
2026-07-10,block-3,ethereum,0x199e2cfaf8b4f2cc5423971ef3749d1c89cf815c,OPAL,0.0,0.25,0.0,0,False,inactive,2026-07-11,2026-07-23,0.10584902542273884,0.11559989047612348,True
2026-07-11,block-3,ethereum,0x199e2cfaf8b4f2cc5423971ef3749d1c89cf815c,OPAL,-98.48382325569982,0.0,,-1,False,inactive,2026-07-12,2026-07-24,0.10360816962677236,0.11017118173723196,True
2026-07-12,block-3,ethereum,0x199e2cfaf8b4f2cc5423971ef3749d1c89cf815c,OPAL,0.0,0.0,,0,False,inactive,2026-07-13,2026-07-25,0.10137141915637006,0.10889984485391753,True
2026-07-13,block-3,ethereum,0x199e2cfaf8b4f2cc5423971ef3749d1c89cf815c,OPAL,0.0,0.0,,0,False,inactive,2026-07-14,2026-07-26,0.12286854118474791,0.10645925387714505,True
2026-07-14,block-4,ethereum,0x199e2cfaf8b4f2cc5423971ef3749d1c89cf815c,OPAL,0.0,0.0,,0,False,inactive,2026-07-15,2026-07-27,0.12050970221491779,0.10342731428229845,True
2026-07-15,block-4,ethereum,0x199e2cfaf8b4f2cc5423971ef3749d1c89cf815c,OPAL,0.0,0.0,,0,False,inactive,2026-07-16,2026-07-28,0.11611308961195453,0.1052919624799115,True
2026-07-16,block-4,ethereum,0x199e2cfaf8b4f2cc5423971ef3749d1c89cf815c,OPAL,0.0,0.0,,0,False,inactive,2026-07-17,2026-07-29,0.11531911461862493,0.10443463055885818,True
2026-07-17,block-4,ethereum,0x199e2cfaf8b4f2cc5423971ef3749d1c89cf815c,OPAL,0.0,0.0,,0,False,inactive,2026-07-18,2026-07-30,0.11671971039087595,0.10314140753282373,True
2026-07-18,block-4,ethereum,0x199e2cfaf8b4f2cc5423971ef3749d1c89cf815c,OPAL,0.0,0.0,,0,False,inactive,2026-07-19,2026-07-31,0.11702122851265649,0.10089009742594049,True
2026-07-19,block-4,ethereum,0x199e2cfaf8b4f2cc5423971ef3749d1c89cf815c,OPAL,,,,,False,inactive,2026-07-20,2026-08-01,0.11837795247229865,0.10223615391336477,True
2026-07-20,block-4,ethereum,0x199e2cfaf8b4f2cc5423971ef3749d1c89cf815c,OPAL,,,,,False,inactive,2026-07-21,2026-08-02,0.12065564092144189,0.10357003642469179,True
2026-07-21,block-4,ethereum,0x199e2cfaf8b4f2cc5423971ef3749d1c89cf815c,OPAL,,,,,False,inactive,2026-07-22,2026-08-03,0.11708661582448293,0.10152011257758536,True
2026-07-22,block-4,ethereum,0x199e2cfaf8b4f2cc5423971ef3749d1c89cf815c,OPAL,,,,,False,inactive,2026-07-23,2026-08-04,0.11559989047612348,0.10260977626369552,True
2026-07-23,block-4,ethereum,0x199e2cfaf8b4f2cc5423971ef3749d1c89cf815c,OPAL,,,,,False,inactive,2026-07-24,2026-08-05,0.11017118173723196,0.10480461816265876,True
2026-07-24,block-4,ethereum,0x199e2cfaf8b4f2cc5423971ef3749d1c89cf815c,OPAL,,,,,False,inactive,2026-07-25,2026-08-06,0.10889984485391753,0.10621745385691778,True
2026-07-25,block-4,ethereum,0x199e2cfaf8b4f2cc5423971ef3749d1c89cf815c,OPAL,,,,,False,inactive,2026-07-26,2026-08-07,0.10645925387714505,0.10757021186616093,True
2026-07-26,block-4,ethereum,0x199e2cfaf8b4f2cc5423971ef3749d1c89cf815c,OPAL,0.0,0.0,,0,False,inactive,2026-07-27,2026-08-08,0.10342731428229845,0.10718951389204838,True
2026-07-27,block-4,ethereum,0x199e2cfaf8b4f2cc5423971ef3749d1c89cf815c,OPAL,0.0,0.0,,0,False,inactive,2026-07-28,2026-08-09,0.1052919624799115,0.10711087678596777,True
2026-06-02,block-1,ethereum,0xab5eb14c09d416f0ac63661e57edb7aecdb9befa,MSUSD,,,,,False,inactive,2026-06-03,2026-06-15,0.9960362904683653,0.9977638084910909,True
2026-06-03,block-1,ethereum,0xab5eb14c09d416f0ac63661e57edb7aecdb9befa,MSUSD,,,,,False,inactive,2026-06-04,2026-06-16,0.996088687607254,0.9954288607302875,True
2026-06-04,block-1,ethereum,0xab5eb14c09d416f0ac63661e57edb7aecdb9befa,MSUSD,,,,,False,inactive,2026-06-05,2026-06-17,0.9966400744454849,0.9959925710352855,True
2026-06-05,block-1,ethereum,0xab5eb14c09d416f0ac63661e57edb7aecdb9befa,MSUSD,,,,,False,inactive,2026-06-06,2026-06-18,0.9971228952078678,0.9956573584144925,True
2026-06-06,block-1,ethereum,0xab5eb14c09d416f0ac63661e57edb7aecdb9befa,MSUSD,,,,,False,inactive,2026-06-07,2026-06-19,0.9967017840110781,0.9960880256791672,True
2026-06-07,block-1,ethereum,0xab5eb14c09d416f0ac63661e57edb7aecdb9befa,MSUSD,,,,,False,inactive,2026-06-08,2026-06-20,0.9959991565706297,0.9961425608973487,True
2026-06-08,block-1,ethereum,0xab5eb14c09d416f0ac63661e57edb7aecdb9befa,MSUSD,,,,,False,inactive,2026-06-09,2026-06-21,0.9953681664674855,0.9959703059237485,True
2026-06-09,block-1,ethereum,0xab5eb14c09d416f0ac63661e57edb7aecdb9befa,MSUSD,,,,,False,inactive,2026-06-10,2026-06-22,0.996402966418908,0.9961972321848149,True
2026-06-10,block-1,ethereum,0xab5eb14c09d416f0ac63661e57edb7aecdb9befa,MSUSD,,,,,False,inactive,2026-06-11,2026-06-23,0.9982864152551765,0.9954349235540377,True
2026-06-11,block-1,ethereum,0xab5eb14c09d416f0ac63661e57edb7aecdb9befa,MSUSD,,,,,False,inactive,2026-06-12,2026-06-24,0.9975769838808765,0.9968789735565458,True
2026-06-12,block-1,ethereum,0xab5eb14c09d416f0ac63661e57edb7aecdb9befa,MSUSD,,,,,False,inactive,2026-06-13,2026-06-25,0.9983132967869971,0.9958702663497204,True
2026-06-13,block-1,ethereum,0xab5eb14c09d416f0ac63661e57edb7aecdb9befa,MSUSD,,,,,False,inactive,2026-06-14,2026-06-26,0.9971501537543042,0.9958930298705714,True
2026-06-14,block-1,ethereum,0xab5eb14c09d416f0ac63661e57edb7aecdb9befa,MSUSD,,,,,False,inactive,2026-06-15,2026-06-27,0.9977638084910909,0.9952517853686391,True
2026-06-15,block-1,ethereum,0xab5eb14c09d416f0ac63661e57edb7aecdb9befa,MSUSD,,,,,False,inactive,2026-06-16,2026-06-28,0.9954288607302875,0.9958637888980159,True
2026-06-16,block-2,ethereum,0xab5eb14c09d416f0ac63661e57edb7aecdb9befa,MSUSD,,,,,False,inactive,2026-06-17,2026-06-29,0.9959925710352855,0.9962986302969666,True
2026-06-17,block-2,ethereum,0xab5eb14c09d416f0ac63661e57edb7aecdb9befa,MSUSD,,,,,False,inactive,2026-06-18,2026-06-30,0.9956573584144925,0.9957829555066077,True
2026-06-18,block-2,ethereum,0xab5eb14c09d416f0ac63661e57edb7aecdb9befa,MSUSD,,,,,False,inactive,2026-06-19,2026-07-01,0.9960880256791672,0.9964075337308279,True
2026-06-19,block-2,ethereum,0xab5eb14c09d416f0ac63661e57edb7aecdb9befa,MSUSD,,,,,False,inactive,2026-06-20,2026-07-02,0.9961425608973487,0.9967200480900432,True
2026-06-20,block-2,ethereum,0xab5eb14c09d416f0ac63661e57edb7aecdb9befa,MSUSD,,,,,False,inactive,2026-06-21,2026-07-03,0.9959703059237485,0.9971596624382998,True
2026-06-21,block-2,ethereum,0xab5eb14c09d416f0ac63661e57edb7aecdb9befa,MSUSD,,,,,False,inactive,2026-06-22,2026-07-04,0.9961972321848149,0.9963268567389174,True
2026-06-22,block-2,ethereum,0xab5eb14c09d416f0ac63661e57edb7aecdb9befa,MSUSD,,,,,False,inactive,2026-06-23,2026-07-05,0.9954349235540377,0.9959728725855239,True
2026-06-23,block-2,ethereum,0xab5eb14c09d416f0ac63661e57edb7aecdb9befa,MSUSD,,,,,False,inactive,2026-06-24,2026-07-06,0.9968789735565458,0.9965658451342134,True
2026-06-24,block-2,ethereum,0xab5eb14c09d416f0ac63661e57edb7aecdb9befa,MSUSD,0.0,0.0,,0,False,inactive,2026-06-25,2026-07-07,0.9958702663497204,0.9961640438497529,True
2026-06-25,block-2,ethereum,0xab5eb14c09d416f0ac63661e57edb7aecdb9befa,MSUSD,0.0,0.0,,0,False,inactive,2026-06-26,2026-07-08,0.9958930298705714,0.9959974709510608,True
2026-06-26,block-2,ethereum,0xab5eb14c09d416f0ac63661e57edb7aecdb9befa,MSUSD,0.0,0.0,,0,False,inactive,2026-06-27,2026-07-09,0.9952517853686391,0.9957228980915741,True
2026-06-27,block-2,ethereum,0xab5eb14c09d416f0ac63661e57edb7aecdb9befa,MSUSD,0.0,0.0,,0,False,inactive,2026-06-28,2026-07-10,0.9958637888980159,0.9951815175310613,True
2026-06-28,block-2,ethereum,0xab5eb14c09d416f0ac63661e57edb7aecdb9befa,MSUSD,0.0,0.0,,0,False,inactive,2026-06-29,2026-07-11,0.9962986302969666,0.9942163560013577,True
2026-06-29,block-2,ethereum,0xab5eb14c09d416f0ac63661e57edb7aecdb9befa,MSUSD,0.0,0.0,,0,False,inactive,2026-06-30,2026-07-12,0.9957829555066077,0.9939249953885487,True
2026-06-30,block-3,ethereum,0xab5eb14c09d416f0ac63661e57edb7aecdb9befa,MSUSD,0.0,0.0,,0,False,inactive,2026-07-01,2026-07-13,0.9964075337308279,0.9947177935088867,True
2026-07-01,block-3,ethereum,0xab5eb14c09d416f0ac63661e57edb7aecdb9befa,MSUSD,0.0,0.0,,0,False,inactive,2026-07-02,2026-07-14,0.9967200480900432,0.9952950791910873,True
2026-07-02,block-3,ethereum,0xab5eb14c09d416f0ac63661e57edb7aecdb9befa,MSUSD,0.0,0.0,,0,False,inactive,2026-07-03,2026-07-15,0.9971596624382998,0.9944044966414931,True
2026-07-03,block-3,ethereum,0xab5eb14c09d416f0ac63661e57edb7aecdb9befa,MSUSD,0.0,0.0,,0,False,inactive,2026-07-04,2026-07-16,0.9963268567389174,0.9930160850150461,True
2026-07-04,block-3,ethereum,0xab5eb14c09d416f0ac63661e57edb7aecdb9befa,MSUSD,0.0,0.0,,0,False,inactive,2026-07-05,2026-07-17,0.9959728725855239,0.9931737670985091,True
2026-07-05,block-3,ethereum,0xab5eb14c09d416f0ac63661e57edb7aecdb9befa,MSUSD,0.0,0.0,,0,False,inactive,2026-07-06,2026-07-18,0.9965658451342134,0.993994151421497,True
2026-07-06,block-3,ethereum,0xab5eb14c09d416f0ac63661e57edb7aecdb9befa,MSUSD,0.0,0.0,,0,False,inactive,2026-07-07,2026-07-19,0.9961640438497529,0.9938461736113714,True
2026-07-07,block-3,ethereum,0xab5eb14c09d416f0ac63661e57edb7aecdb9befa,MSUSD,,,,,False,inactive,2026-07-08,2026-07-20,0.9959974709510608,0.9939402370249849,True
2026-07-08,block-3,ethereum,0xab5eb14c09d416f0ac63661e57edb7aecdb9befa,MSUSD,,,,,False,inactive,2026-07-09,2026-07-21,0.9957228980915741,0.9941481968732319,True
2026-07-09,block-3,ethereum,0xab5eb14c09d416f0ac63661e57edb7aecdb9befa,MSUSD,,,,,False,inactive,2026-07-10,2026-07-22,0.9951815175310613,0.9923573011650397,True
2026-07-10,block-3,ethereum,0xab5eb14c09d416f0ac63661e57edb7aecdb9befa,MSUSD,,,,,False,inactive,2026-07-11,2026-07-23,0.9942163560013577,0.9822142507420784,True
2026-07-11,block-3,ethereum,0xab5eb14c09d416f0ac63661e57edb7aecdb9befa,MSUSD,,,,,False,inactive,2026-07-12,2026-07-24,0.9939249953885487,0.984263415696292,True
2026-07-12,block-3,ethereum,0xab5eb14c09d416f0ac63661e57edb7aecdb9befa,MSUSD,,,,,False,inactive,2026-07-13,2026-07-25,0.9947177935088867,0.984521683576542,True
2026-07-13,block-3,ethereum,0xab5eb14c09d416f0ac63661e57edb7aecdb9befa,MSUSD,,,,,False,inactive,2026-07-14,2026-07-26,0.9952950791910873,0.9836877757196463,True
2026-07-14,block-4,ethereum,0xab5eb14c09d416f0ac63661e57edb7aecdb9befa,MSUSD,,,,,False,inactive,2026-07-15,2026-07-27,0.9944044966414931,0.9841334812950256,True
2026-07-15,block-4,ethereum,0xab5eb14c09d416f0ac63661e57edb7aecdb9befa,MSUSD,,,,,False,inactive,2026-07-16,2026-07-28,0.9930160850150461,0.9842987147631431,True
2026-07-16,block-4,ethereum,0xab5eb14c09d416f0ac63661e57edb7aecdb9befa,MSUSD,,,,,False,inactive,2026-07-17,2026-07-29,0.9931737670985091,0.9838130951391246,True
2026-07-17,block-4,ethereum,0xab5eb14c09d416f0ac63661e57edb7aecdb9befa,MSUSD,,,,,False,inactive,2026-07-18,2026-07-30,0.993994151421497,0.8146165898394697,True
2026-07-18,block-4,ethereum,0xab5eb14c09d416f0ac63661e57edb7aecdb9befa,MSUSD,,,,,False,inactive,2026-07-19,2026-07-31,0.9938461736113714,0.7375344804627393,True
2026-07-19,block-4,ethereum,0xab5eb14c09d416f0ac63661e57edb7aecdb9befa,MSUSD,,,,,False,inactive,2026-07-20,2026-08-01,0.9939402370249849,0.7202932174356871,True
2026-07-20,block-4,ethereum,0xab5eb14c09d416f0ac63661e57edb7aecdb9befa,MSUSD,,,,,False,inactive,2026-07-21,2026-08-02,0.9941481968732319,0.7343521993150979,True
2026-07-21,block-4,ethereum,0xab5eb14c09d416f0ac63661e57edb7aecdb9befa,MSUSD,,,,,False,inactive,2026-07-22,2026-08-03,0.9923573011650397,0.7076540445236451,True
2026-07-22,block-4,ethereum,0xab5eb14c09d416f0ac63661e57edb7aecdb9befa,MSUSD,,,,,False,inactive,2026-07-23,2026-08-04,0.9822142507420784,0.7079188601942488,True
2026-07-23,block-4,ethereum,0xab5eb14c09d416f0ac63661e57edb7aecdb9befa,MSUSD,,,,,False,inactive,2026-07-24,2026-08-05,0.984263415696292,0.7082214593648268,True
2026-07-24,block-4,ethereum,0xab5eb14c09d416f0ac63661e57edb7aecdb9befa,MSUSD,,,,,False,inactive,2026-07-25,2026-08-06,0.984521683576542,0.7078328281269876,True
2026-07-25,block-4,ethereum,0xab5eb14c09d416f0ac63661e57edb7aecdb9befa,MSUSD,,,,,False,inactive,2026-07-26,2026-08-07,0.9836877757196463,0.6941713694656162,True
2026-07-26,block-4,ethereum,0xab5eb14c09d416f0ac63661e57edb7aecdb9befa,MSUSD,,,,,False,inactive,2026-07-27,2026-08-08,0.9841334812950256,0.6923196818430786,True
2026-07-27,block-4,ethereum,0xab5eb14c09d416f0ac63661e57edb7aecdb9befa,MSUSD,,,,,False,inactive,2026-07-28,2026-08-09,0.9842987147631431,0.6901381734424126,True
2026-06-02,block-1,ethereum,0xd9fcd98c322942075a5c3860693e9f4f03aae07b,EUL,1.9682530954671762,0.25,1.0,2,False,inactive,2026-06-03,2026-06-15,1.067335994234549,1.0332721402532354,True
2026-06-03,block-1,ethereum,0xd9fcd98c322942075a5c3860693e9f4f03aae07b,EUL,1.9682530954671762,0.25,1.0,2,False,inactive,2026-06-04,2026-06-16,0.9614532374440157,0.9970580404877646,True
2026-06-04,block-1,ethereum,0xd9fcd98c322942075a5c3860693e9f4f03aae07b,EUL,1.4657331103580473,0.25,0.7446873137065427,2,False,inactive,2026-06-05,2026-06-17,0.8868960892697446,1.0759921798120724,True
2026-06-05,block-1,ethereum,0xd9fcd98c322942075a5c3860693e9f4f03aae07b,EUL,-0.4928200394280102,0.0,,0,False,inactive,2026-06-06,2026-06-18,0.8563706307002589,1.0255429737391408,True
2026-06-06,block-1,ethereum,0xd9fcd98c322942075a5c3860693e9f4f03aae07b,EUL,-0.4928200394280102,0.0,,0,False,inactive,2026-06-07,2026-06-19,0.8931137386265502,1.0196124419244397,True
2026-06-07,block-1,ethereum,0xd9fcd98c322942075a5c3860693e9f4f03aae07b,EUL,-0.4928200394280102,0.0,,0,False,inactive,2026-06-08,2026-06-20,0.8942555083270652,1.0558538793134575,True
2026-06-08,block-1,ethereum,0xd9fcd98c322942075a5c3860693e9f4f03aae07b,EUL,0.0,0.0,,0,False,inactive,2026-06-09,2026-06-21,0.866573340660221,1.039280160891207,True
2026-06-09,block-1,ethereum,0xd9fcd98c322942075a5c3860693e9f4f03aae07b,EUL,0.0,0.0,,0,False,inactive,2026-06-10,2026-06-22,0.8465796036890056,1.0637566677384052,True
2026-06-10,block-1,ethereum,0xd9fcd98c322942075a5c3860693e9f4f03aae07b,EUL,0.0,0.0,,0,False,inactive,2026-06-11,2026-06-23,0.9054953187708131,1.0114610250935547,True
2026-06-11,block-1,ethereum,0xd9fcd98c322942075a5c3860693e9f4f03aae07b,EUL,0.0,0.0,,0,False,inactive,2026-06-12,2026-06-24,0.9131652538515855,0.9747183918335693,True
2026-06-12,block-1,ethereum,0xd9fcd98c322942075a5c3860693e9f4f03aae07b,EUL,0.0,0.0,,0,False,inactive,2026-06-13,2026-06-25,0.9240320966373269,0.9841117817637783,True
2026-06-13,block-1,ethereum,0xd9fcd98c322942075a5c3860693e9f4f03aae07b,EUL,0.0,0.0,,0,False,inactive,2026-06-14,2026-06-26,1.0199836633602444,1.0161569676272686,True
2026-06-14,block-1,ethereum,0xd9fcd98c322942075a5c3860693e9f4f03aae07b,EUL,0.0,0.0,,0,False,inactive,2026-06-15,2026-06-27,1.0332721402532354,0.9696215883766055,True
2026-06-15,block-1,ethereum,0xd9fcd98c322942075a5c3860693e9f4f03aae07b,EUL,-0.0012979020321601809,0.0,,-1,False,inactive,2026-06-16,2026-06-28,0.9970580404877646,1.006548443679094,True
2026-06-16,block-2,ethereum,0xd9fcd98c322942075a5c3860693e9f4f03aae07b,EUL,-0.7248009377266107,0.0,,-2,False,inactive,2026-06-17,2026-06-29,1.0759921798120724,1.0656460120295173,True
2026-06-17,block-2,ethereum,0xd9fcd98c322942075a5c3860693e9f4f03aae07b,EUL,-0.7248009377266107,0.0,,-2,False,inactive,2026-06-18,2026-06-30,1.0255429737391408,0.9794202806201043,True
2026-06-18,block-2,ethereum,0xd9fcd98c322942075a5c3860693e9f4f03aae07b,EUL,-0.7248009377266107,0.0,,-2,False,inactive,2026-06-19,2026-07-01,1.0196124419244397,1.0322542774311838,True
2026-06-19,block-2,ethereum,0xd9fcd98c322942075a5c3860693e9f4f03aae07b,EUL,-0.723512426176931,0.0,,-1,False,inactive,2026-06-20,2026-07-02,1.0558538793134575,1.0201291678014301,True
2026-06-20,block-2,ethereum,0xd9fcd98c322942075a5c3860693e9f4f03aae07b,EUL,0.0,0.0,,0,False,inactive,2026-06-21,2026-07-03,1.039280160891207,1.064717962689584,True
2026-06-21,block-2,ethereum,0xd9fcd98c322942075a5c3860693e9f4f03aae07b,EUL,0.0,0.0,,0,False,inactive,2026-06-22,2026-07-04,1.0637566677384052,1.066040391486774,True
2026-06-22,block-2,ethereum,0xd9fcd98c322942075a5c3860693e9f4f03aae07b,EUL,0.0,0.0,,0,False,inactive,2026-06-23,2026-07-05,1.0114610250935547,1.0602027496874649,True
2026-06-23,block-2,ethereum,0xd9fcd98c322942075a5c3860693e9f4f03aae07b,EUL,0.0,0.0,,0,False,inactive,2026-06-24,2026-07-06,0.9747183918335693,1.0475406211427378,True
2026-06-24,block-2,ethereum,0xd9fcd98c322942075a5c3860693e9f4f03aae07b,EUL,0.0,0.0,,0,False,inactive,2026-06-25,2026-07-07,0.9841117817637783,1.0057876709188767,True
2026-06-25,block-2,ethereum,0xd9fcd98c322942075a5c3860693e9f4f03aae07b,EUL,0.0,0.0,,0,False,inactive,2026-06-26,2026-07-08,1.0161569676272686,0.975363522795114,True
2026-06-26,block-2,ethereum,0xd9fcd98c322942075a5c3860693e9f4f03aae07b,EUL,-0.7263210664456898,0.0,,-1,False,inactive,2026-06-27,2026-07-09,0.9696215883766055,1.0220108906493073,True
2026-06-27,block-2,ethereum,0xd9fcd98c322942075a5c3860693e9f4f03aae07b,EUL,-0.7263210664456898,0.0,,-1,False,inactive,2026-06-28,2026-07-10,1.006548443679094,1.0116373396819103,True
2026-06-28,block-2,ethereum,0xd9fcd98c322942075a5c3860693e9f4f03aae07b,EUL,-0.7263210664456898,0.0,,-1,False,inactive,2026-06-29,2026-07-11,1.0656460120295173,0.9853801659090723,True
2026-06-29,block-2,ethereum,0xd9fcd98c322942075a5c3860693e9f4f03aae07b,EUL,-0.7263210664456898,0.0,,-1,False,inactive,2026-06-30,2026-07-12,0.9794202806201043,1.0100780230022373,True
2026-06-30,block-3,ethereum,0xd9fcd98c322942075a5c3860693e9f4f03aae07b,EUL,0.0,0.0,,0,False,inactive,2026-07-01,2026-07-13,1.0322542774311838,0.9799982447999831,True
2026-07-01,block-3,ethereum,0xd9fcd98c322942075a5c3860693e9f4f03aae07b,EUL,-0.01653495294824392,0.0,,-1,False,inactive,2026-07-02,2026-07-14,1.0201291678014301,1.0002309650248227,True
2026-07-02,block-3,ethereum,0xd9fcd98c322942075a5c3860693e9f4f03aae07b,EUL,-0.01653495294824392,0.0,,-1,False,inactive,2026-07-03,2026-07-15,1.064717962689584,1.0100728195092206,True
2026-07-03,block-3,ethereum,0xd9fcd98c322942075a5c3860693e9f4f03aae07b,EUL,-0.01653495294824392,0.0,,-1,False,inactive,2026-07-04,2026-07-16,1.066040391486774,0.9734550970344638,True
2026-07-04,block-3,ethereum,0xd9fcd98c322942075a5c3860693e9f4f03aae07b,EUL,-0.01653495294824392,0.0,,-1,False,inactive,2026-07-05,2026-07-17,1.0602027496874649,0.9644309311557833,True
2026-07-05,block-3,ethereum,0xd9fcd98c322942075a5c3860693e9f4f03aae07b,EUL,0.0,0.0,,0,False,inactive,2026-07-06,2026-07-18,1.0475406211427378,0.9566695285615032,True
2026-07-06,block-3,ethereum,0xd9fcd98c322942075a5c3860693e9f4f03aae07b,EUL,0.0,0.0,,0,False,inactive,2026-07-07,2026-07-19,1.0057876709188767,0.9431763646102261,True
2026-07-07,block-3,ethereum,0xd9fcd98c322942075a5c3860693e9f4f03aae07b,EUL,0.016537687447093496,0.25,1.0,1,False,inactive,2026-07-08,2026-07-20,0.975363522795114,1.007373360238868,True
2026-07-08,block-3,ethereum,0xd9fcd98c322942075a5c3860693e9f4f03aae07b,EUL,0.016537687447093496,0.25,1.0,1,False,inactive,2026-07-09,2026-07-21,1.0220108906493073,1.0119765420060345,True
2026-07-09,block-3,ethereum,0xd9fcd98c322942075a5c3860693e9f4f03aae07b,EUL,0.016537687447093496,0.25,1.0,1,False,inactive,2026-07-10,2026-07-22,1.0116373396819103,0.9790418090783005,True
2026-07-10,block-3,ethereum,0xd9fcd98c322942075a5c3860693e9f4f03aae07b,EUL,0.016537687447093496,0.25,1.0,1,False,inactive,2026-07-11,2026-07-23,0.9853801659090723,0.9842218581541858,True
2026-07-11,block-3,ethereum,0xd9fcd98c322942075a5c3860693e9f4f03aae07b,EUL,0.0,0.0,,0,False,inactive,2026-07-12,2026-07-24,1.0100780230022373,1.0886443666517758,True
2026-07-12,block-3,ethereum,0xd9fcd98c322942075a5c3860693e9f4f03aae07b,EUL,0.0,0.0,,0,False,inactive,2026-07-13,2026-07-25,0.9799982447999831,1.9673763725882354,True
2026-07-13,block-3,ethereum,0xd9fcd98c322942075a5c3860693e9f4f03aae07b,EUL,0.0,0.0,,0,False,inactive,2026-07-14,2026-07-26,1.0002309650248227,2.283715535897967,True
2026-07-14,block-4,ethereum,0xd9fcd98c322942075a5c3860693e9f4f03aae07b,EUL,0.0,0.0,,0,False,inactive,2026-07-15,2026-07-27,1.0100728195092206,1.6506531871562424,True
2026-07-15,block-4,ethereum,0xd9fcd98c322942075a5c3860693e9f4f03aae07b,EUL,0.0,0.0,,0,False,inactive,2026-07-16,2026-07-28,0.9734550970344638,1.5693416366270596,True
2026-07-16,block-4,ethereum,0xd9fcd98c322942075a5c3860693e9f4f03aae07b,EUL,0.0,0.0,,0,False,inactive,2026-07-17,2026-07-29,0.9644309311557833,1.64706553321225,True
2026-07-17,block-4,ethereum,0xd9fcd98c322942075a5c3860693e9f4f03aae07b,EUL,-0.01653495294824392,0.0,,-1,False,inactive,2026-07-18,2026-07-30,0.9566695285615032,1.482055748802725,True
2026-07-18,block-4,ethereum,0xd9fcd98c322942075a5c3860693e9f4f03aae07b,EUL,-0.01653495294824392,0.0,,-1,False,inactive,2026-07-19,2026-07-31,0.9431763646102261,1.3589861745476617,True
2026-07-19,block-4,ethereum,0xd9fcd98c322942075a5c3860693e9f4f03aae07b,EUL,-0.01653495294824392,0.0,,-1,False,inactive,2026-07-20,2026-08-01,1.007373360238868,1.5177710056986329,True
2026-07-20,block-4,ethereum,0xd9fcd98c322942075a5c3860693e9f4f03aae07b,EUL,-0.01653495294824392,0.0,,-1,False,inactive,2026-07-21,2026-08-02,1.0119765420060345,1.4036087891791575,True
2026-07-21,block-4,ethereum,0xd9fcd98c322942075a5c3860693e9f4f03aae07b,EUL,0.0,0.0,,0,False,inactive,2026-07-22,2026-08-03,0.9790418090783005,1.4715102732439387,True
2026-07-22,block-4,ethereum,0xd9fcd98c322942075a5c3860693e9f4f03aae07b,EUL,0.0,0.0,,0,False,inactive,2026-07-23,2026-08-04,0.9842218581541858,1.4171963240786987,True
2026-07-23,block-4,ethereum,0xd9fcd98c322942075a5c3860693e9f4f03aae07b,EUL,0.0,0.0,,0,False,inactive,2026-07-24,2026-08-05,1.0886443666517758,1.3925478387181205,True
2026-07-24,block-4,ethereum,0xd9fcd98c322942075a5c3860693e9f4f03aae07b,EUL,0.0,0.0,,0,False,inactive,2026-07-25,2026-08-06,1.9673763725882354,1.3069259111715543,True
2026-07-25,block-4,ethereum,0xd9fcd98c322942075a5c3860693e9f4f03aae07b,EUL,0.0,0.0,,0,False,inactive,2026-07-26,2026-08-07,2.283715535897967,1.2532159767898585,True
2026-07-26,block-4,ethereum,0xd9fcd98c322942075a5c3860693e9f4f03aae07b,EUL,0.0,0.0,,0,False,inactive,2026-07-27,2026-08-08,1.6506531871562424,1.1998562655514502,True
2026-07-27,block-4,ethereum,0xd9fcd98c322942075a5c3860693e9f4f03aae07b,EUL,0.0,0.0,,0,False,inactive,2026-07-28,2026-08-09,1.5693416366270596,1.170942518607448,True
2026-06-02,block-1,ethereum,0xe76c6c83af64e4c60245d8c7de953df673a7a33d,RAIL,-16.44265720295546,0.25,0.0,-4,False,inactive,2026-06-03,2026-06-15,2.590297913856424,3.060082609348597,True
2026-06-03,block-1,ethereum,0xe76c6c83af64e4c60245d8c7de953df673a7a33d,RAIL,-14.249995606213417,0.5,0.0,-3,False,inactive,2026-06-04,2026-06-16,2.347477693763298,2.929022978239807,True
2026-06-04,block-1,ethereum,0xe76c6c83af64e4c60245d8c7de953df673a7a33d,RAIL,8.037085532223532,0.75,0.32222601721553445,0,False,inactive,2026-06-05,2026-06-17,2.246226729659884,2.7799374558982324,True
2026-06-05,block-1,ethereum,0xe76c6c83af64e4c60245d8c7de953df673a7a33d,RAIL,-15.949099819536617,0.5,0.0,-2,False,inactive,2026-06-06,2026-06-18,2.2936222766005736,2.457330201433135,True
2026-06-06,block-1,ethereum,0xe76c6c83af64e4c60245d8c7de953df673a7a33d,RAIL,0.0,0.5,0.0,0,False,inactive,2026-06-07,2026-06-19,2.9694791790651487,2.4811061108815844,True
2026-06-07,block-1,ethereum,0xe76c6c83af64e4c60245d8c7de953df673a7a33d,RAIL,2.232299757124423,0.5,0.09720018580565484,0,False,inactive,2026-06-08,2026-06-20,3.1163344483478226,2.324838361627286,True
2026-06-08,block-1,ethereum,0xe76c6c83af64e4c60245d8c7de953df673a7a33d,RAIL,-8.913410765619222,0.5,0.0,-1,False,inactive,2026-06-09,2026-06-21,2.8886568696577504,2.305101178717623,True
2026-06-09,block-1,ethereum,0xe76c6c83af64e4c60245d8c7de953df673a7a33d,RAIL,0.0,0.5,0.0,0,False,inactive,2026-06-10,2026-06-22,2.6380665309410363,2.437993557184214,True
2026-06-10,block-1,ethereum,0xe76c6c83af64e4c60245d8c7de953df673a7a33d,RAIL,0.0,0.5,0.0,0,False,inactive,2026-06-11,2026-06-23,2.9888697349799167,2.3144519088246565,True
2026-06-11,block-1,ethereum,0xe76c6c83af64e4c60245d8c7de953df673a7a33d,RAIL,-4.637869592223554,0.25,0.0,-1,False,inactive,2026-06-12,2026-06-24,2.9283138105981306,2.1734578716510873,True
2026-06-12,block-1,ethereum,0xe76c6c83af64e4c60245d8c7de953df673a7a33d,RAIL,-9.468071106234,0.0,,-1,False,inactive,2026-06-13,2026-06-25,2.925906227660223,2.1338375956537794,True
2026-06-13,block-1,ethereum,0xe76c6c83af64e4c60245d8c7de953df673a7a33d,RAIL,0.0,0.0,,0,False,inactive,2026-06-14,2026-06-26,2.988094479525968,2.143050922116323,True
2026-06-14,block-1,ethereum,0xe76c6c83af64e4c60245d8c7de953df673a7a33d,RAIL,0.0,0.0,,0,False,inactive,2026-06-15,2026-06-27,3.060082609348597,2.124984366258504,True
2026-06-15,block-1,ethereum,0xe76c6c83af64e4c60245d8c7de953df673a7a33d,RAIL,0.0,0.0,,-1,False,inactive,2026-06-16,2026-06-28,2.929022978239807,2.1123929319668275,True
2026-06-16,block-2,ethereum,0xe76c6c83af64e4c60245d8c7de953df673a7a33d,RAIL,0.0,0.0,,0,False,inactive,2026-06-17,2026-06-29,2.7799374558982324,1.9869586821479919,True
2026-06-17,block-2,ethereum,0xe76c6c83af64e4c60245d8c7de953df673a7a33d,RAIL,0.0,0.0,,0,False,inactive,2026-06-18,2026-06-30,2.457330201433135,1.9290398694516826,True
2026-06-18,block-2,ethereum,0xe76c6c83af64e4c60245d8c7de953df673a7a33d,RAIL,0.0,0.0,,0,False,inactive,2026-06-19,2026-07-01,2.4811061108815844,2.017219280016233,True
2026-06-19,block-2,ethereum,0xe76c6c83af64e4c60245d8c7de953df673a7a33d,RAIL,0.0,0.0,,1,False,inactive,2026-06-20,2026-07-02,2.324838361627286,2.036598724867725,True
2026-06-20,block-2,ethereum,0xe76c6c83af64e4c60245d8c7de953df673a7a33d,RAIL,-4.0498445072470135,0.0,,-1,False,inactive,2026-06-21,2026-07-03,2.305101178717623,2.0619383317986415,True
2026-06-21,block-2,ethereum,0xe76c6c83af64e4c60245d8c7de953df673a7a33d,RAIL,-4.0498445072470135,0.0,,-1,False,inactive,2026-06-22,2026-07-04,2.437993557184214,2.0855045504872156,True
2026-06-22,block-2,ethereum,0xe76c6c83af64e4c60245d8c7de953df673a7a33d,RAIL,-4.0498445072470135,0.0,,-1,False,inactive,2026-06-23,2026-07-05,2.3144519088246565,2.0670446175330706,True
2026-06-23,block-2,ethereum,0xe76c6c83af64e4c60245d8c7de953df673a7a33d,RAIL,-4.0498445072470135,0.0,,-1,False,inactive,2026-06-24,2026-07-06,2.1734578716510873,1.8725211923350804,True
2026-06-24,block-2,ethereum,0xe76c6c83af64e4c60245d8c7de953df673a7a33d,RAIL,0.0,0.0,,0,False,inactive,2026-06-25,2026-07-07,2.1338375956537794,1.8318771237963374,True
2026-06-25,block-2,ethereum,0xe76c6c83af64e4c60245d8c7de953df673a7a33d,RAIL,0.0,0.0,,0,False,inactive,2026-06-26,2026-07-08,2.143050922116323,1.8170463355698279,True
2026-06-26,block-2,ethereum,0xe76c6c83af64e4c60245d8c7de953df673a7a33d,RAIL,1.0140432937788546e-07,0.25,1.0,1,False,inactive,2026-06-27,2026-07-09,2.124984366258504,1.6319363025057798,True
2026-06-27,block-2,ethereum,0xe76c6c83af64e4c60245d8c7de953df673a7a33d,RAIL,1.0140432937788546e-07,0.25,1.0,1,False,inactive,2026-06-28,2026-07-10,2.1123929319668275,1.6696704650423508,True
2026-06-28,block-2,ethereum,0xe76c6c83af64e4c60245d8c7de953df673a7a33d,RAIL,1.0140432937788546e-07,0.25,1.0,1,False,inactive,2026-06-29,2026-07-11,1.9869586821479919,1.6901182037088347,True
2026-06-29,block-2,ethereum,0xe76c6c83af64e4c60245d8c7de953df673a7a33d,RAIL,1.0140432937788546e-07,0.25,1.0,1,False,inactive,2026-06-30,2026-07-12,1.9290398694516826,1.7580281524081633,True
2026-06-30,block-3,ethereum,0xe76c6c83af64e4c60245d8c7de953df673a7a33d,RAIL,0.0,0.0,,0,False,inactive,2026-07-01,2026-07-13,2.017219280016233,1.5235459282127073,True
2026-07-01,block-3,ethereum,0xe76c6c83af64e4c60245d8c7de953df673a7a33d,RAIL,0.0,0.0,,0,False,inactive,2026-07-02,2026-07-14,2.036598724867725,1.6468424258437357,True
2026-07-02,block-3,ethereum,0xe76c6c83af64e4c60245d8c7de953df673a7a33d,RAIL,0.0,0.0,,0,False,inactive,2026-07-03,2026-07-15,2.0619383317986415,1.5428593572425746,True
2026-07-03,block-3,ethereum,0xe76c6c83af64e4c60245d8c7de953df673a7a33d,RAIL,0.0,0.0,,0,False,inactive,2026-07-04,2026-07-16,2.0855045504872156,1.4743388331078282,True
2026-07-04,block-3,ethereum,0xe76c6c83af64e4c60245d8c7de953df673a7a33d,RAIL,0.0,0.0,,0,False,inactive,2026-07-05,2026-07-17,2.0670446175330706,1.5126767863384085,True
2026-07-05,block-3,ethereum,0xe76c6c83af64e4c60245d8c7de953df673a7a33d,RAIL,-1.0140431827565521e-07,0.0,,-1,False,inactive,2026-07-06,2026-07-18,1.8725211923350804,1.599574108156789,True
2026-07-06,block-3,ethereum,0xe76c6c83af64e4c60245d8c7de953df673a7a33d,RAIL,-1.0140431827565521e-07,0.0,,-1,False,inactive,2026-07-07,2026-07-19,1.8318771237963374,1.6699485393446212,True
2026-07-07,block-3,ethereum,0xe76c6c83af64e4c60245d8c7de953df673a7a33d,RAIL,-1.0140431827565521e-07,0.0,,-1,False,inactive,2026-07-08,2026-07-20,1.8170463355698279,1.5959258054077565,True
2026-07-08,block-3,ethereum,0xe76c6c83af64e4c60245d8c7de953df673a7a33d,RAIL,-1.0140431827565521e-07,0.0,,-1,False,inactive,2026-07-09,2026-07-21,1.6319363025057798,1.7241747695369745,True
2026-07-09,block-3,ethereum,0xe76c6c83af64e4c60245d8c7de953df673a7a33d,RAIL,0.0,0.0,,0,False,inactive,2026-07-10,2026-07-22,1.6696704650423508,1.8522816634894705,True
2026-07-10,block-3,ethereum,0xe76c6c83af64e4c60245d8c7de953df673a7a33d,RAIL,0.0,0.0,,0,False,inactive,2026-07-11,2026-07-23,1.6901182037088347,1.621286309904073,True
2026-07-11,block-3,ethereum,0xe76c6c83af64e4c60245d8c7de953df673a7a33d,RAIL,0.0,0.0,,0,False,inactive,2026-07-12,2026-07-24,1.7580281524081633,1.6371829114356273,True
2026-07-12,block-3,ethereum,0xe76c6c83af64e4c60245d8c7de953df673a7a33d,RAIL,0.0,0.0,,0,False,inactive,2026-07-13,2026-07-25,1.5235459282127073,1.5326798333479754,True
2026-07-13,block-3,ethereum,0xe76c6c83af64e4c60245d8c7de953df673a7a33d,RAIL,0.0,0.0,,0,False,inactive,2026-07-14,2026-07-26,1.6468424258437357,1.539550135112455,True
2026-07-14,block-4,ethereum,0xe76c6c83af64e4c60245d8c7de953df673a7a33d,RAIL,0.0,0.0,,0,False,inactive,2026-07-15,2026-07-27,1.5428593572425746,1.5145759819034255,True
2026-07-15,block-4,ethereum,0xe76c6c83af64e4c60245d8c7de953df673a7a33d,RAIL,0.0,0.0,,-1,False,inactive,2026-07-16,2026-07-28,1.4743388331078282,1.508188172754855,True
2026-07-16,block-4,ethereum,0xe76c6c83af64e4c60245d8c7de953df673a7a33d,RAIL,0.0,0.0,,-1,False,inactive,2026-07-17,2026-07-29,1.5126767863384085,1.4762411771845265,True
2026-07-17,block-4,ethereum,0xe76c6c83af64e4c60245d8c7de953df673a7a33d,RAIL,0.0,0.0,,-1,False,inactive,2026-07-18,2026-07-30,1.599574108156789,1.4980543673399114,True
2026-07-18,block-4,ethereum,0xe76c6c83af64e4c60245d8c7de953df673a7a33d,RAIL,5.556840054765644e-06,0.25,1.0,0,False,inactive,2026-07-19,2026-07-31,1.6699485393446212,1.4435402415194925,True
2026-07-19,block-4,ethereum,0xe76c6c83af64e4c60245d8c7de953df673a7a33d,RAIL,5.556840054765644e-06,0.25,1.0,1,False,inactive,2026-07-20,2026-08-01,1.5959258054077565,1.4119489414525201,True
2026-07-20,block-4,ethereum,0xe76c6c83af64e4c60245d8c7de953df673a7a33d,RAIL,5.556840054765644e-06,0.25,1.0,1,False,inactive,2026-07-21,2026-08-02,1.7241747695369745,1.4538561055687815,True
2026-07-21,block-4,ethereum,0xe76c6c83af64e4c60245d8c7de953df673a7a33d,RAIL,5.556840054765644e-06,0.25,1.0,1,False,inactive,2026-07-22,2026-08-03,1.8522816634894705,1.4288807571771367,True
2026-07-22,block-4,ethereum,0xe76c6c83af64e4c60245d8c7de953df673a7a33d,RAIL,0.0,0.0,,0,False,inactive,2026-07-23,2026-08-04,1.621286309904073,1.4754730013200303,True
2026-07-23,block-4,ethereum,0xe76c6c83af64e4c60245d8c7de953df673a7a33d,RAIL,45.71476421371188,0.25,1.0,1,False,inactive,2026-07-24,2026-08-05,1.6371829114356273,1.429727427278646,True
2026-07-24,block-4,ethereum,0xe76c6c83af64e4c60245d8c7de953df673a7a33d,RAIL,0.0,0.25,0.0,0,False,inactive,2026-07-25,2026-08-06,1.5326798333479754,1.42616406060487,True
2026-07-25,block-4,ethereum,0xe76c6c83af64e4c60245d8c7de953df673a7a33d,RAIL,0.0,0.25,0.0,0,False,inactive,2026-07-26,2026-08-07,1.539550135112455,1.4706859492129405,True
2026-07-26,block-4,ethereum,0xe76c6c83af64e4c60245d8c7de953df673a7a33d,RAIL,0.0,0.25,0.0,0,False,inactive,2026-07-27,2026-08-08,1.5145759819034255,1.4645392168646598,True
2026-07-27,block-4,ethereum,0xe76c6c83af64e4c60245d8c7de953df673a7a33d,RAIL,-31.372774379035828,0.0,,-1,False,inactive,2026-07-28,2026-08-09,1.508188172754855,1.4454832913534925,True
2026-06-02,block-1,solana,31k88G5Mq7ptbRDf3AM13HAq6wRQHXHikR8hik7wPygk,GP,3.4697107365654123,0.5,0.7244736191897021,0,False,inactive,2026-06-03,2026-06-15,0.1349562115663309,0.13415058012321004,True
2026-06-03,block-1,solana,31k88G5Mq7ptbRDf3AM13HAq6wRQHXHikR8hik7wPygk,GP,4.588128254182311,0.5,0.9477541602116099,0,True,holder-breadth-nonpositive-daily-v1,2026-06-04,2026-06-16,0.12916323388493395,0.1726470304908245,True
2026-06-04,block-1,solana,31k88G5Mq7ptbRDf3AM13HAq6wRQHXHikR8hik7wPygk,GP,-0.020783898202025863,0.25,0.0,0,False,inactive,2026-06-05,2026-06-17,0.12700842767373444,0.17041459610309428,True
2026-06-05,block-1,solana,31k88G5Mq7ptbRDf3AM13HAq6wRQHXHikR8hik7wPygk,GP,-0.2897182661808162,0.0,,-1,False,inactive,2026-06-06,2026-06-18,0.13038788158473036,0.14897809035587375,True
2026-06-06,block-1,solana,31k88G5Mq7ptbRDf3AM13HAq6wRQHXHikR8hik7wPygk,GP,-0.04858944838447288,0.0,,0,False,inactive,2026-06-07,2026-06-19,0.1300051223766578,0.15621402789395605,True
2026-06-07,block-1,solana,31k88G5Mq7ptbRDf3AM13HAq6wRQHXHikR8hik7wPygk,GP,-1.2491145520226121,0.0,,0,False,inactive,2026-06-08,2026-06-20,0.13272148228628275,0.15563099985986745,True
2026-06-08,block-1,solana,31k88G5Mq7ptbRDf3AM13HAq6wRQHXHikR8hik7wPygk,GP,-1.2491145520226121,0.0,,0,False,inactive,2026-06-09,2026-06-21,0.12524698370610526,0.16106770758732508,True
2026-06-09,block-1,solana,31k88G5Mq7ptbRDf3AM13HAq6wRQHXHikR8hik7wPygk,GP,-1.8031134004573457,0.0,,0,False,inactive,2026-06-10,2026-06-22,0.1258060561774231,0.15685258753955342,True
2026-06-10,block-1,solana,31k88G5Mq7ptbRDf3AM13HAq6wRQHXHikR8hik7wPygk,GP,-1.8170619032953472,0.0,,0,False,inactive,2026-06-11,2026-06-23,0.11645910710796133,0.1552198750926414,True
2026-06-11,block-1,solana,31k88G5Mq7ptbRDf3AM13HAq6wRQHXHikR8hik7wPygk,GP,-0.5830169774838523,0.25,0.0,1,False,inactive,2026-06-12,2026-06-24,0.11950451069766674,0.14797005715012818,True
2026-06-12,block-1,solana,31k88G5Mq7ptbRDf3AM13HAq6wRQHXHikR8hik7wPygk,GP,-4.800498753117144,0.25,0.0,1,False,inactive,2026-06-13,2026-06-25,0.12562804161865018,0.14275363806577793,True
2026-06-13,block-1,solana,31k88G5Mq7ptbRDf3AM13HAq6wRQHXHikR8hik7wPygk,GP,-5.910481143409074,0.25,0.0,0,False,inactive,2026-06-14,2026-06-26,0.1245467700975128,0.15601415158126328,True
2026-06-14,block-1,solana,31k88G5Mq7ptbRDf3AM13HAq6wRQHXHikR8hik7wPygk,GP,-5.8971141781681276,0.25,0.0,-1,False,inactive,2026-06-15,2026-06-27,0.13415058012321004,0.1846397027898835,True
2026-06-15,block-1,solana,31k88G5Mq7ptbRDf3AM13HAq6wRQHXHikR8hik7wPygk,GP,-5.9353778064966,0.0,,-2,False,inactive,2026-06-16,2026-06-28,0.1726470304908245,0.1706838804721729,True
2026-06-16,block-2,solana,31k88G5Mq7ptbRDf3AM13HAq6wRQHXHikR8hik7wPygk,GP,-1.7681728880157732,0.0,,-2,False,inactive,2026-06-17,2026-06-29,0.17041459610309428,0.19687632732362598,True
2026-06-17,block-2,solana,31k88G5Mq7ptbRDf3AM13HAq6wRQHXHikR8hik7wPygk,GP,0.6729967437020035,0.25,0.9999999999999077,0,False,inactive,2026-06-18,2026-06-30,0.14897809035587375,0.1815202859833008,True
2026-06-18,block-2,solana,31k88G5Mq7ptbRDf3AM13HAq6wRQHXHikR8hik7wPygk,GP,0.6729967437020701,0.25,1.0,1,False,inactive,2026-06-19,2026-07-01,0.15621402789395605,0.1883928717643011,True
2026-06-19,block-2,solana,31k88G5Mq7ptbRDf3AM13HAq6wRQHXHikR8hik7wPygk,GP,3.350933964067737,0.5,1.0,1,True,holder-breadth-positive-daily-v1,2026-06-20,2026-07-02,0.15563099985986745,0.20016318274688383,True
2026-06-20,block-2,solana,31k88G5Mq7ptbRDf3AM13HAq6wRQHXHikR8hik7wPygk,GP,4.495692298155474,0.75,1.0,1,True,holder-breadth-positive-daily-v1,2026-06-21,2026-07-03,0.16106770758732508,0.20414009230069075,True
2026-06-21,block-2,solana,31k88G5Mq7ptbRDf3AM13HAq6wRQHXHikR8hik7wPygk,GP,-0.6684977754416233,0.5,0.0,-1,False,inactive,2026-06-22,2026-07-04,0.15685258753955342,0.19319125753948815,True
2026-06-22,block-2,solana,31k88G5Mq7ptbRDf3AM13HAq6wRQHXHikR8hik7wPygk,GP,4.645052979139752,0.75,0.5098463591131308,0,False,inactive,2026-06-23,2026-07-05,0.1552198750926414,0.19649808031053684,True
2026-06-23,block-2,solana,31k88G5Mq7ptbRDf3AM13HAq6wRQHXHikR8hik7wPygk,GP,-3.2422870655748115,0.5,0.0,-1,False,inactive,2026-06-24,2026-07-06,0.14797005715012818,0.18736652873133458,True
2026-06-24,block-2,solana,31k88G5Mq7ptbRDf3AM13HAq6wRQHXHikR8hik7wPygk,GP,-4.302275241478847,0.25,0.0,-1,False,inactive,2026-06-25,2026-07-07,0.14275363806577793,0.17793761507988762,True
2026-06-25,block-2,solana,31k88G5Mq7ptbRDf3AM13HAq6wRQHXHikR8hik7wPygk,GP,0.0,0.25,0.0,0,False,inactive,2026-06-26,2026-07-08,0.15601415158126328,0.16312551371044412,True
2026-06-26,block-2,solana,31k88G5Mq7ptbRDf3AM13HAq6wRQHXHikR8hik7wPygk,GP,-5.077689392197648,0.0,,-1,False,inactive,2026-06-27,2026-07-09,0.1846397027898835,0.16410899354069414,True
2026-06-27,block-2,solana,31k88G5Mq7ptbRDf3AM13HAq6wRQHXHikR8hik7wPygk,GP,0.0,0.0,,0,False,inactive,2026-06-28,2026-07-10,0.1706838804721729,0.16293951214658403,True
2026-06-28,block-2,solana,31k88G5Mq7ptbRDf3AM13HAq6wRQHXHikR8hik7wPygk,GP,0.0,0.0,,0,False,inactive,2026-06-29,2026-07-11,0.19687632732362598,0.1591064869065536,True
2026-06-29,block-2,solana,31k88G5Mq7ptbRDf3AM13HAq6wRQHXHikR8hik7wPygk,GP,0.0,0.0,,0,False,inactive,2026-06-30,2026-07-12,0.1815202859833008,0.15496251978653314,True
2026-06-30,block-3,solana,31k88G5Mq7ptbRDf3AM13HAq6wRQHXHikR8hik7wPygk,GP,0.0,0.0,,0,False,inactive,2026-07-01,2026-07-13,0.1883928717643011,0.15085430889907694,True
2026-07-01,block-3,solana,31k88G5Mq7ptbRDf3AM13HAq6wRQHXHikR8hik7wPygk,GP,0.0,0.0,,0,False,inactive,2026-07-02,2026-07-14,0.20016318274688383,0.15175327358615967,True
2026-07-02,block-3,solana,31k88G5Mq7ptbRDf3AM13HAq6wRQHXHikR8hik7wPygk,GP,0.0,0.0,,0,False,inactive,2026-07-03,2026-07-15,0.20414009230069075,0.15394543210428643,True
2026-07-03,block-3,solana,31k88G5Mq7ptbRDf3AM13HAq6wRQHXHikR8hik7wPygk,GP,6.661338147750939e-14,0.25,1.0,1,False,inactive,2026-07-04,2026-07-16,0.19319125753948815,0.14388350256354585,True
2026-07-04,block-3,solana,31k88G5Mq7ptbRDf3AM13HAq6wRQHXHikR8hik7wPygk,GP,6.661338147750939e-14,0.25,1.0,1,False,inactive,2026-07-05,2026-07-17,0.19649808031053684,0.145799699789644,True
2026-07-05,block-3,solana,31k88G5Mq7ptbRDf3AM13HAq6wRQHXHikR8hik7wPygk,GP,0.8319715739836697,0.5,1.0,1,True,holder-breadth-positive-daily-v1,2026-07-06,2026-07-18,0.18736652873133458,0.14758188132098274,True
2026-07-06,block-3,solana,31k88G5Mq7ptbRDf3AM13HAq6wRQHXHikR8hik7wPygk,GP,0.0,0.5,0.0,0,False,inactive,2026-07-07,2026-07-19,0.17793761507988762,0.14615455242443498,True
2026-07-07,block-3,solana,31k88G5Mq7ptbRDf3AM13HAq6wRQHXHikR8hik7wPygk,GP,-6.661338147750939e-14,0.25,0.0,-1,False,inactive,2026-07-08,2026-07-20,0.16312551371044412,0.15141456932355574,True
2026-07-08,block-3,solana,31k88G5Mq7ptbRDf3AM13HAq6wRQHXHikR8hik7wPygk,GP,-6.661338147750939e-14,0.25,0.0,-1,False,inactive,2026-07-09,2026-07-21,0.16410899354069414,0.1591652246973816,True
2026-07-09,block-3,solana,31k88G5Mq7ptbRDf3AM13HAq6wRQHXHikR8hik7wPygk,GP,-0.8251069189629145,0.0,,-1,False,inactive,2026-07-10,2026-07-22,0.16293951214658403,0.14954695390148764,True
2026-07-10,block-3,solana,31k88G5Mq7ptbRDf3AM13HAq6wRQHXHikR8hik7wPygk,GP,0.0,0.0,,0,False,inactive,2026-07-11,2026-07-23,0.1591064869065536,0.1490599514308451,True
2026-07-11,block-3,solana,31k88G5Mq7ptbRDf3AM13HAq6wRQHXHikR8hik7wPygk,GP,0.0,0.0,,0,False,inactive,2026-07-12,2026-07-24,0.15496251978653314,0.15052546408285364,True
2026-07-12,block-3,solana,31k88G5Mq7ptbRDf3AM13HAq6wRQHXHikR8hik7wPygk,GP,0.0,0.0,,0,False,inactive,2026-07-13,2026-07-25,0.15085430889907694,0.14609104756928112,True
2026-07-13,block-3,solana,31k88G5Mq7ptbRDf3AM13HAq6wRQHXHikR8hik7wPygk,GP,0.0,0.0,,0,False,inactive,2026-07-14,2026-07-26,0.15175327358615967,0.15147561707581905,True
2026-07-14,block-4,solana,31k88G5Mq7ptbRDf3AM13HAq6wRQHXHikR8hik7wPygk,GP,0.0,0.0,,0,False,inactive,2026-07-15,2026-07-27,0.15394543210428643,0.14259858579883683,True
2026-07-15,block-4,solana,31k88G5Mq7ptbRDf3AM13HAq6wRQHXHikR8hik7wPygk,GP,0.0,0.0,,0,False,inactive,2026-07-16,2026-07-28,0.14388350256354585,0.14694013359819202,True
2026-07-16,block-4,solana,31k88G5Mq7ptbRDf3AM13HAq6wRQHXHikR8hik7wPygk,GP,0.0,0.0,,0,False,inactive,2026-07-17,2026-07-29,0.145799699789644,0.1452192665003681,True
2026-07-17,block-4,solana,31k88G5Mq7ptbRDf3AM13HAq6wRQHXHikR8hik7wPygk,GP,0.0,0.0,,0,False,inactive,2026-07-18,2026-07-30,0.14758188132098274,0.13931002654847618,True
2026-07-18,block-4,solana,31k88G5Mq7ptbRDf3AM13HAq6wRQHXHikR8hik7wPygk,GP,0.0,0.0,,0,False,inactive,2026-07-19,2026-07-31,0.14615455242443498,0.14332579855317293,True
2026-07-19,block-4,solana,31k88G5Mq7ptbRDf3AM13HAq6wRQHXHikR8hik7wPygk,GP,0.0,0.0,,0,False,inactive,2026-07-20,2026-08-01,0.15141456932355574,0.1365213270973009,True
2026-07-20,block-4,solana,31k88G5Mq7ptbRDf3AM13HAq6wRQHXHikR8hik7wPygk,GP,0.0,0.0,,0,False,inactive,2026-07-21,2026-08-02,0.1591652246973816,0.13823927173077996,True
2026-07-21,block-4,solana,31k88G5Mq7ptbRDf3AM13HAq6wRQHXHikR8hik7wPygk,GP,20.446168196888472,0.25,1.0,1,False,inactive,2026-07-22,2026-08-03,0.14954695390148764,0.13360746793229225,True
2026-07-22,block-4,solana,31k88G5Mq7ptbRDf3AM13HAq6wRQHXHikR8hik7wPygk,GP,20.446168196888472,0.25,1.0,1,False,inactive,2026-07-23,2026-08-04,0.1490599514308451,0.12905719916258396,True
2026-07-23,block-4,solana,31k88G5Mq7ptbRDf3AM13HAq6wRQHXHikR8hik7wPygk,GP,20.446168196888472,0.25,1.0,1,False,inactive,2026-07-24,2026-08-05,0.15052546408285364,0.1254384255307467,True
2026-07-24,block-4,solana,31k88G5Mq7ptbRDf3AM13HAq6wRQHXHikR8hik7wPygk,GP,20.446168196888472,0.25,1.0,1,False,inactive,2026-07-25,2026-08-06,0.14609104756928112,0.12102188458011624,True
2026-07-25,block-4,solana,31k88G5Mq7ptbRDf3AM13HAq6wRQHXHikR8hik7wPygk,GP,0.0,0.0,,0,False,inactive,2026-07-26,2026-08-07,0.15147561707581905,0.11691487719576443,True
2026-07-26,block-4,solana,31k88G5Mq7ptbRDf3AM13HAq6wRQHXHikR8hik7wPygk,GP,0.0,0.0,,0,False,inactive,2026-07-27,2026-08-08,0.14259858579883683,0.12749688094689757,True
2026-07-27,block-4,solana,31k88G5Mq7ptbRDf3AM13HAq6wRQHXHikR8hik7wPygk,GP,0.0,0.0,,0,False,inactive,2026-07-28,2026-08-09,0.14694013359819202,0.12927239554876427,True
2026-06-02,block-1,solana,8J69rbLTzWWgUJziFY8jeu5tDwEPBwUz4pKBMr5rpump,WOJAK,15.153699752340843,1.0,1.0,2,True,holder-breadth-positive-daily-v1,2026-06-03,2026-06-15,0.004442478895281438,0.0056950808544548965,True
2026-06-03,block-1,solana,8J69rbLTzWWgUJziFY8jeu5tDwEPBwUz4pKBMr5rpump,WOJAK,14.62343440378271,0.75,0.96503692842527,2,True,holder-breadth-positive-daily-v1,2026-06-04,2026-06-16,0.003901844767837152,0.005227679950893003,True
2026-06-04,block-1,solana,8J69rbLTzWWgUJziFY8jeu5tDwEPBwUz4pKBMr5rpump,WOJAK,11.726443133774712,0.5,0.8897741095901849,-3,True,holder-breadth-nonpositive-daily-v1,2026-06-05,2026-06-17,0.003977159137903615,0.0044184158562768265,True
2026-06-05,block-1,solana,8J69rbLTzWWgUJziFY8jeu5tDwEPBwUz4pKBMr5rpump,WOJAK,2.8171248078708855,0.25,0.677930260274804,-5,False,inactive,2026-06-06,2026-06-18,0.004250351095231668,0.00407932020998067,True
2026-06-06,block-1,solana,8J69rbLTzWWgUJziFY8jeu5tDwEPBwUz4pKBMr5rpump,WOJAK,-25.34844062908781,0.0,,-4,False,inactive,2026-06-07,2026-06-19,0.004499942039147932,0.0038157650345935264,True
2026-06-07,block-1,solana,8J69rbLTzWWgUJziFY8jeu5tDwEPBwUz4pKBMr5rpump,WOJAK,-5.892514244518354,0.25,0.0,-7,False,inactive,2026-06-08,2026-06-20,0.004598266980219693,0.0031561651868697678,True
2026-06-08,block-1,solana,8J69rbLTzWWgUJziFY8jeu5tDwEPBwUz4pKBMr5rpump,WOJAK,-6.658618915223469,0.25,0.0,-2,False,inactive,2026-06-09,2026-06-21,0.004531131709212452,0.003616032190312311,True
2026-06-09,block-1,solana,8J69rbLTzWWgUJziFY8jeu5tDwEPBwUz4pKBMr5rpump,WOJAK,-0.4491095214312124,0.5,0.0,-2,False,inactive,2026-06-10,2026-06-22,0.004572869009144007,0.003659323239445897,True
2026-06-10,block-1,solana,8J69rbLTzWWgUJziFY8jeu5tDwEPBwUz4pKBMr5rpump,WOJAK,33.0864742874418,0.75,0.9416262362423422,-1,True,holder-breadth-nonpositive-daily-v1,2026-06-11,2026-06-23,0.005147496209161615,0.003324148890466285,True
2026-06-11,block-1,solana,8J69rbLTzWWgUJziFY8jeu5tDwEPBwUz4pKBMr5rpump,WOJAK,3.345893133996891,0.5,0.43484093257084094,2,False,inactive,2026-06-12,2026-06-24,0.004801387367365848,0.0030611641688473067,True
2026-06-12,block-1,solana,8J69rbLTzWWgUJziFY8jeu5tDwEPBwUz4pKBMr5rpump,WOJAK,6.955583755852945,0.75,0.7159832455426655,1,False,inactive,2026-06-13,2026-06-25,0.005305065761280301,0.002968184258771569,True
2026-06-13,block-1,solana,8J69rbLTzWWgUJziFY8jeu5tDwEPBwUz4pKBMr5rpump,WOJAK,-21.69545035206617,0.5,0.0,-1,False,inactive,2026-06-14,2026-06-26,0.006144909840207154,0.003282309743301702,True
2026-06-14,block-1,solana,8J69rbLTzWWgUJziFY8jeu5tDwEPBwUz4pKBMr5rpump,WOJAK,-20.111560894758373,0.5,0.0,-6,False,inactive,2026-06-15,2026-06-27,0.0056950808544548965,0.0033514879072223222,True
2026-06-15,block-1,solana,8J69rbLTzWWgUJziFY8jeu5tDwEPBwUz4pKBMr5rpump,WOJAK,9.224806263999486,0.75,0.29249729893541276,-3,False,inactive,2026-06-16,2026-06-28,0.005227679950893003,0.0036456066678564893,True
2026-06-16,block-2,solana,8J69rbLTzWWgUJziFY8jeu5tDwEPBwUz4pKBMr5rpump,WOJAK,24.210457815438,0.75,0.5248429443927793,-3,False,inactive,2026-06-17,2026-06-29,0.0044184158562768265,0.0038997964689731443,True
2026-06-17,block-2,solana,8J69rbLTzWWgUJziFY8jeu5tDwEPBwUz4pKBMr5rpump,WOJAK,40.3100602863604,0.75,0.6823197765750207,0,False,inactive,2026-06-18,2026-06-30,0.00407932020998067,0.00350848265153701,True
2026-06-18,block-2,solana,8J69rbLTzWWgUJziFY8jeu5tDwEPBwUz4pKBMr5rpump,WOJAK,-12.580624729200117,0.5,0.0,3,False,inactive,2026-06-19,2026-07-01,0.0038157650345935264,0.0036048849679706746,True
2026-06-19,block-2,solana,8J69rbLTzWWgUJziFY8jeu5tDwEPBwUz4pKBMr5rpump,WOJAK,-37.325415186134556,0.25,0.0,-2,False,inactive,2026-06-20,2026-07-02,0.0031561651868697678,0.0034464820396199313,True
2026-06-20,block-2,solana,8J69rbLTzWWgUJziFY8jeu5tDwEPBwUz4pKBMr5rpump,WOJAK,-48.68810772125898,0.0,,-2,False,inactive,2026-06-21,2026-07-03,0.003616032190312311,0.0036397487213518966,True
2026-06-21,block-2,solana,8J69rbLTzWWgUJziFY8jeu5tDwEPBwUz4pKBMr5rpump,WOJAK,-44.774887820462354,0.0,,-1,False,inactive,2026-06-22,2026-07-04,0.003659323239445897,0.0032343784620868683,True
2026-06-22,block-2,solana,8J69rbLTzWWgUJziFY8jeu5tDwEPBwUz4pKBMr5rpump,WOJAK,-14.661279970095563,0.0,,-1,False,inactive,2026-06-23,2026-07-05,0.003324148890466285,0.003216468996210643,True
2026-06-23,block-2,solana,8J69rbLTzWWgUJziFY8jeu5tDwEPBwUz4pKBMr5rpump,WOJAK,-10.817378823495172,0.0,,0,False,inactive,2026-06-24,2026-07-06,0.0030611641688473067,0.0030128578012156406,True
2026-06-24,block-2,solana,8J69rbLTzWWgUJziFY8jeu5tDwEPBwUz4pKBMr5rpump,WOJAK,-12.456933993737573,0.0,,-2,False,inactive,2026-06-25,2026-07-07,0.002968184258771569,0.0030856190805152255,True
2026-06-25,block-2,solana,8J69rbLTzWWgUJziFY8jeu5tDwEPBwUz4pKBMr5rpump,WOJAK,-8.041082503349017,0.0,,-4,False,inactive,2026-06-26,2026-07-08,0.003282309743301702,0.0030554309015575114,True
2026-06-26,block-2,solana,8J69rbLTzWWgUJziFY8jeu5tDwEPBwUz4pKBMr5rpump,WOJAK,-7.397185612479196,0.0,,-3,False,inactive,2026-06-27,2026-07-09,0.0033514879072223222,0.003051996434155413,True
2026-06-27,block-2,solana,8J69rbLTzWWgUJziFY8jeu5tDwEPBwUz4pKBMr5rpump,WOJAK,-7.227646016963519,0.0,,-4,False,inactive,2026-06-28,2026-07-10,0.0036456066678564893,0.002924802750953458,True
2026-06-28,block-2,solana,8J69rbLTzWWgUJziFY8jeu5tDwEPBwUz4pKBMr5rpump,WOJAK,-0.28489830589264464,0.0,,-2,False,inactive,2026-06-29,2026-07-11,0.0038997964689731443,0.002617359738315652,True
2026-06-29,block-2,solana,8J69rbLTzWWgUJziFY8jeu5tDwEPBwUz4pKBMr5rpump,WOJAK,-0.001996129172676664,0.0,,-2,False,inactive,2026-06-30,2026-07-12,0.00350848265153701,0.002448079951785556,True
2026-06-30,block-3,solana,8J69rbLTzWWgUJziFY8jeu5tDwEPBwUz4pKBMr5rpump,WOJAK,-0.001965433289408125,0.25,0.0,-1,False,inactive,2026-07-01,2026-07-13,0.0036048849679706746,0.0021096554935353035,True
2026-07-01,block-3,solana,8J69rbLTzWWgUJziFY8jeu5tDwEPBwUz4pKBMr5rpump,WOJAK,1.4687221991837696,0.5,0.9999791003056584,0,True,holder-breadth-nonpositive-daily-v1,2026-07-02,2026-07-14,0.0034464820396199313,0.002169714753679844,True
2026-07-02,block-3,solana,8J69rbLTzWWgUJziFY8jeu5tDwEPBwUz4pKBMr5rpump,WOJAK,1.4687221991837696,0.5,0.9999791003056584,0,True,holder-breadth-nonpositive-daily-v1,2026-07-03,2026-07-15,0.0036397487213518966,0.0020637231005439737,True
2026-07-03,block-3,solana,8J69rbLTzWWgUJziFY8jeu5tDwEPBwUz4pKBMr5rpump,WOJAK,1.468753346530005,0.75,1.0,2,True,holder-breadth-positive-daily-v1,2026-07-04,2026-07-16,0.0032343784620868683,0.0018381901639385504,True
2026-07-04,block-3,solana,8J69rbLTzWWgUJziFY8jeu5tDwEPBwUz4pKBMr5rpump,WOJAK,1.4687221991837696,0.5,0.9999999999972781,0,True,holder-breadth-nonpositive-daily-v1,2026-07-05,2026-07-17,0.003216468996210643,0.0017891780142407082,True
2026-07-05,block-3,solana,8J69rbLTzWWgUJziFY8jeu5tDwEPBwUz4pKBMr5rpump,WOJAK,0.0043388757112072796,0.5,0.9999999990919551,4,True,holder-breadth-positive-daily-v1,2026-07-06,2026-07-18,0.0030128578012156406,0.0016708185402175653,True
2026-07-06,block-3,solana,8J69rbLTzWWgUJziFY8jeu5tDwEPBwUz4pKBMr5rpump,WOJAK,2.9341597235678973,0.75,0.9999999999986572,5,True,holder-breadth-positive-daily-v1,2026-07-07,2026-07-19,0.0030856190805152255,0.001627639573612953,True
2026-07-07,block-3,solana,8J69rbLTzWWgUJziFY8jeu5tDwEPBwUz4pKBMr5rpump,WOJAK,-2.247018602551343,0.5,0.0,1,False,inactive,2026-07-08,2026-07-20,0.0030554309015575114,0.0017783675550706755,True
2026-07-08,block-3,solana,8J69rbLTzWWgUJziFY8jeu5tDwEPBwUz4pKBMr5rpump,WOJAK,-3.1354566272921547,0.5,0.0,2,False,inactive,2026-07-09,2026-07-21,0.003051996434155413,0.001647324528762292,True
2026-07-09,block-3,solana,8J69rbLTzWWgUJziFY8jeu5tDwEPBwUz4pKBMr5rpump,WOJAK,-7.071114023620839,0.25,0.0,-2,False,inactive,2026-07-10,2026-07-22,0.002924802750953458,0.001589770219193327,True
2026-07-10,block-3,solana,8J69rbLTzWWgUJziFY8jeu5tDwEPBwUz4pKBMr5rpump,WOJAK,-9.716111709549857,0.25,0.0,-2,False,inactive,2026-07-11,2026-07-23,0.002617359738315652,0.0014401678725310056,True
2026-07-11,block-3,solana,8J69rbLTzWWgUJziFY8jeu5tDwEPBwUz4pKBMr5rpump,WOJAK,-4.930537564893623,0.5,0.0,1,False,inactive,2026-07-12,2026-07-24,0.002448079951785556,0.0014575092615553317,True
2026-07-12,block-3,solana,8J69rbLTzWWgUJziFY8jeu5tDwEPBwUz4pKBMr5rpump,WOJAK,-4.060336662746467,0.5,0.0,0,False,inactive,2026-07-13,2026-07-25,0.0021096554935353035,0.0015516807355800606,True
2026-07-13,block-3,solana,8J69rbLTzWWgUJziFY8jeu5tDwEPBwUz4pKBMr5rpump,WOJAK,-0.0015077975889621342,0.5,0.0,0,False,inactive,2026-07-14,2026-07-26,0.002169714753679844,0.0016007726198489025,True
2026-07-14,block-4,solana,8J69rbLTzWWgUJziFY8jeu5tDwEPBwUz4pKBMr5rpump,WOJAK,-3.5897622391773076,0.25,0.0,-3,False,inactive,2026-07-15,2026-07-27,0.0020637231005439737,0.0014550572085019324,True
2026-07-15,block-4,solana,8J69rbLTzWWgUJziFY8jeu5tDwEPBwUz4pKBMr5rpump,WOJAK,36.10166380423505,0.25,0.9095517749285088,-3,False,inactive,2026-07-16,2026-07-28,0.0018381901639385504,0.0014168780695940294,True
2026-07-16,block-4,solana,8J69rbLTzWWgUJziFY8jeu5tDwEPBwUz4pKBMr5rpump,WOJAK,36.1041785960722,0.25,0.9095983261188901,-3,False,inactive,2026-07-17,2026-07-29,0.0017891780142407082,0.0014810289443957605,True
2026-07-17,block-4,solana,8J69rbLTzWWgUJziFY8jeu5tDwEPBwUz4pKBMr5rpump,WOJAK,36.101404489299725,0.25,0.9095284360680753,-3,False,inactive,2026-07-18,2026-07-30,0.0016708185402175653,0.0016516743360273083,True
2026-07-18,block-4,solana,8J69rbLTzWWgUJziFY8jeu5tDwEPBwUz4pKBMr5rpump,WOJAK,-2.6960112232457756,0.25,0.0,-2,False,inactive,2026-07-19,2026-07-31,0.001627639573612953,0.0017239937425070828,True
2026-07-19,block-4,solana,8J69rbLTzWWgUJziFY8jeu5tDwEPBwUz4pKBMr5rpump,WOJAK,-31.00688364846015,0.25,0.0,0,False,inactive,2026-07-20,2026-08-01,0.0017783675550706755,0.001661754198716257,True
2026-07-20,block-4,solana,8J69rbLTzWWgUJziFY8jeu5tDwEPBwUz4pKBMr5rpump,WOJAK,-31.005741230224192,0.5,0.0,2,False,inactive,2026-07-21,2026-08-02,0.001647324528762292,0.0017419380815178998,True
2026-07-21,block-4,solana,8J69rbLTzWWgUJziFY8jeu5tDwEPBwUz4pKBMr5rpump,WOJAK,-31.004334944659163,0.5,0.0,2,False,inactive,2026-07-22,2026-08-03,0.001589770219193327,0.0016647483980444953,True
2026-07-22,block-4,solana,8J69rbLTzWWgUJziFY8jeu5tDwEPBwUz4pKBMr5rpump,WOJAK,0.0017055747784766595,0.5,0.01746701842656782,2,False,inactive,2026-07-23,2026-08-04,0.0014401678725310056,0.0014964396775565168,True
2026-07-23,block-4,solana,8J69rbLTzWWgUJziFY8jeu5tDwEPBwUz4pKBMr5rpump,WOJAK,-0.09419202347477063,0.25,0.0,0,False,inactive,2026-07-24,2026-08-05,0.0014575092615553317,0.0017376063209742683,True
2026-07-24,block-4,solana,8J69rbLTzWWgUJziFY8jeu5tDwEPBwUz4pKBMr5rpump,WOJAK,-0.09584628020630204,0.0,,-2,False,inactive,2026-07-25,2026-08-06,0.0015516807355800606,0.001750714278025109,True
2026-07-25,block-4,solana,8J69rbLTzWWgUJziFY8jeu5tDwEPBwUz4pKBMr5rpump,WOJAK,-0.09584628020630204,0.0,,-2,False,inactive,2026-07-26,2026-08-07,0.0016007726198489025,0.0018403087842198277,True
2026-07-26,block-4,solana,8J69rbLTzWWgUJziFY8jeu5tDwEPBwUz4pKBMr5rpump,WOJAK,-2.022045057456079,0.0,,-1,False,inactive,2026-07-27,2026-08-08,0.0014550572085019324,0.0018342552514796391,True
2026-07-27,block-4,solana,8J69rbLTzWWgUJziFY8jeu5tDwEPBwUz4pKBMr5rpump,WOJAK,-2.022045057456079,0.0,,-1,False,inactive,2026-07-28,2026-08-09,0.0014168780695940294,0.001646836469839389,True
2026-06-02,block-1,solana,CARDSccUMFKoPRZxt5vt3ksUbxEFEcnZ3H2pd3dKxYjp,CARDS,1.796748060529163,0.5,0.10936221960490092,5,False,inactive,2026-06-03,2026-06-15,0.22896010023250518,0.24528709596168297,True
2026-06-03,block-1,solana,CARDSccUMFKoPRZxt5vt3ksUbxEFEcnZ3H2pd3dKxYjp,CARDS,9.647254348002887,0.5,0.544008374182606,9,False,inactive,2026-06-04,2026-06-16,0.1801998689043895,0.23501722482651122,True
2026-06-04,block-1,solana,CARDSccUMFKoPRZxt5vt3ksUbxEFEcnZ3H2pd3dKxYjp,CARDS,16.5634262739778,0.5,0.8606418363664381,7,True,holder-breadth-positive-daily-v1,2026-06-05,2026-06-17,0.15365808393044203,0.23505921099830532,True
2026-06-05,block-1,solana,CARDSccUMFKoPRZxt5vt3ksUbxEFEcnZ3H2pd3dKxYjp,CARDS,11.023903489119501,0.5,0.8166812946155285,2,True,holder-breadth-positive-daily-v1,2026-06-06,2026-06-18,0.1606671179805599,0.3181196906238053,True
2026-06-06,block-1,solana,CARDSccUMFKoPRZxt5vt3ksUbxEFEcnZ3H2pd3dKxYjp,CARDS,2.2232380446702393,0.5,0.49710314236600633,-7,False,inactive,2026-06-07,2026-06-19,0.18276077771899038,0.3057555632650704,True
2026-06-07,block-1,solana,CARDSccUMFKoPRZxt5vt3ksUbxEFEcnZ3H2pd3dKxYjp,CARDS,1.9926487456636721,0.5,0.444607592261506,-10,False,inactive,2026-06-08,2026-06-20,0.18896174033774296,0.28831744766074846,True
2026-06-08,block-1,solana,CARDSccUMFKoPRZxt5vt3ksUbxEFEcnZ3H2pd3dKxYjp,CARDS,-1.566560166030273,0.5,0.0,-9,False,inactive,2026-06-09,2026-06-21,0.1877914315213284,0.285965430644059,True
2026-06-09,block-1,solana,CARDSccUMFKoPRZxt5vt3ksUbxEFEcnZ3H2pd3dKxYjp,CARDS,1.8214408713343122,0.5,0.23439368467185387,-5,False,inactive,2026-06-10,2026-06-22,0.16393513152552466,0.2663086419003275,True
2026-06-10,block-1,solana,CARDSccUMFKoPRZxt5vt3ksUbxEFEcnZ3H2pd3dKxYjp,CARDS,0.540270014012334,0.5,0.08424068114808614,-2,False,inactive,2026-06-11,2026-06-23,0.2380867517898704,0.28116393042772725,True
2026-06-11,block-1,solana,CARDSccUMFKoPRZxt5vt3ksUbxEFEcnZ3H2pd3dKxYjp,CARDS,1.3959517097277496,0.75,0.20356742097267075,-1,False,inactive,2026-06-12,2026-06-24,0.22885688053743075,0.2688508749503836,True
2026-06-12,block-1,solana,CARDSccUMFKoPRZxt5vt3ksUbxEFEcnZ3H2pd3dKxYjp,CARDS,3.104874096369592,0.75,0.42804618150425616,-1,False,inactive,2026-06-13,2026-06-25,0.28418119675631554,0.2593580293684082,True
2026-06-13,block-1,solana,CARDSccUMFKoPRZxt5vt3ksUbxEFEcnZ3H2pd3dKxYjp,CARDS,-4.335141424272704,0.5,0.0,3,False,inactive,2026-06-14,2026-06-26,0.2680453376274279,0.253278474337466,True
2026-06-14,block-1,solana,CARDSccUMFKoPRZxt5vt3ksUbxEFEcnZ3H2pd3dKxYjp,CARDS,-6.74299192235408,0.25,0.0,-1,False,inactive,2026-06-15,2026-06-27,0.24528709596168297,0.24113845687644278,True
2026-06-15,block-1,solana,CARDSccUMFKoPRZxt5vt3ksUbxEFEcnZ3H2pd3dKxYjp,CARDS,-6.907377240516832,0.25,0.0,-1,False,inactive,2026-06-16,2026-06-28,0.23501722482651122,0.252378216475775,True
2026-06-16,block-2,solana,CARDSccUMFKoPRZxt5vt3ksUbxEFEcnZ3H2pd3dKxYjp,CARDS,1.1987684703372858,0.5,0.26132425579787455,3,False,inactive,2026-06-17,2026-06-29,0.23505921099830532,0.2281508722495367,True
2026-06-17,block-2,solana,CARDSccUMFKoPRZxt5vt3ksUbxEFEcnZ3H2pd3dKxYjp,CARDS,9.526892361085416,0.75,0.7925700675455921,3,False,inactive,2026-06-18,2026-06-30,0.3181196906238053,0.20088694755116956,True
2026-06-18,block-2,solana,CARDSccUMFKoPRZxt5vt3ksUbxEFEcnZ3H2pd3dKxYjp,CARDS,54.95918662384509,1.0,1.0,11,True,holder-breadth-positive-daily-v1,2026-06-19,2026-07-01,0.3057555632650704,0.22006908700817648,True
2026-06-19,block-2,solana,CARDSccUMFKoPRZxt5vt3ksUbxEFEcnZ3H2pd3dKxYjp,CARDS,49.79731299134495,0.75,0.9121061144589251,9,True,holder-breadth-positive-daily-v1,2026-06-20,2026-07-02,0.28831744766074846,0.23697957416727328,True
2026-06-20,block-2,solana,CARDSccUMFKoPRZxt5vt3ksUbxEFEcnZ3H2pd3dKxYjp,CARDS,46.755571848055965,0.75,0.9105721291159664,9,True,holder-breadth-positive-daily-v1,2026-06-21,2026-07-03,0.285965430644059,0.21703312280372267,True
2026-06-21,block-2,solana,CARDSccUMFKoPRZxt5vt3ksUbxEFEcnZ3H2pd3dKxYjp,CARDS,38.69270509311784,0.75,0.9003589286002412,5,True,holder-breadth-positive-daily-v1,2026-06-22,2026-07-04,0.2663086419003275,0.2122964754773305,True
2026-06-22,block-2,solana,CARDSccUMFKoPRZxt5vt3ksUbxEFEcnZ3H2pd3dKxYjp,CARDS,-1.8442334143100036,0.5,0.0,0,False,inactive,2026-06-23,2026-07-05,0.28116393042772725,0.20180055978307931,True
2026-06-23,block-2,solana,CARDSccUMFKoPRZxt5vt3ksUbxEFEcnZ3H2pd3dKxYjp,CARDS,-4.4126130926866125,0.5,0.0,0,False,inactive,2026-06-24,2026-07-06,0.2688508749503836,0.20150472086211452,True
2026-06-24,block-2,solana,CARDSccUMFKoPRZxt5vt3ksUbxEFEcnZ3H2pd3dKxYjp,CARDS,-10.824007493416577,0.25,0.0,-2,False,inactive,2026-06-25,2026-07-07,0.2593580293684082,0.17932261324858087,True
2026-06-25,block-2,solana,CARDSccUMFKoPRZxt5vt3ksUbxEFEcnZ3H2pd3dKxYjp,CARDS,-32.788115764798235,0.0,,-3,False,inactive,2026-06-26,2026-07-08,0.253278474337466,0.16549166424706366,True
2026-06-26,block-2,solana,CARDSccUMFKoPRZxt5vt3ksUbxEFEcnZ3H2pd3dKxYjp,CARDS,-30.30367703125939,0.25,0.0,-3,False,inactive,2026-06-27,2026-07-09,0.24113845687644278,0.16610721648113214,True
2026-06-27,block-2,solana,CARDSccUMFKoPRZxt5vt3ksUbxEFEcnZ3H2pd3dKxYjp,CARDS,-26.52753500578339,0.25,0.0,0,False,inactive,2026-06-28,2026-07-10,0.252378216475775,0.16610821180161275,True
2026-06-28,block-2,solana,CARDSccUMFKoPRZxt5vt3ksUbxEFEcnZ3H2pd3dKxYjp,CARDS,-21.87633148017184,0.5,0.0,1,False,inactive,2026-06-29,2026-07-11,0.2281508722495367,0.1500998358325724,True
2026-06-29,block-2,solana,CARDSccUMFKoPRZxt5vt3ksUbxEFEcnZ3H2pd3dKxYjp,CARDS,-10.122542003766611,0.5,0.0,-2,False,inactive,2026-06-30,2026-07-12,0.20088694755116956,0.14377178144904698,True
2026-06-30,block-3,solana,CARDSccUMFKoPRZxt5vt3ksUbxEFEcnZ3H2pd3dKxYjp,CARDS,-5.69828305837553,0.5,0.0,-1,False,inactive,2026-07-01,2026-07-13,0.22006908700817648,0.16789492730769084,True
2026-07-01,block-3,solana,CARDSccUMFKoPRZxt5vt3ksUbxEFEcnZ3H2pd3dKxYjp,CARDS,-5.326603384928374,0.5,0.0,-7,False,inactive,2026-07-02,2026-07-14,0.23697957416727328,0.17557799571098648,True
2026-07-02,block-3,solana,CARDSccUMFKoPRZxt5vt3ksUbxEFEcnZ3H2pd3dKxYjp,CARDS,-17.910399415356203,0.25,0.0,-12,False,inactive,2026-07-03,2026-07-15,0.21703312280372267,0.15822896594112879,True
2026-07-03,block-3,solana,CARDSccUMFKoPRZxt5vt3ksUbxEFEcnZ3H2pd3dKxYjp,CARDS,-7.93924889963209,0.25,0.0,-7,False,inactive,2026-07-04,2026-07-16,0.2122964754773305,0.14511837010623277,True
2026-07-04,block-3,solana,CARDSccUMFKoPRZxt5vt3ksUbxEFEcnZ3H2pd3dKxYjp,CARDS,1.0417390078173883,0.25,0.07246526941584791,-4,False,inactive,2026-07-05,2026-07-17,0.20180055978307931,0.1502812933994079,True
2026-07-05,block-3,solana,CARDSccUMFKoPRZxt5vt3ksUbxEFEcnZ3H2pd3dKxYjp,CARDS,-0.15985631753199225,0.25,0.0,-1,False,inactive,2026-07-06,2026-07-18,0.20150472086211452,0.1618055426492195,True
2026-07-06,block-3,solana,CARDSccUMFKoPRZxt5vt3ksUbxEFEcnZ3H2pd3dKxYjp,CARDS,18.655836758305043,0.5,0.8626403086999359,4,True,holder-breadth-positive-daily-v1,2026-07-07,2026-07-19,0.17932261324858087,0.15351300342986593,True
2026-07-07,block-3,solana,CARDSccUMFKoPRZxt5vt3ksUbxEFEcnZ3H2pd3dKxYjp,CARDS,12.234837837071577,0.5,0.5575258379611667,4,False,inactive,2026-07-08,2026-07-20,0.16549166424706366,0.15268333721098432,True
2026-07-08,block-3,solana,CARDSccUMFKoPRZxt5vt3ksUbxEFEcnZ3H2pd3dKxYjp,CARDS,-6.047457743491402,0.25,0.0,4,False,inactive,2026-07-09,2026-07-21,0.16610721648113214,0.15338531524064186,True
2026-07-09,block-3,solana,CARDSccUMFKoPRZxt5vt3ksUbxEFEcnZ3H2pd3dKxYjp,CARDS,-8.537102522768125,0.25,0.0,0,False,inactive,2026-07-10,2026-07-22,0.16610821180161275,0.1460136215056756,True
2026-07-10,block-3,solana,CARDSccUMFKoPRZxt5vt3ksUbxEFEcnZ3H2pd3dKxYjp,CARDS,-9.335648053603462,0.25,0.0,0,False,inactive,2026-07-11,2026-07-23,0.1500998358325724,0.12738765202351104,True
2026-07-11,block-3,solana,CARDSccUMFKoPRZxt5vt3ksUbxEFEcnZ3H2pd3dKxYjp,CARDS,-3.921369144240072,0.25,0.0,-2,False,inactive,2026-07-12,2026-07-24,0.14377178144904698,0.12257436393311097,True
2026-07-12,block-3,solana,CARDSccUMFKoPRZxt5vt3ksUbxEFEcnZ3H2pd3dKxYjp,CARDS,-1.5659172690861478,0.25,0.0,-6,False,inactive,2026-07-13,2026-07-25,0.16789492730769084,0.12218817744583538,True
2026-07-13,block-3,solana,CARDSccUMFKoPRZxt5vt3ksUbxEFEcnZ3H2pd3dKxYjp,CARDS,1.3056265119714805,0.25,0.34881490813278343,-1,False,inactive,2026-07-14,2026-07-26,0.17557799571098648,0.11870165377931702,True
2026-07-14,block-4,solana,CARDSccUMFKoPRZxt5vt3ksUbxEFEcnZ3H2pd3dKxYjp,CARDS,6.6191849396394,0.25,0.7380356265329421,-4,False,inactive,2026-07-15,2026-07-27,0.15822896594112879,0.13653676847121052,True
2026-07-15,block-4,solana,CARDSccUMFKoPRZxt5vt3ksUbxEFEcnZ3H2pd3dKxYjp,CARDS,-0.45668157116762753,0.25,0.0,-3,False,inactive,2026-07-16,2026-07-28,0.14511837010623277,0.13280030634925424,True
2026-07-16,block-4,solana,CARDSccUMFKoPRZxt5vt3ksUbxEFEcnZ3H2pd3dKxYjp,CARDS,-4.803368736130798,0.25,0.0,-5,False,inactive,2026-07-17,2026-07-29,0.1502812933994079,0.12874708490036557,True
2026-07-17,block-4,solana,CARDSccUMFKoPRZxt5vt3ksUbxEFEcnZ3H2pd3dKxYjp,CARDS,-24.26693691003502,0.25,0.0,-9,False,inactive,2026-07-18,2026-07-30,0.1618055426492195,0.16442659326531936,True
2026-07-18,block-4,solana,CARDSccUMFKoPRZxt5vt3ksUbxEFEcnZ3H2pd3dKxYjp,CARDS,-28.851716459972753,0.25,0.0,-3,False,inactive,2026-07-19,2026-07-31,0.15351300342986593,0.14292894332847206,True
2026-07-19,block-4,solana,CARDSccUMFKoPRZxt5vt3ksUbxEFEcnZ3H2pd3dKxYjp,CARDS,-18.410911766383677,0.5,0.0,-2,False,inactive,2026-07-20,2026-08-01,0.15268333721098432,0.13795103915652468,True
2026-07-20,block-4,solana,CARDSccUMFKoPRZxt5vt3ksUbxEFEcnZ3H2pd3dKxYjp,CARDS,-13.26964343699889,0.75,0.0,1,False,inactive,2026-07-21,2026-08-02,0.15338531524064186,0.1446821448688224,True
2026-07-21,block-4,solana,CARDSccUMFKoPRZxt5vt3ksUbxEFEcnZ3H2pd3dKxYjp,CARDS,6.337234553724391,0.75,0.6169529563597419,2,False,inactive,2026-07-22,2026-08-03,0.1460136215056756,0.15534552194270598,True
2026-07-22,block-4,solana,CARDSccUMFKoPRZxt5vt3ksUbxEFEcnZ3H2pd3dKxYjp,CARDS,4.002138068605698,0.75,0.510608643113304,-2,False,inactive,2026-07-23,2026-08-04,0.12738765202351104,0.1648443619367895,True
2026-07-23,block-4,solana,CARDSccUMFKoPRZxt5vt3ksUbxEFEcnZ3H2pd3dKxYjp,CARDS,-2.314966646708627,0.5,0.0,-3,False,inactive,2026-07-24,2026-08-05,0.12257436393311097,0.1638003176860323,True
2026-07-24,block-4,solana,CARDSccUMFKoPRZxt5vt3ksUbxEFEcnZ3H2pd3dKxYjp,CARDS,-11.272730317045287,0.25,0.0,-3,False,inactive,2026-07-25,2026-08-06,0.12218817744583538,0.15472275513065675,True
2026-07-25,block-4,solana,CARDSccUMFKoPRZxt5vt3ksUbxEFEcnZ3H2pd3dKxYjp,CARDS,-8.728733121338617,0.25,0.0,-1,False,inactive,2026-07-26,2026-08-07,0.11870165377931702,0.13981817735054614,True
2026-07-26,block-4,solana,CARDSccUMFKoPRZxt5vt3ksUbxEFEcnZ3H2pd3dKxYjp,CARDS,-9.735708255776531,0.0,,-1,False,inactive,2026-07-27,2026-08-08,0.13653676847121052,0.1370192377352784,True
2026-07-27,block-4,solana,CARDSccUMFKoPRZxt5vt3ksUbxEFEcnZ3H2pd3dKxYjp,CARDS,3.370124099239602,0.25,0.26953818771638116,3,False,inactive,2026-07-28,2026-08-09,0.13280030634925424,0.1303362064014411,True
2026-06-02,block-1,solana,Cm6fNnMk7NfzStP9CZpsQA2v3jjzbcYGAxdJySmHpump,BUTTCOIN,0.8424204926706036,0.5,0.06193612766878669,-3,False,inactive,2026-06-03,2026-06-15,0.013273626570218721,0.020837230941398,True
2026-06-03,block-1,solana,Cm6fNnMk7NfzStP9CZpsQA2v3jjzbcYGAxdJySmHpump,BUTTCOIN,10.006293546384825,0.75,0.5444120249956865,-2,False,inactive,2026-06-04,2026-06-16,0.012247744561492574,0.018853294762485578,True
2026-06-04,block-1,solana,Cm6fNnMk7NfzStP9CZpsQA2v3jjzbcYGAxdJySmHpump,BUTTCOIN,-16.13950545022751,0.5,0.0,-6,False,inactive,2026-06-05,2026-06-17,0.012896680238560516,0.01836537990487555,True
2026-06-05,block-1,solana,Cm6fNnMk7NfzStP9CZpsQA2v3jjzbcYGAxdJySmHpump,BUTTCOIN,-16.14664742427164,0.5,0.0,-3,False,inactive,2026-06-06,2026-06-18,0.017175134455714027,0.018236191905455782,True
2026-06-06,block-1,solana,Cm6fNnMk7NfzStP9CZpsQA2v3jjzbcYGAxdJySmHpump,BUTTCOIN,-13.852169044249308,0.5,0.0,-2,False,inactive,2026-06-07,2026-06-19,0.018917288657717857,0.016461556012271564,True
2026-06-07,block-1,solana,Cm6fNnMk7NfzStP9CZpsQA2v3jjzbcYGAxdJySmHpump,BUTTCOIN,-17.12833354703791,0.25,0.0,-2,False,inactive,2026-06-08,2026-06-20,0.01615771611395075,0.018531592827889947,True
2026-06-08,block-1,solana,Cm6fNnMk7NfzStP9CZpsQA2v3jjzbcYGAxdJySmHpump,BUTTCOIN,5.202498054792271,0.5,0.5158994506541116,1,False,inactive,2026-06-09,2026-06-21,0.02013754992254443,0.01766300803724565,True
2026-06-09,block-1,solana,Cm6fNnMk7NfzStP9CZpsQA2v3jjzbcYGAxdJySmHpump,BUTTCOIN,-5.963825870432482,0.25,0.0,-2,False,inactive,2026-06-10,2026-06-22,0.02467525292316421,0.017976834081918646,True
2026-06-10,block-1,solana,Cm6fNnMk7NfzStP9CZpsQA2v3jjzbcYGAxdJySmHpump,BUTTCOIN,-3.659249837966394,0.25,0.0,2,False,inactive,2026-06-11,2026-06-23,0.023362958874250935,0.01614817130994047,True
2026-06-11,block-1,solana,Cm6fNnMk7NfzStP9CZpsQA2v3jjzbcYGAxdJySmHpump,BUTTCOIN,-4.967742366675254,0.25,0.0,-1,False,inactive,2026-06-12,2026-06-24,0.021257584262102183,0.015115304880155498,True
2026-06-12,block-1,solana,Cm6fNnMk7NfzStP9CZpsQA2v3jjzbcYGAxdJySmHpump,BUTTCOIN,-12.962076577924497,0.25,0.0,-2,False,inactive,2026-06-13,2026-06-25,0.022974043547913187,0.01747164284209302,True
2026-06-13,block-1,solana,Cm6fNnMk7NfzStP9CZpsQA2v3jjzbcYGAxdJySmHpump,BUTTCOIN,-16.103366384954565,0.25,0.0,-2,False,inactive,2026-06-14,2026-06-26,0.02345782884298098,0.018391279419102322,True
2026-06-14,block-1,solana,Cm6fNnMk7NfzStP9CZpsQA2v3jjzbcYGAxdJySmHpump,BUTTCOIN,-13.912705830080485,0.5,0.0,-4,False,inactive,2026-06-15,2026-06-27,0.020837230941398,0.017317218866476386,True
2026-06-15,block-1,solana,Cm6fNnMk7NfzStP9CZpsQA2v3jjzbcYGAxdJySmHpump,BUTTCOIN,-4.960281261751087,0.75,0.0,-2,False,inactive,2026-06-16,2026-06-28,0.018853294762485578,0.015817887860765507,True
2026-06-16,block-2,solana,Cm6fNnMk7NfzStP9CZpsQA2v3jjzbcYGAxdJySmHpump,BUTTCOIN,57.449156192339856,0.75,0.8080514968917509,0,True,holder-breadth-nonpositive-daily-v1,2026-06-17,2026-06-29,0.01836537990487555,0.014646684707946413,True
2026-06-17,block-2,solana,Cm6fNnMk7NfzStP9CZpsQA2v3jjzbcYGAxdJySmHpump,BUTTCOIN,77.73882114441825,0.75,0.9442174136585777,1,True,holder-breadth-positive-daily-v1,2026-06-18,2026-06-30,0.018236191905455782,0.014454292091347912,True
2026-06-18,block-2,solana,Cm6fNnMk7NfzStP9CZpsQA2v3jjzbcYGAxdJySmHpump,BUTTCOIN,63.48884735118268,0.5,0.7726594133854546,-1,False,inactive,2026-06-19,2026-07-01,0.016461556012271564,0.014267355452686896,True
2026-06-19,block-2,solana,Cm6fNnMk7NfzStP9CZpsQA2v3jjzbcYGAxdJySmHpump,BUTTCOIN,37.34532057501132,0.25,0.5539071672940926,-3,False,inactive,2026-06-20,2026-07-02,0.018531592827889947,0.01451568732190379,True
2026-06-20,block-2,solana,Cm6fNnMk7NfzStP9CZpsQA2v3jjzbcYGAxdJySmHpump,BUTTCOIN,-15.632758013872895,0.25,0.0,-3,False,inactive,2026-06-21,2026-07-03,0.01766300803724565,0.01663955199354086,True
2026-06-21,block-2,solana,Cm6fNnMk7NfzStP9CZpsQA2v3jjzbcYGAxdJySmHpump,BUTTCOIN,-8.696610694699947,0.5,0.0,0,False,inactive,2026-06-22,2026-07-04,0.017976834081918646,0.017034892156185946,True
2026-06-22,block-2,solana,Cm6fNnMk7NfzStP9CZpsQA2v3jjzbcYGAxdJySmHpump,BUTTCOIN,8.648786673312546,0.75,0.5016778504494777,3,False,inactive,2026-06-23,2026-07-05,0.01614817130994047,0.01439432542572448,True
2026-06-23,block-2,solana,Cm6fNnMk7NfzStP9CZpsQA2v3jjzbcYGAxdJySmHpump,BUTTCOIN,15.717767742091748,0.75,0.833393049174861,3,True,holder-breadth-positive-daily-v1,2026-06-24,2026-07-06,0.015115304880155498,0.014766870154094957,True
2026-06-24,block-2,solana,Cm6fNnMk7NfzStP9CZpsQA2v3jjzbcYGAxdJySmHpump,BUTTCOIN,6.982435827286992,0.5,0.44830911197185014,0,False,inactive,2026-06-25,2026-07-07,0.01747164284209302,0.012582895766409289,True
2026-06-25,block-2,solana,Cm6fNnMk7NfzStP9CZpsQA2v3jjzbcYGAxdJySmHpump,BUTTCOIN,1.9505698776905112,0.5,0.19321032188510356,-2,False,inactive,2026-06-26,2026-07-08,0.018391279419102322,0.01234615799825652,True
2026-06-26,block-2,solana,Cm6fNnMk7NfzStP9CZpsQA2v3jjzbcYGAxdJySmHpump,BUTTCOIN,-7.096476273666785,0.25,0.0,-3,False,inactive,2026-06-27,2026-07-09,0.017317218866476386,0.01148708745862403,True
2026-06-27,block-2,solana,Cm6fNnMk7NfzStP9CZpsQA2v3jjzbcYGAxdJySmHpump,BUTTCOIN,-4.57361360775137,0.5,0.0,-1,False,inactive,2026-06-28,2026-07-10,0.015817887860765507,0.011325022601717919,True
2026-06-28,block-2,solana,Cm6fNnMk7NfzStP9CZpsQA2v3jjzbcYGAxdJySmHpump,BUTTCOIN,0.558464279866322,0.75,0.7685680897550368,1,False,inactive,2026-06-29,2026-07-11,0.014646684707946413,0.010909715701419237,True
2026-06-29,block-2,solana,Cm6fNnMk7NfzStP9CZpsQA2v3jjzbcYGAxdJySmHpump,BUTTCOIN,-32.59396879252658,0.5,0.0,0,False,inactive,2026-06-30,2026-07-12,0.014454292091347912,0.0115598045920587,True
2026-06-30,block-3,solana,Cm6fNnMk7NfzStP9CZpsQA2v3jjzbcYGAxdJySmHpump,BUTTCOIN,-31.460210103462295,0.75,0.0,1,False,inactive,2026-07-01,2026-07-13,0.014267355452686896,0.010381403743559774,True
2026-07-01,block-3,solana,Cm6fNnMk7NfzStP9CZpsQA2v3jjzbcYGAxdJySmHpump,BUTTCOIN,-39.34902304398715,0.5,0.0,1,False,inactive,2026-07-02,2026-07-14,0.01451568732190379,0.011552792917612832,True
2026-07-02,block-3,solana,Cm6fNnMk7NfzStP9CZpsQA2v3jjzbcYGAxdJySmHpump,BUTTCOIN,-38.544861413529205,0.5,0.0,1,False,inactive,2026-07-03,2026-07-15,0.01663955199354086,0.010687658097925217,True
2026-07-03,block-3,solana,Cm6fNnMk7NfzStP9CZpsQA2v3jjzbcYGAxdJySmHpump,BUTTCOIN,14.712914998144555,0.75,0.557378922815507,4,False,inactive,2026-07-04,2026-07-16,0.017034892156185946,0.009977254633607699,True
2026-07-04,block-3,solana,Cm6fNnMk7NfzStP9CZpsQA2v3jjzbcYGAxdJySmHpump,BUTTCOIN,14.434317500841342,0.75,0.5563643898136057,1,False,inactive,2026-07-05,2026-07-17,0.01439432542572448,0.008891451816385952,True
2026-07-05,block-3,solana,Cm6fNnMk7NfzStP9CZpsQA2v3jjzbcYGAxdJySmHpump,BUTTCOIN,133.96197470326342,1.0,1.0,4,True,holder-breadth-positive-daily-v1,2026-07-06,2026-07-18,0.014766870154094957,0.009078656305134509,True
2026-07-06,block-3,solana,Cm6fNnMk7NfzStP9CZpsQA2v3jjzbcYGAxdJySmHpump,BUTTCOIN,130.68752925955778,1.0,1.0,4,True,holder-breadth-positive-daily-v1,2026-07-07,2026-07-19,0.012582895766409289,0.00941878007726457,True
2026-07-07,block-3,solana,Cm6fNnMk7NfzStP9CZpsQA2v3jjzbcYGAxdJySmHpump,BUTTCOIN,80.95296163632155,0.75,0.9707588094825965,3,True,holder-breadth-positive-daily-v1,2026-07-08,2026-07-20,0.01234615799825652,0.01023092964599271,True
2026-07-08,block-3,solana,Cm6fNnMk7NfzStP9CZpsQA2v3jjzbcYGAxdJySmHpump,BUTTCOIN,63.49919034754083,0.5,0.7829753434656411,6,False,inactive,2026-07-09,2026-07-21,0.01148708745862403,0.009848149126899077,True
2026-07-09,block-3,solana,Cm6fNnMk7NfzStP9CZpsQA2v3jjzbcYGAxdJySmHpump,BUTTCOIN,-43.17083925659283,0.25,0.0,-3,False,inactive,2026-07-10,2026-07-22,0.011325022601717919,0.009180888626799591,True
2026-07-10,block-3,solana,Cm6fNnMk7NfzStP9CZpsQA2v3jjzbcYGAxdJySmHpump,BUTTCOIN,-50.578722712830036,0.0,,-1,False,inactive,2026-07-11,2026-07-23,0.010909715701419237,0.008520739738237004,True
2026-07-11,block-3,solana,Cm6fNnMk7NfzStP9CZpsQA2v3jjzbcYGAxdJySmHpump,BUTTCOIN,-49.86660134627895,0.25,0.0,-4,False,inactive,2026-07-12,2026-07-24,0.0115598045920587,0.007937557567863907,True
2026-07-12,block-3,solana,Cm6fNnMk7NfzStP9CZpsQA2v3jjzbcYGAxdJySmHpump,BUTTCOIN,-45.11494454630838,0.5,0.0,-5,False,inactive,2026-07-13,2026-07-25,0.010381403743559774,0.00918265030599385,True
2026-07-13,block-3,solana,Cm6fNnMk7NfzStP9CZpsQA2v3jjzbcYGAxdJySmHpump,BUTTCOIN,0.7124332601735173,0.75,0.05215100941930687,1,False,inactive,2026-07-14,2026-07-26,0.011552792917612832,0.009171825582522315,True
2026-07-14,block-4,solana,Cm6fNnMk7NfzStP9CZpsQA2v3jjzbcYGAxdJySmHpump,BUTTCOIN,-3.538113084367156,0.75,0.0,-5,False,inactive,2026-07-15,2026-07-27,0.010687658097925217,0.008374878851459334,True
2026-07-15,block-4,solana,Cm6fNnMk7NfzStP9CZpsQA2v3jjzbcYGAxdJySmHpump,BUTTCOIN,-3.4518531603615843,0.75,0.0,-2,False,inactive,2026-07-16,2026-07-28,0.009977254633607699,0.008462636257389555,True
2026-07-16,block-4,solana,Cm6fNnMk7NfzStP9CZpsQA2v3jjzbcYGAxdJySmHpump,BUTTCOIN,-2.2920024200741573,0.75,0.0,-4,False,inactive,2026-07-17,2026-07-29,0.008891451816385952,0.010685149093789231,True
2026-07-17,block-4,solana,Cm6fNnMk7NfzStP9CZpsQA2v3jjzbcYGAxdJySmHpump,BUTTCOIN,-13.934171788295114,0.75,0.0,-3,False,inactive,2026-07-18,2026-07-30,0.009078656305134509,0.010931817624587933,True
2026-07-18,block-4,solana,Cm6fNnMk7NfzStP9CZpsQA2v3jjzbcYGAxdJySmHpump,BUTTCOIN,-1.8731142768015463,0.75,0.0,2,False,inactive,2026-07-19,2026-07-31,0.00941878007726457,0.012059555512798546,True
2026-07-19,block-4,solana,Cm6fNnMk7NfzStP9CZpsQA2v3jjzbcYGAxdJySmHpump,BUTTCOIN,-1.9888252133009265,0.75,0.0,2,False,inactive,2026-07-20,2026-08-01,0.01023092964599271,0.01153209900895844,True
2026-07-20,block-4,solana,Cm6fNnMk7NfzStP9CZpsQA2v3jjzbcYGAxdJySmHpump,BUTTCOIN,0.3887811235945726,0.75,0.07188955252191792,5,False,inactive,2026-07-21,2026-08-02,0.009848149126899077,0.010717106417058664,True
2026-07-21,block-4,solana,Cm6fNnMk7NfzStP9CZpsQA2v3jjzbcYGAxdJySmHpump,BUTTCOIN,-1.555486258788441,0.5,0.0,2,False,inactive,2026-07-22,2026-08-03,0.009180888626799591,0.013432818504918046,True
2026-07-22,block-4,solana,Cm6fNnMk7NfzStP9CZpsQA2v3jjzbcYGAxdJySmHpump,BUTTCOIN,3.3179340585634876,0.5,0.8510857896257847,1,True,holder-breadth-positive-daily-v1,2026-07-23,2026-08-04,0.008520739738237004,0.013874399545906899,True
2026-07-23,block-4,solana,Cm6fNnMk7NfzStP9CZpsQA2v3jjzbcYGAxdJySmHpump,BUTTCOIN,0.07308058247166294,0.25,0.01906836942789676,0,False,inactive,2026-07-24,2026-08-05,0.007937557567863907,0.011693732101001745,True
2026-07-24,block-4,solana,Cm6fNnMk7NfzStP9CZpsQA2v3jjzbcYGAxdJySmHpump,BUTTCOIN,-3.435932724663582,0.25,0.0,2,False,inactive,2026-07-25,2026-08-06,0.00918265030599385,0.010200179950506573,True
2026-07-25,block-4,solana,Cm6fNnMk7NfzStP9CZpsQA2v3jjzbcYGAxdJySmHpump,BUTTCOIN,1.1966687674050736,0.5,0.26587206438270766,4,False,inactive,2026-07-26,2026-08-07,0.009171825582522315,0.011785132268794126,True
2026-07-26,block-4,solana,Cm6fNnMk7NfzStP9CZpsQA2v3jjzbcYGAxdJySmHpump,BUTTCOIN,-1.60504355602904,0.5,0.0,3,False,inactive,2026-07-27,2026-08-08,0.008374878851459334,0.010881293748280655,True
2026-07-27,block-4,solana,Cm6fNnMk7NfzStP9CZpsQA2v3jjzbcYGAxdJySmHpump,BUTTCOIN,3.0253611290878224,0.75,0.4911989170599062,4,False,inactive,2026-07-28,2026-08-09,0.008462636257389555,0.010173283698505169,True
2026-06-02,block-1,solana,pumpCmXqMfrsAkQ5r49WcJnRayYRqmXz6ae8H7H9Dfn,PUMP,0.788655789120063,0.5,0.23935728155823208,2,False,inactive,2026-06-03,2026-06-15,0.0017706899439879917,0.001558569116870429,True
2026-06-03,block-1,solana,pumpCmXqMfrsAkQ5r49WcJnRayYRqmXz6ae8H7H9Dfn,PUMP,3.2877386344526194,0.5,0.9736830641232144,3,True,holder-breadth-positive-daily-v1,2026-06-04,2026-06-16,0.0016486817883165996,0.0015066241474629592,True
2026-06-04,block-1,solana,pumpCmXqMfrsAkQ5r49WcJnRayYRqmXz6ae8H7H9Dfn,PUMP,2.453837320895347,0.25,0.7325388112747793,0,False,inactive,2026-06-05,2026-06-17,0.0014138762989713818,0.0014728501051276023,True
2026-06-05,block-1,solana,pumpCmXqMfrsAkQ5r49WcJnRayYRqmXz6ae8H7H9Dfn,PUMP,-27.99635730458907,0.0,,-5,False,inactive,2026-06-06,2026-06-18,0.0014229402260657064,0.0014457930398432055,True
2026-06-06,block-1,solana,pumpCmXqMfrsAkQ5r49WcJnRayYRqmXz6ae8H7H9Dfn,PUMP,-27.085590708981545,0.25,0.0,-6,False,inactive,2026-06-07,2026-06-19,0.0015230001332191625,0.0013713579894127405,True
2026-06-07,block-1,solana,pumpCmXqMfrsAkQ5r49WcJnRayYRqmXz6ae8H7H9Dfn,PUMP,-27.934706383667752,0.25,0.0,-6,False,inactive,2026-06-08,2026-06-20,0.0016222105782286176,0.001416044190093295,True
2026-06-08,block-1,solana,pumpCmXqMfrsAkQ5r49WcJnRayYRqmXz6ae8H7H9Dfn,PUMP,-27.366377228067805,0.5,0.0,-1,False,inactive,2026-06-09,2026-06-21,0.0015206568686570957,0.0014658070577121868,True
2026-06-09,block-1,solana,pumpCmXqMfrsAkQ5r49WcJnRayYRqmXz6ae8H7H9Dfn,PUMP,-3.899258876131051,0.5,0.0,-2,False,inactive,2026-06-10,2026-06-22,0.0013719054833181655,0.0014558788215688822,True
2026-06-10,block-1,solana,pumpCmXqMfrsAkQ5r49WcJnRayYRqmXz6ae8H7H9Dfn,PUMP,-4.384240091839242,0.5,0.0,1,False,inactive,2026-06-11,2026-06-23,0.0014519701160388616,0.0014450323686405193,True
2026-06-11,block-1,solana,pumpCmXqMfrsAkQ5r49WcJnRayYRqmXz6ae8H7H9Dfn,PUMP,-3.2572600290846965,0.5,0.0,1,False,inactive,2026-06-12,2026-06-24,0.0015041156234652498,0.0012870839231585807,True
2026-06-12,block-1,solana,pumpCmXqMfrsAkQ5r49WcJnRayYRqmXz6ae8H7H9Dfn,PUMP,-3.258216177685669,0.25,0.0,-2,False,inactive,2026-06-13,2026-06-25,0.0015389034476249535,0.0011974327227782767,True
2026-06-13,block-1,solana,pumpCmXqMfrsAkQ5r49WcJnRayYRqmXz6ae8H7H9Dfn,PUMP,0.6676216484990505,0.5,0.999805789688061,1,True,holder-breadth-positive-daily-v1,2026-06-14,2026-06-26,0.0015743016049030395,0.0013407701384892212,True
2026-06-14,block-1,solana,pumpCmXqMfrsAkQ5r49WcJnRayYRqmXz6ae8H7H9Dfn,PUMP,-0.005541996556035489,0.25,0.0,-3,False,inactive,2026-06-15,2026-06-27,0.001558569116870429,0.001359765661983586,True
2026-06-15,block-1,solana,pumpCmXqMfrsAkQ5r49WcJnRayYRqmXz6ae8H7H9Dfn,PUMP,-0.000883143361496419,0.5,0.0,-1,False,inactive,2026-06-16,2026-06-28,0.0015066241474629592,0.001444384133790469,True
2026-06-16,block-2,solana,pumpCmXqMfrsAkQ5r49WcJnRayYRqmXz6ae8H7H9Dfn,PUMP,-0.004188816875161372,0.5,0.0,-2,False,inactive,2026-06-17,2026-06-29,0.0014728501051276023,0.0014822884876279025,True
2026-06-17,block-2,solana,pumpCmXqMfrsAkQ5r49WcJnRayYRqmXz6ae8H7H9Dfn,PUMP,-0.005234911150664434,0.25,0.0,-2,False,inactive,2026-06-18,2026-06-30,0.0014457930398432055,0.0014126984596306888,True
2026-06-18,block-2,solana,pumpCmXqMfrsAkQ5r49WcJnRayYRqmXz6ae8H7H9Dfn,PUMP,0.0002758069653330253,0.25,0.05919733217456768,-1,False,inactive,2026-06-19,2026-07-01,0.0013713579894127405,0.0013867872775607186,True
2026-06-19,block-2,solana,pumpCmXqMfrsAkQ5r49WcJnRayYRqmXz6ae8H7H9Dfn,PUMP,-0.014938803412101187,0.0,,-3,False,inactive,2026-06-20,2026-07-02,0.001416044190093295,0.0015231937296044426,True
2026-06-20,block-2,solana,pumpCmXqMfrsAkQ5r49WcJnRayYRqmXz6ae8H7H9Dfn,PUMP,0.003879007696072634,0.25,0.2521507708817739,-1,False,inactive,2026-06-21,2026-07-03,0.0014658070577121868,0.0016315706261523948,True
2026-06-21,block-2,solana,pumpCmXqMfrsAkQ5r49WcJnRayYRqmXz6ae8H7H9Dfn,PUMP,0.004827240451277248,0.5,0.3134094408330191,1,False,inactive,2026-06-22,2026-07-04,0.0014558788215688822,0.0015521328453738821,True
2026-06-22,block-2,solana,pumpCmXqMfrsAkQ5r49WcJnRayYRqmXz6ae8H7H9Dfn,PUMP,0.004846182415696454,0.5,0.31463919163070436,2,False,inactive,2026-06-23,2026-07-05,0.0014450323686405193,0.0016286573905771099,True
2026-06-23,block-2,solana,pumpCmXqMfrsAkQ5r49WcJnRayYRqmXz6ae8H7H9Dfn,PUMP,0.015412200032693946,0.75,1.0,2,True,holder-breadth-positive-daily-v1,2026-06-24,2026-07-06,0.0012870839231585807,0.0016312337576700143,True
2026-06-24,block-2,solana,pumpCmXqMfrsAkQ5r49WcJnRayYRqmXz6ae8H7H9Dfn,PUMP,0.045353180739571286,0.75,1.0,1,True,holder-breadth-positive-daily-v1,2026-06-25,2026-07-07,0.0011974327227782767,0.0015650789710628759,True
2026-06-25,block-2,solana,pumpCmXqMfrsAkQ5r49WcJnRayYRqmXz6ae8H7H9Dfn,PUMP,-55.93435299951286,0.5,0.0,-5,False,inactive,2026-06-26,2026-07-08,0.0013407701384892212,0.0014861326441946337,True
2026-06-26,block-2,solana,pumpCmXqMfrsAkQ5r49WcJnRayYRqmXz6ae8H7H9Dfn,PUMP,-55.91397093082032,0.75,0.0,-4,False,inactive,2026-06-27,2026-07-09,0.001359765661983586,0.001480944918306776,True
2026-06-27,block-2,solana,pumpCmXqMfrsAkQ5r49WcJnRayYRqmXz6ae8H7H9Dfn,PUMP,-55.84160145114703,0.75,0.0,-3,False,inactive,2026-06-28,2026-07-10,0.001444384133790469,0.0014588132073272394,True
2026-06-28,block-2,solana,pumpCmXqMfrsAkQ5r49WcJnRayYRqmXz6ae8H7H9Dfn,PUMP,-55.86172798112396,0.5,0.0,-2,False,inactive,2026-06-29,2026-07-11,0.0014822884876279025,0.0013953780049286077,True
2026-06-29,block-2,solana,pumpCmXqMfrsAkQ5r49WcJnRayYRqmXz6ae8H7H9Dfn,PUMP,0.2116805537067057,0.75,0.9987127370732319,16,True,holder-breadth-positive-daily-v1,2026-06-30,2026-07-12,0.0014126984596306888,0.0014604636226273643,True
2026-06-30,block-3,solana,pumpCmXqMfrsAkQ5r49WcJnRayYRqmXz6ae8H7H9Dfn,PUMP,-66.91492245256521,0.5,0.0,25,False,inactive,2026-07-01,2026-07-13,0.0013867872775607186,0.0014749839034084889,True
2026-07-01,block-3,solana,pumpCmXqMfrsAkQ5r49WcJnRayYRqmXz6ae8H7H9Dfn,PUMP,-64.3128753399808,0.5,0.0,47,False,inactive,2026-07-02,2026-07-14,0.0015231937296044426,0.0015177010574862243,True
2026-07-02,block-3,solana,pumpCmXqMfrsAkQ5r49WcJnRayYRqmXz6ae8H7H9Dfn,PUMP,-82.04984727020616,0.5,0.0,47,False,inactive,2026-07-03,2026-07-15,0.0016315706261523948,0.0016926949538679278,True
2026-07-03,block-3,solana,pumpCmXqMfrsAkQ5r49WcJnRayYRqmXz6ae8H7H9Dfn,PUMP,-79.3985131380126,0.5,0.0,42,False,inactive,2026-07-04,2026-07-16,0.0015521328453738821,0.0016960911549785244,True
2026-07-04,block-3,solana,pumpCmXqMfrsAkQ5r49WcJnRayYRqmXz6ae8H7H9Dfn,PUMP,-48.203053421634515,0.5,0.0,36,False,inactive,2026-07-05,2026-07-17,0.0016286573905771099,0.0016359592567456466,True
2026-07-05,block-3,solana,pumpCmXqMfrsAkQ5r49WcJnRayYRqmXz6ae8H7H9Dfn,PUMP,-27.402196863092843,0.5,0.0,37,False,inactive,2026-07-06,2026-07-18,0.0016312337576700143,0.0016601160290977378,True
2026-07-06,block-3,solana,pumpCmXqMfrsAkQ5r49WcJnRayYRqmXz6ae8H7H9Dfn,PUMP,16.6775654466786,0.5,0.2614368098434076,36,False,inactive,2026-07-07,2026-07-19,0.0015650789710628759,0.002002090993116086,True
2026-07-07,block-3,solana,pumpCmXqMfrsAkQ5r49WcJnRayYRqmXz6ae8H7H9Dfn,PUMP,13.535827600946092,0.5,0.24797172059248615,26,False,inactive,2026-07-08,2026-07-20,0.0014861326441946337,0.0020236320941349113,True
2026-07-08,block-3,solana,pumpCmXqMfrsAkQ5r49WcJnRayYRqmXz6ae8H7H9Dfn,PUMP,0.3588511664454508,0.5,0.005459488302365343,28,False,inactive,2026-07-09,2026-07-21,0.001480944918306776,0.00200404916074145,True
2026-07-09,block-3,solana,pumpCmXqMfrsAkQ5r49WcJnRayYRqmXz6ae8H7H9Dfn,PUMP,-33.720975374442105,0.5,0.0,-5,False,inactive,2026-07-10,2026-07-22,0.0014588132073272394,0.0019066465255576435,True
2026-07-10,block-3,solana,pumpCmXqMfrsAkQ5r49WcJnRayYRqmXz6ae8H7H9Dfn,PUMP,-18.010776911158977,0.5,0.0,8,False,inactive,2026-07-11,2026-07-23,0.0013953780049286077,0.0018325686376825555,True
2026-07-11,block-3,solana,pumpCmXqMfrsAkQ5r49WcJnRayYRqmXz6ae8H7H9Dfn,PUMP,-26.58767193266891,0.25,0.0,-12,False,inactive,2026-07-12,2026-07-24,0.0014604636226273643,0.001833827308160463,True
2026-07-12,block-3,solana,pumpCmXqMfrsAkQ5r49WcJnRayYRqmXz6ae8H7H9Dfn,PUMP,0.9207563998057333,0.5,0.9986246053759636,-23,True,holder-breadth-nonpositive-daily-v1,2026-07-13,2026-07-25,0.0014749839034084889,0.0017803860078564563,True
2026-07-13,block-3,solana,pumpCmXqMfrsAkQ5r49WcJnRayYRqmXz6ae8H7H9Dfn,PUMP,-27.86470773617514,0.25,0.0,-17,False,inactive,2026-07-14,2026-07-26,0.0015177010574862243,0.0020158975206566628,True
2026-07-14,block-4,solana,pumpCmXqMfrsAkQ5r49WcJnRayYRqmXz6ae8H7H9Dfn,PUMP,-28.29068192565021,0.25,0.0,-22,False,inactive,2026-07-15,2026-07-27,0.0016926949538679278,0.002115437091047787,True
2026-07-15,block-4,solana,pumpCmXqMfrsAkQ5r49WcJnRayYRqmXz6ae8H7H9Dfn,PUMP,-16.634404645620403,0.5,0.0,-7,False,inactive,2026-07-16,2026-07-28,0.0016960911549785244,0.0019736561168655947,True
2026-07-16,block-4,solana,pumpCmXqMfrsAkQ5r49WcJnRayYRqmXz6ae8H7H9Dfn,PUMP,-17.38758068859908,0.5,0.0,4,False,inactive,2026-07-17,2026-07-29,0.0016359592567456466,0.0018622611752948685,True
2026-07-17,block-4,solana,pumpCmXqMfrsAkQ5r49WcJnRayYRqmXz6ae8H7H9Dfn,PUMP,25.66964171517281,0.75,0.9775122362758116,3,True,holder-breadth-positive-daily-v1,2026-07-18,2026-07-30,0.0016601160290977378,0.0019819371064072524,True
2026-07-18,block-4,solana,pumpCmXqMfrsAkQ5r49WcJnRayYRqmXz6ae8H7H9Dfn,PUMP,13.58567992142583,0.75,0.5142940748814406,-8,False,inactive,2026-07-19,2026-07-31,0.002002090993116086,0.00206643941354854,True
2026-07-19,block-4,solana,pumpCmXqMfrsAkQ5r49WcJnRayYRqmXz6ae8H7H9Dfn,PUMP,2.8447620546687036,0.75,0.20493312152900645,3,False,inactive,2026-07-20,2026-08-01,0.0020236320941349113,0.0021134516622716036,True
2026-07-20,block-4,solana,pumpCmXqMfrsAkQ5r49WcJnRayYRqmXz6ae8H7H9Dfn,PUMP,41.76838620508927,0.75,0.7909973422452645,3,False,inactive,2026-07-21,2026-08-02,0.00200404916074145,0.0020887009416263257,True
2026-07-21,block-4,solana,pumpCmXqMfrsAkQ5r49WcJnRayYRqmXz6ae8H7H9Dfn,PUMP,31.036803842280225,0.75,0.7535727103972285,2,False,inactive,2026-07-22,2026-08-03,0.0019066465255576435,0.002131023334512224,True
2026-07-22,block-4,solana,pumpCmXqMfrsAkQ5r49WcJnRayYRqmXz6ae8H7H9Dfn,PUMP,38.05628413785141,0.75,0.8302244218638409,1,True,holder-breadth-positive-daily-v1,2026-07-23,2026-08-04,0.0018325686376825555,0.0024233028328894987,True
2026-07-23,block-4,solana,pumpCmXqMfrsAkQ5r49WcJnRayYRqmXz6ae8H7H9Dfn,PUMP,32.859803591307845,0.75,0.8163285290757502,-4,True,holder-breadth-nonpositive-daily-v1,2026-07-24,2026-08-05,0.001833827308160463,0.0024099087585302908,True
2026-07-24,block-4,solana,pumpCmXqMfrsAkQ5r49WcJnRayYRqmXz6ae8H7H9Dfn,PUMP,-6.182992654675823,0.5,0.0,-7,False,inactive,2026-07-25,2026-08-06,0.0017803860078564563,0.0023828195851367823,True
2026-07-25,block-4,solana,pumpCmXqMfrsAkQ5r49WcJnRayYRqmXz6ae8H7H9Dfn,PUMP,-12.695953617954626,0.25,0.0,-10,False,inactive,2026-07-26,2026-08-07,0.0020158975206566628,0.002265589563106969,True
2026-07-26,block-4,solana,pumpCmXqMfrsAkQ5r49WcJnRayYRqmXz6ae8H7H9Dfn,PUMP,-5.213073686830738,0.5,0.0,-5,False,inactive,2026-07-27,2026-08-08,0.002115437091047787,0.0024117899227591843,True
2026-07-27,block-4,solana,pumpCmXqMfrsAkQ5r49WcJnRayYRqmXz6ae8H7H9Dfn,PUMP,-6.427849098244954,0.25,0.0,-5,False,inactive,2026-07-28,2026-08-09,0.0019736561168655947,0.0026725218612239717,True
