source_experiment_id,feature_set_version,chain,symbol,token_address,timestamp,holdings_change_1h_pct,price_return_1h_pct,positive_holdings_delta_hours_1h,negative_holdings_delta_hours_1h,accumulation_persistence_1h,distribution_persistence_1h,holdings_velocity_1h_pct_per_hour,holdings_acceleration_1h_pct_per_hour,holder_count_change_1h,accumulation_retention_1h,flow_price_divergence_1h_pct,market_phase_1h,holdings_change_4h_pct,price_return_4h_pct,positive_holdings_delta_hours_4h,negative_holdings_delta_hours_4h,accumulation_persistence_4h,distribution_persistence_4h,holdings_velocity_4h_pct_per_hour,holdings_acceleration_4h_pct_per_hour,holder_count_change_4h,accumulation_retention_4h,flow_price_divergence_4h_pct,market_phase_4h,holdings_change_12h_pct,price_return_12h_pct,positive_holdings_delta_hours_12h,negative_holdings_delta_hours_12h,accumulation_persistence_12h,distribution_persistence_12h,holdings_velocity_12h_pct_per_hour,holdings_acceleration_12h_pct_per_hour,holder_count_change_12h,accumulation_retention_12h,flow_price_divergence_12h_pct,market_phase_12h,holdings_change_24h_pct,price_return_24h_pct,positive_holdings_delta_hours_24h,negative_holdings_delta_hours_24h,accumulation_persistence_24h,distribution_persistence_24h,holdings_velocity_24h_pct_per_hour,holdings_acceleration_24h_pct_per_hour,holder_count_change_24h,accumulation_retention_24h,flow_price_divergence_24h_pct,market_phase_24h
2026-08-16-seven-token-pilot,community-signals-v1,base,AI-HEDGE-FUND,0xadf4d5b9d7e54e3e85b667ed613a285bce36b821,2026-08-12T11:00:00Z,,,,,,,,,,,,unavailable,,,,,,,,,,,,unavailable,,,,,,,,,,,,unavailable,,,,,,,,,,,,unavailable
2026-08-16-seven-token-pilot,community-signals-v1,base,AI-HEDGE-FUND,0xadf4d5b9d7e54e3e85b667ed613a285bce36b821,2026-08-12T12:00:00Z,0.0,0.6201818629942402,0,0,0.0,0.0,0.0,,0,,-0.6201818629942402,flat,,,,,,,,,,,,unavailable,,,,,,,,,,,,unavailable,,,,,,,,,,,,unavailable
2026-08-16-seven-token-pilot,community-signals-v1,base,AI-HEDGE-FUND,0xadf4d5b9d7e54e3e85b667ed613a285bce36b821,2026-08-12T13:00:00Z,0.0,6.074408960397881,0,0,0.0,0.0,0.0,0.0,0,,-6.074408960397881,flat,,,,,,,,,,,,unavailable,,,,,,,,,,,,unavailable,,,,,,,,,,,,unavailable
2026-08-16-seven-token-pilot,community-signals-v1,base,AI-HEDGE-FUND,0xadf4d5b9d7e54e3e85b667ed613a285bce36b821,2026-08-12T14:00:00Z,0.004553263783968475,12.669573339631102,1,0,1.0,0.0,0.004553263783968475,0.004553263783968475,0,1.0,-12.665020075847133,markup,,,,,,,,,,,,unavailable,,,,,,,,,,,,unavailable,,,,,,,,,,,,unavailable
2026-08-16-seven-token-pilot,community-signals-v1,base,AI-HEDGE-FUND,0xadf4d5b9d7e54e3e85b667ed613a285bce36b821,2026-08-12T15:00:00Z,0.3360104792981877,14.016122748891458,1,0,1.0,0.0,0.3360104792981877,0.33145721551421925,1,1.0,-13.68011226959327,markup,0.3405790425256239,37.10984392689261,2,0,0.5,0.0,0.08514476063140597,,1,1.0,-36.76926488436698,markup,,,,,,,,,,,,unavailable,,,,,,,,,,,,unavailable
2026-08-16-seven-token-pilot,community-signals-v1,base,AI-HEDGE-FUND,0xadf4d5b9d7e54e3e85b667ed613a285bce36b821,2026-08-12T16:00:00Z,0.0,-10.918024287766205,0,0,0.0,0.0,0.0,-0.3360104792981877,0,,10.918024287766205,flat,0.3405790425256239,21.387335626508587,2,0,0.5,0.0,0.08514476063140597,,1,1.0,-21.046756583982962,markup,,,,,,,,,,,,unavailable,,,,,,,,,,,,unavailable
2026-08-16-seven-token-pilot,community-signals-v1,base,AI-HEDGE-FUND,0xadf4d5b9d7e54e3e85b667ed613a285bce36b821,2026-08-12T17:00:00Z,0.0,0.42963543605016863,0,0,0.0,0.0,0.0,0.0,0,,-0.42963543605016863,flat,0.3405790425256239,14.927681266412751,2,0,0.5,0.0,0.08514476063140597,,1,1.0,-14.587102223887127,markup,,,,,,,,,,,,unavailable,,,,,,,,,,,,unavailable
2026-08-16-seven-token-pilot,community-signals-v1,base,AI-HEDGE-FUND,0xadf4d5b9d7e54e3e85b667ed613a285bce36b821,2026-08-12T18:00:00Z,0.0,-7.732560242091024,0,0,0.0,0.0,0.0,0.0,0,,7.732560242091024,flat,0.3360104792981877,-5.883349040472874,1,0,0.25,0.0,0.08400261982454693,,1,1.0,6.219359519771062,accumulation_divergence,,,,,,,,,,,,unavailable,,,,,,,,,,,,unavailable
2026-08-16-seven-token-pilot,community-signals-v1,base,AI-HEDGE-FUND,0xadf4d5b9d7e54e3e85b667ed613a285bce36b821,2026-08-12T19:00:00Z,0.0,-7.631176574498633,0,0,0.0,0.0,0.0,0.0,0,,7.631176574498633,flat,0.0,-23.752500047502025,0,0,0.0,0.0,0.0,-0.08514476063140597,0,,23.752500047502025,flat,,,,,,,,,,,,unavailable,,,,,,,,,,,,unavailable
2026-08-16-seven-token-pilot,community-signals-v1,base,AI-HEDGE-FUND,0xadf4d5b9d7e54e3e85b667ed613a285bce36b821,2026-08-12T20:00:00Z,0.35385625598431947,1.0043552583606896,1,0,1.0,0.0,0.35385625598431947,0.35385625598431947,0,1.0,-0.6504990023763702,markup,0.35385625598431947,-13.547836010710446,1,0,0.25,0.0,0.08846406399607987,0.003319303364673898,0,1.0,13.901692266694766,accumulation_divergence,,,,,,,,,,,,unavailable,,,,,,,,,,,,unavailable
2026-08-16-seven-token-pilot,community-signals-v1,base,AI-HEDGE-FUND,0xadf4d5b9d7e54e3e85b667ed613a285bce36b821,2026-08-12T21:00:00Z,0.0009242908139084349,-6.725974187528738,1,0,1.0,0.0,0.0009242908139084349,-0.35293196517041103,1,1.0,6.726898478342647,accumulation_divergence,0.35478381745910337,-19.707551058316042,2,0,0.5,0.0,0.08869595436477584,0.003551193733369873,1,1.0,20.062334875775147,accumulation_divergence,,,,,,,,,,,,unavailable,,,,,,,,,,,,unavailable
2026-08-16-seven-token-pilot,community-signals-v1,base,AI-HEDGE-FUND,0xadf4d5b9d7e54e3e85b667ed613a285bce36b821,2026-08-12T22:00:00Z,-0.36862522773316586,-0.6193362140940462,0,1,0.0,1.0,-0.36862522773316586,-0.3695495185470743,0,,0.2507109863608803,markdown,-0.015149232929134726,-13.517521524850517,2,1,0.5,0.25,-0.0037873082322836815,-0.08778992805683061,1,0.0,13.502372291921382,markdown,,,,,,,,,,,,unavailable,,,,,,,,,,,,unavailable
2026-08-16-seven-token-pilot,community-signals-v1,base,AI-HEDGE-FUND,0xadf4d5b9d7e54e3e85b667ed613a285bce36b821,2026-08-12T23:00:00Z,-0.32374046328657036,-7.355755304219991,0,1,0.0,1.0,-0.32374046328657036,0.044884764446595504,0,,7.032014840933421,markdown,-0.33884065201884583,-13.259651897468272,2,2,0.5,0.5,-0.08471016300471146,-0.08471016300471146,1,0.0,12.920811245449427,markdown,0.0005843702584495958,-9.319186917810306,4,2,0.3333333333333333,0.16666666666666666,4.8697521537466315e-05,,2,0.0008389239690236274,9.319771288068756,accumulation_divergence,,,,,,,,,,,,unavailable
2026-08-16-seven-token-pilot,community-signals-v1,base,AI-HEDGE-FUND,0xadf4d5b9d7e54e3e85b667ed613a285bce36b821,2026-08-13T00:00:00Z,0.0,-8.19067605859547,0,0,0.0,0.0,0.0,0.32374046328657036,0,,8.19067605859547,flat,-0.6902543996278654,-21.156145223981916,1,2,0.25,0.5,-0.17256359990696635,-0.2610276639030462,1,0.0,20.46589082435405,markdown,0.0005843702584495958,-17.25969890544816,4,2,0.3333333333333333,0.16666666666666666,4.8697521537466315e-05,,2,0.0008389239690236274,17.260283275706612,accumulation_divergence,,,,,,,,,,,,unavailable
2026-08-16-seven-token-pilot,community-signals-v1,base,AI-HEDGE-FUND,0xadf4d5b9d7e54e3e85b667ed613a285bce36b821,2026-08-13T01:00:00Z,0.0,-0.5363056585797388,0,0,0.0,0.0,0.0,0.0,0,,0.5363056585797388,flat,-0.6911723019996874,-15.924063491074724,0,2,0.0,0.5,-0.17279307549992184,-0.2614890298646977,0,,15.232891189075037,markdown,0.0005843702584495958,-22.41619728601959,4,2,0.3333333333333333,0.16666666666666666,4.8697521537466315e-05,,2,0.0008389239690236274,22.41678165627804,accumulation_divergence,,,,,,,,,,,,unavailable
2026-08-16-seven-token-pilot,community-signals-v1,base,AI-HEDGE-FUND,0xadf4d5b9d7e54e3e85b667ed613a285bce36b821,2026-08-13T02:00:00Z,0.0,14.267044370289739,0,0,0.0,0.0,0.0,0.0,0,,-14.267044370289739,flat,-0.32374046328657036,-3.330201252876952,0,1,0.0,0.25,-0.08093511582164259,-0.07714780758935891,0,,3.0064607895903817,markdown,-0.003968712819557574,-21.316185334165272,3,2,0.25,0.16666666666666666,-0.0003307260682964645,,2,0.0,21.312216621345716,markdown,,,,,,,,,,,,unavailable
2026-08-16-seven-token-pilot,community-signals-v1,base,AI-HEDGE-FUND,0xadf4d5b9d7e54e3e85b667ed613a285bce36b821,2026-08-13T03:00:00Z,0.0,2.848301248185514,0,0,0.0,0.0,0.0,0.0,0,,-2.848301248185514,flat,0.0,7.317239357864347,0,0,0.0,0.0,0.0,0.08471016300471146,0,,-7.317239357864347,flat,-0.33884065201884583,-29.023225145701183,2,2,0.16666666666666666,0.16666666666666666,-0.028236721001570486,,1,0.0,28.684384493682337,markdown,,,,,,,,,,,,unavailable
2026-08-16-seven-token-pilot,community-signals-v1,base,AI-HEDGE-FUND,0xadf4d5b9d7e54e3e85b667ed613a285bce36b821,2026-08-13T04:00:00Z,9.877590567697325e-06,1.3742476896618783,1,0,1.0,0.0,9.877590567697325e-06,9.877590567697325e-06,0,1.0,-1.3742378120713106,markup,9.877590567697325e-06,18.49781631088261,1,0,0.25,0.0,2.4693976419243313e-06,0.17256606930460827,0,1.0,-18.49780643329204,markup,-0.33883080789757214,-19.22925937861837,3,2,0.25,0.16666666666666666,-0.028235900658131013,,1,0.0,18.890428570720797,markdown,,,,,,,,,,,,unavailable
2026-08-16-seven-token-pilot,community-signals-v1,base,AI-HEDGE-FUND,0xadf4d5b9d7e54e3e85b667ed613a285bce36b821,2026-08-13T05:00:00Z,0.022755591587975132,2.1659608912153905,1,0,1.0,0.0,0.022755591587975132,0.022745713997407435,0,1.0,-2.1432052996274154,markup,0.022765471426233752,21.71720894817497,2,0,0.5,0.0,0.005691367856558438,0.17848444335648028,0,1.0,-21.694443476748738,markup,-0.3161523192644178,-17.832816064206913,4,2,0.3333333333333333,0.16666666666666666,-0.02634602660536815,,1,0.0,17.516663744942495,markdown,,,,,,,,,,,,unavailable
2026-08-16-seven-token-pilot,community-signals-v1,base,AI-HEDGE-FUND,0xadf4d5b9d7e54e3e85b667ed613a285bce36b821,2026-08-13T06:00:00Z,0.0,-10.563561738561834,0,0,0.0,0.0,0.0,-0.022755591587975132,0,,10.563561738561834,flat,0.022765471426233752,-4.732342527637434,2,0,0.5,0.0,0.005691367856558438,0.08662648367820103,0,1.0,4.755107999063668,accumulation_divergence,-0.3161523192644178,-20.35391582912245,4,2,0.3333333333333333,0.16666666666666666,-0.02634602660536815,,1,0.0,20.03776350985803,markdown,,,,,,,,,,,,unavailable
2026-08-16-seven-token-pilot,community-signals-v1,base,AI-HEDGE-FUND,0xadf4d5b9d7e54e3e85b667ed613a285bce36b821,2026-08-13T07:00:00Z,0.0,-0.19545825181075394,0,0,0.0,0.0,0.0,0.0,0,,0.19545825181075394,flat,0.022765471426233752,-7.551755526731663,2,0,0.5,0.0,0.005691367856558438,0.005691367856558438,0,1.0,7.5745209981578965,accumulation_divergence,-0.3161523192644178,-13.942381878195963,4,2,0.3333333333333333,0.16666666666666666,-0.02634602660536815,,1,0.0,13.626229558931545,markdown,,,,,,,,,,,,unavailable
2026-08-16-seven-token-pilot,community-signals-v1,base,AI-HEDGE-FUND,0xadf4d5b9d7e54e3e85b667ed613a285bce36b821,2026-08-13T08:00:00Z,-0.008008395448932948,0.9027365338190707,0,1,0.0,1.0,-0.008008395448932948,-0.008008395448932948,1,,-0.9107449292680037,distribution_divergence,0.014745373781277493,-7.9817501220126434,1,1,0.25,0.25,0.0036863434453193733,0.003683874047677449,1,0.647989032685723,7.996495495793921,accumulation_divergence,-0.6756009955813602,-14.028962950549317,3,3,0.25,0.25,-0.05630008296511335,,2,0.0,13.353361954967957,markdown,,,,,,,,,,,,unavailable
2026-08-16-seven-token-pilot,community-signals-v1,base,AI-HEDGE-FUND,0xadf4d5b9d7e54e3e85b667ed613a285bce36b821,2026-08-13T09:00:00Z,0.0,3.731930367043268,0,0,0.0,0.0,0.0,0.008008395448932948,0,,-3.731930367043268,flat,-0.008008395448932948,-6.571321743802983,0,1,0.0,0.25,-0.002002098862233237,-0.007693466718791675,1,,6.5633133483540504,markdown,-0.6765190333919868,-4.389871123116739,2,3,0.16666666666666666,0.25,-0.056376586115998904,,1,0.0,3.7133520897247525,markdown,,,,,,,,,,,,unavailable
2026-08-16-seven-token-pilot,community-signals-v1,base,AI-HEDGE-FUND,0xadf4d5b9d7e54e3e85b667ed613a285bce36b821,2026-08-13T10:00:00Z,0.0,-1.5566138730092494,0,0,0.0,0.0,0.0,0.0,0,,1.5566138730092494,flat,-0.008008395448932948,2.837675870135792,0,1,0.0,0.25,-0.002002098862233237,-0.007693466718791675,1,,-2.8456842655847248,distribution_divergence,-0.30903297918211114,-5.291588160903471,2,2,0.16666666666666666,0.16666666666666666,-0.02575274826517593,,1,0.0,4.982555181721359,markdown,,,,,,,,,,,,unavailable
2026-08-16-seven-token-pilot,community-signals-v1,base,AI-HEDGE-FUND,0xadf4d5b9d7e54e3e85b667ed613a285bce36b821,2026-08-13T11:00:00Z,0.0,-5.305737560179957,0,0,0.0,0.0,0.0,0.0,0,,5.305737560179957,flat,-0.008008395448932948,-2.427908620456487,0,1,0.0,0.25,-0.002002098862233237,-0.007693466718791675,1,,2.419900225007554,markdown,0.014755252828324572,-3.1958948405299226,2,1,0.16666666666666666,0.08333333333333333,0.001229604402360381,0.0011809068808229146,1,0.648141764871407,3.210650093358247,accumulation_divergence,0.015339709312089944,-12.21725034445459,6,3,0.25,0.125,0.0006391545546704144,,3,0.021324794808375586,12.232590053766678,accumulation_divergence
2026-08-16-seven-token-pilot,community-signals-v1,base,AI-HEDGE-FUND,0xadf4d5b9d7e54e3e85b667ed613a285bce36b821,2026-08-13T12:00:00Z,0.0,-7.155384710268686,0,0,0.0,0.0,0.0,0.0,0,,7.155384710268686,flat,0.0,-10.220043595032212,0,0,0.0,0.0,0.0,-0.0036863434453193733,0,,10.220043595032212,flat,0.014755252828324572,-2.104279651008656,2,1,0.16666666666666666,0.08333333333333333,0.001229604402360381,0.0011809068808229146,1,0.648141764871407,2.1190349038369805,accumulation_divergence,0.015339709312089944,-19.000786224564102,6,3,0.25,0.125,0.0006391545546704144,,3,0.021324794808375586,19.016125933876193,accumulation_divergence
2026-08-16-seven-token-pilot,community-signals-v1,base,AI-HEDGE-FUND,0xadf4d5b9d7e54e3e85b667ed613a285bce36b821,2026-08-13T13:00:00Z,0.0,4.069063152321717,0,0,0.0,0.0,0.0,0.0,0,,-4.069063152321717,flat,0.0,-9.9282552646899,0,0,0.0,0.0,0.0,0.002002098862233237,0,,9.9282552646899,flat,0.014755252828324572,2.4284888149242123,2,1,0.16666666666666666,0.08333333333333333,0.001229604402360381,0.0011809068808229146,1,0.648141764871407,-2.4137335620958877,markup,0.015339709312089944,-20.532083314917703,6,3,0.25,0.125,0.0006391545546704144,,3,0.021324794808375586,20.547423024229793,accumulation_divergence
2026-08-16-seven-token-pilot,community-signals-v1,base,AI-HEDGE-FUND,0xadf4d5b9d7e54e3e85b667ed613a285bce36b821,2026-08-13T14:00:00Z,0.0,25.009069901724224,0,0,0.0,0.0,0.0,0.0,0,,-25.009069901724224,flat,0.0,14.378278488527997,0,0,0.0,0.0,0.0,0.002002098862233237,0,,-14.378278488527997,flat,0.014755252828324572,12.057594460035737,2,1,0.16666666666666666,0.08333333333333333,0.001229604402360381,0.0015603304706568455,1,0.648141764871407,-12.042839207207413,markup,0.010785954415171162,-11.828810056072802,5,3,0.20833333333333334,0.125,0.0004494147672987984,,3,0.015090506742899202,11.839596010487973,accumulation_divergence
2026-08-16-seven-token-pilot,community-signals-v1,base,AI-HEDGE-FUND,0xadf4d5b9d7e54e3e85b667ed613a285bce36b821,2026-08-13T15:00:00Z,0.0,-4.169643991181815,0,0,0.0,0.0,0.0,0.0,0,,4.169643991181815,flat,0.0,15.750530864499336,0,0,0.0,0.0,0.0,0.002002098862233237,0,,-15.750530864499336,flat,0.014755252828324572,4.411244913842971,2,1,0.16666666666666666,0.08333333333333333,0.001229604402360381,0.029466325403930866,1,0.648141764871407,-4.396489661014646,markup,-0.3241353959854032,-25.892265774931154,4,3,0.16666666666666666,0.125,-0.0135056414993918,,2,0.0,25.56813037894575,markdown
2026-08-16-seven-token-pilot,community-signals-v1,base,AI-HEDGE-FUND,0xadf4d5b9d7e54e3e85b667ed613a285bce36b821,2026-08-13T16:00:00Z,0.0,-5.7012946160119204,0,0,0.0,0.0,0.0,0.0,0,,5.7012946160119204,flat,0.0,17.563362979854592,0,0,0.0,0.0,0.0,0.0,0,,-17.563362979854592,flat,0.014745373781277493,-2.8762684084512657,1,1,0.08333333333333333,0.08333333333333333,0.001228781148439791,0.029464681806570803,1,0.647989032685723,2.8910137822325432,accumulation_divergence,-0.3241353959854032,-21.552442674383286,4,3,0.16666666666666666,0.125,-0.0135056414993918,,2,0.0,21.22830727839788,markdown
2026-08-16-seven-token-pilot,community-signals-v1,base,AI-HEDGE-FUND,0xadf4d5b9d7e54e3e85b667ed613a285bce36b821,2026-08-13T17:00:00Z,-0.06600919455463927,-1.6083077535671508,0,1,0.0,1.0,-0.06600919455463927,-0.06600919455463927,0,,1.5422985590125116,markdown,-0.06600919455463927,11.149825696412762,0,1,0.0,0.25,-0.016502298638659818,-0.016502298638659818,0,,-11.2158348909674,distribution_divergence,-0.07401230372623413,-6.46426436730666,0,2,0.0,0.16666666666666666,-0.006167691977186178,0.02017833462818197,1,,6.390252063580426,markdown,-0.3899306313758788,-23.1443200569877,4,4,0.16666666666666666,0.16666666666666666,-0.016247109640661617,,2,0.0,22.75438942561182,markdown
2026-08-16-seven-token-pilot,community-signals-v1,base,AI-HEDGE-FUND,0xadf4d5b9d7e54e3e85b667ed613a285bce36b821,2026-08-13T18:00:00Z,0.0,-1.560078723296665,0,0,0.0,0.0,0.0,0.06600919455463927,0,,1.560078723296665,flat,-0.06600919455463927,-12.473710106987568,0,1,0.0,0.25,-0.016502298638659818,-0.016502298638659818,0,,12.40770091243293,markdown,-0.07401230372623413,2.95189109974745,0,2,0.0,0.16666666666666666,-0.006167691977186178,0.02017833462818197,1,,-3.0259034034736843,distribution_divergence,-0.3899306313758788,-18.002850159184945,4,4,0.16666666666666666,0.16666666666666666,-0.016247109640661617,,2,0.0,17.612919527809066,markdown
2026-08-16-seven-token-pilot,community-signals-v1,base,AI-HEDGE-FUND,0xadf4d5b9d7e54e3e85b667ed613a285bce36b821,2026-08-13T19:00:00Z,0.0,0.16540925982881927,0,0,0.0,0.0,0.0,0.0,0,,-0.16540925982881927,flat,-0.06600919455463927,-8.514305766314067,0,1,0.0,0.25,-0.016502298638659818,-0.016502298638659818,0,,8.448296571759428,markdown,-0.07401230372623413,3.324138615832317,0,2,0.0,0.16666666666666666,-0.006167691977186178,0.02017833462818197,1,,-3.3981509195585513,distribution_divergence,-0.3899306313758788,-11.081707362343563,4,4,0.16666666666666666,0.16666666666666666,-0.016247109640661617,,2,0.0,10.691776730967684,markdown
2026-08-16-seven-token-pilot,community-signals-v1,base,AI-HEDGE-FUND,0xadf4d5b9d7e54e3e85b667ed613a285bce36b821,2026-08-13T20:00:00Z,0.0,-0.2390959416564864,0,0,0.0,0.0,0.0,0.0,0,,0.2390959416564864,flat,-0.06600919455463927,-3.2150491568953665,0,1,0.0,0.25,-0.016502298638659818,-0.016502298638659818,0,,3.1490399623407273,markdown,-0.06600919455463927,2.154905143828789,0,1,0.0,0.08333333333333333,-0.005500766212886606,0.05079931675222674,0,,-2.2209143383834284,distribution_divergence,-0.7411642313604139,-12.176368650967762,3,4,0.125,0.16666666666666666,-0.030881842973350577,,2,0.0,11.435204419607349,markdown
2026-08-16-seven-token-pilot,community-signals-v1,base,AI-HEDGE-FUND,0xadf4d5b9d7e54e3e85b667ed613a285bce36b821,2026-08-13T21:00:00Z,0.0,1.8244797897971177,0,0,0.0,0.0,0.0,0.0,0,,-1.8244797897971177,flat,0.0,0.16168078903537886,0,0,0.0,0.0,0.0,0.016502298638659818,0,,-0.16168078903537886,flat,-0.06600919455463927,0.2764533296607752,0,1,0.0,0.08333333333333333,-0.005500766212886606,0.050875819903112296,0,,-0.34246252421541445,distribution_divergence,-0.7420816631816818,-4.125553738343635,2,4,0.08333333333333333,0.16666666666666666,-0.03092006929923674,,1,0.0,3.3834720751619534,markdown
2026-08-16-seven-token-pilot,community-signals-v1,base,AI-HEDGE-FUND,0xadf4d5b9d7e54e3e85b667ed613a285bce36b821,2026-08-13T22:00:00Z,3.3873284110974566e-05,0.5387860862773319,1,0,1.0,0.0,3.3873284110974566e-05,3.3873284110974566e-05,0,1.0,-0.538752212993221,markup,3.3873284110974566e-05,2.297255709752455,1,0,0.25,0.0,8.468321027743642e-06,0.01651076695968756,0,1.0,-2.297221836468344,markup,-0.06597534363002033,2.4108707292545217,1,1,0.08333333333333333,0.08333333333333333,-0.0054979453025016944,0.020254802962674234,0,0.0,-2.476846072884542,distribution_divergence,-0.37480443724218215,-3.0082907817328697,3,3,0.125,0.125,-0.01561685155175759,,1,0.0,2.6334863444906875,markdown
2026-08-16-seven-token-pilot,community-signals-v1,base,AI-HEDGE-FUND,0xadf4d5b9d7e54e3e85b667ed613a285bce36b821,2026-08-13T23:00:00Z,-0.2905565990625081,0.8482514478082459,0,1,0.0,1.0,-0.2905565990625081,-0.29059047234661906,0,,-1.138808046870754,distribution_divergence,-0.2905228241994684,2.994631005568804,1,1,0.25,0.25,-0.0726307060498671,-0.05612840741120728,0,0.0,-3.2851538297682725,distribution_divergence,-0.3563402469778487,9.066346536638935,1,2,0.08333333333333333,0.16666666666666666,-0.029695020581487392,-0.030924624983847772,0,0.0,-9.422686783616784,distribution_divergence,-0.34163757305388787,5.580700794920013,3,3,0.125,0.125,-0.014234898877245328,,1,0.0,-5.9223383679739,distribution_divergence
2026-08-16-seven-token-pilot,community-signals-v1,base,AI-HEDGE-FUND,0xadf4d5b9d7e54e3e85b667ed613a285bce36b821,2026-08-14T00:00:00Z,0.07087416732647345,4.0760585147767925,1,0,1.0,0.0,0.07087416732647345,0.36143076638898153,0,1.0,-4.005184347450319,markup,-0.21985456250553925,7.449660209318409,2,1,0.5,0.25,-0.05496364062638481,-0.038461341987724995,0,0.0,-7.669514771823948,distribution_divergence,-0.28571863283426424,22.260137852018303,2,2,0.16666666666666666,0.16666666666666666,-0.02380988606952202,-0.0250394904718824,0,0.0,-22.545856484852568,distribution_divergence,-0.2710055385125809,19.687442649903165,4,3,0.16666666666666666,0.125,-0.011291897438024204,,1,0.0,-19.958448188415744,distribution_divergence
2026-08-16-seven-token-pilot,community-signals-v1,base,AI-HEDGE-FUND,0xadf4d5b9d7e54e3e85b667ed613a285bce36b821,2026-08-14T01:00:00Z,0.004111327808731247,-0.6551310593702064,1,0,1.0,0.0,0.004111327808731247,-0.0667628395177422,0,1.0,0.6592423871789377,accumulation_divergence,-0.21575227363856975,4.833066009727283,3,1,0.75,0.25,-0.05393806840964244,-0.05393806840964244,0,0.0,-5.048818283365852,distribution_divergence,-0.281619051855142,16.710163459380812,3,2,0.25,0.16666666666666666,-0.023468254321261834,-0.024697858723622214,0,0.0,-16.991782511235954,distribution_divergence,-0.2669053526299203,19.54445672487164,5,3,0.20833333333333334,0.125,-0.011121056359580014,,1,0.0,-19.81136207750156,distribution_divergence
2026-08-16-seven-token-pilot,community-signals-v1,base,AI-HEDGE-FUND,0xadf4d5b9d7e54e3e85b667ed613a285bce36b821,2026-08-14T02:00:00Z,0.0,-2.6029038554373995,0,0,0.0,0.0,0.0,-0.004111327808731247,0,,2.6029038554373995,flat,-0.21578607382883863,1.5571861044413549,2,1,0.5,0.25,-0.05394651845720966,-0.0539549867782374,0,0.0,-1.7729721782701935,distribution_divergence,-0.281619051855142,-9.068749808015774,3,2,0.25,0.16666666666666666,-0.023468254321261834,-0.024697858723622214,0,0.0,8.787130756160632,markdown,-0.2669053526299203,1.8953715775741564,5,3,0.20833333333333334,0.125,-0.011121056359580014,,1,0.0,-2.1622769302040767,distribution_divergence
2026-08-16-seven-token-pilot,community-signals-v1,base,AI-HEDGE-FUND,0xadf4d5b9d7e54e3e85b667ed613a285bce36b821,2026-08-14T03:00:00Z,0.0,2.7321101587499452,0,0,0.0,0.0,0.0,0.0,0,,-2.7321101587499452,flat,0.0749884090045505,3.4542878087836515,2,0,0.5,0.0,0.018747102251137626,0.09137780830100473,0,1.0,-3.379299399779101,markup,-0.281619051855142,-2.5198319128004076,3,2,0.25,0.16666666666666666,-0.023468254321261834,-0.024697858723622214,0,0.0,2.2382128609452656,markdown,-0.2669053526299203,1.7802570439517496,5,3,0.20833333333333334,0.125,-0.011121056359580014,,1,0.0,-2.04716239658167,distribution_divergence
2026-08-16-seven-token-pilot,community-signals-v1,base,AI-HEDGE-FUND,0xadf4d5b9d7e54e3e85b667ed613a285bce36b821,2026-08-14T04:00:00Z,-0.10633833576738638,-6.097020651276274,0,1,0.0,1.0,-0.10633833576738638,-0.10633833576738638,0,,5.990682315508888,markdown,-0.10223137987621644,-6.658015394906247,1,1,0.25,0.25,-0.02555784496905411,0.029405795657330702,0,0.0,6.555784015030031,markdown,-0.3876579186095741,-2.928909007517333,3,3,0.25,0.25,-0.03230482655079784,-0.03353360769923763,0,0.0,2.541251088907759,markdown,-0.37296970643738714,-5.720934131473099,4,4,0.16666666666666666,0.16666666666666666,-0.01554040443489113,,1,0.0,5.347964425035712,markdown
2026-08-16-seven-token-pilot,community-signals-v1,base,AI-HEDGE-FUND,0xadf4d5b9d7e54e3e85b667ed613a285bce36b821,2026-08-14T05:00:00Z,0.0,3.480659533616759,0,0,0.0,0.0,0.0,0.10633833576738638,0,,-3.480659533616759,flat,-0.10633833576738638,-2.7721287258002048,0,1,0.0,0.25,-0.026584583941846596,0.02735348446779584,0,,2.6657903900328184,markdown,-0.321861182028782,2.0917547834330197,3,2,0.25,0.16666666666666666,-0.026821765169065166,-0.020654073191878987,0,0.0,-2.4136159654618017,distribution_divergence,-0.3956352688793907,-4.507726142990531,3,4,0.125,0.16666666666666666,-0.016484802869974613,,1,0.0,4.112090874111141,markdown
2026-08-16-seven-token-pilot,community-signals-v1,base,AI-HEDGE-FUND,0xadf4d5b9d7e54e3e85b667ed613a285bce36b821,2026-08-14T06:00:00Z,0.0,3.4089482718736797,0,0,0.0,0.0,0.0,0.0,0,,-3.4089482718736797,flat,-0.10633833576738638,3.22927796794914,0,1,0.0,0.25,-0.026584583941846596,0.027361934515363062,0,,-3.3356163037165265,distribution_divergence,-0.321861182028782,7.245118164100894,3,2,0.25,0.16666666666666666,-0.026821765169065166,-0.020654073191878987,0,0.0,-7.566979346129676,distribution_divergence,-0.3956352688793907,10.410877262100616,3,4,0.125,0.16666666666666666,-0.016484802869974613,,1,0.0,-10.806512530980006,distribution_divergence
2026-08-16-seven-token-pilot,community-signals-v1,base,AI-HEDGE-FUND,0xadf4d5b9d7e54e3e85b667ed613a285bce36b821,2026-08-14T07:00:00Z,0.08021199713810212,9.50339933522164,1,0,1.0,0.0,0.08021199713810212,0.08021199713810212,0,1.0,-9.423187338083538,markup,-0.026211634732120626,10.033336519060555,1,1,0.25,0.25,-0.006552908683030156,-0.025300010934167783,0,0.0,-10.059548153792676,distribution_divergence,-0.24190735617278802,17.243119035369105,4,2,0.3333333333333333,0.16666666666666666,-0.020158946347732336,-0.013991254370546158,0,0.0,-17.485026391541894,distribution_divergence,-0.3157406186918399,21.14044282963008,4,4,0.16666666666666666,0.16666666666666666,-0.013155859112159995,,1,0.0,-21.45618344832192,distribution_divergence
2026-08-16-seven-token-pilot,community-signals-v1,base,AI-HEDGE-FUND,0xadf4d5b9d7e54e3e85b667ed613a285bce36b821,2026-08-14T08:00:00Z,0.0,-5.81754648299283,0,0,0.0,0.0,0.0,-0.08021199713810212,0,,5.81754648299283,flat,0.08021199713810212,10.360817877164408,1,0,0.25,0.0,0.02005299928452553,0.04561084425357964,0,1.0,-10.280605880026306,markup,-0.24190735617278802,10.687094438114908,4,2,0.3333333333333333,0.16666666666666666,-0.020158946347732336,-0.014658180134845732,0,0.0,-10.929001794287696,distribution_divergence,-0.3077568696300492,13.07229632971647,4,3,0.16666666666666666,0.125,-0.012823202901252051,,0,0.0,-13.38005319934652,distribution_divergence
2026-08-16-seven-token-pilot,community-signals-v1,base,AI-HEDGE-FUND,0xadf4d5b9d7e54e3e85b667ed613a285bce36b821,2026-08-14T09:00:00Z,0.0,-14.067505590926055,0,0,0.0,0.0,0.0,0.0,0,,14.067505590926055,flat,0.08021199713810212,-8.354078839926416,1,0,0.25,0.0,0.02005299928452553,0.046637583226372126,0,1.0,8.434290837064518,accumulation_divergence,-0.24190735617278802,-6.5880999972167675,4,2,0.3333333333333333,0.16666666666666666,-0.020158946347732336,-0.014658180134845732,0,0.0,6.346192641043979,markdown,-0.3077568696300492,-6.329859689359674,4,3,0.16666666666666666,0.125,-0.012823202901252051,,0,0.0,6.022102819729625,markdown
2026-08-16-seven-token-pilot,community-signals-v1,base,AI-HEDGE-FUND,0xadf4d5b9d7e54e3e85b667ed613a285bce36b821,2026-08-14T10:00:00Z,-0.061227053137624665,0.3707927005387024,0,1,0.0,1.0,-0.061227053137624665,-0.061227053137624665,0,,-0.43201975367632706,distribution_divergence,0.018935832558364396,-11.04663659837658,1,1,0.25,0.25,0.004733958139591099,0.031318542081437695,0,0.23607232376684373,11.065572430934944,accumulation_divergence,-0.30302006720616115,-6.744184847259415,3,3,0.25,0.25,-0.025251672267180097,-0.019753726964678402,0,0.0,6.4411647800532545,markdown,-0.3687954923055736,-4.495907696414303,4,4,0.16666666666666666,0.16666666666666666,-0.015366478846065568,,0,0.0,4.127112204108729,markdown
2026-08-16-seven-token-pilot,community-signals-v1,base,AI-HEDGE-FUND,0xadf4d5b9d7e54e3e85b667ed613a285bce36b821,2026-08-14T11:00:00Z,0.02696253198659626,6.951133304072776,1,0,1.0,0.0,0.02696253198659626,0.08818958512422093,1,1.0,-6.92417077208618,markup,-0.034281029514804384,-13.11992974858639,1,1,0.25,0.25,-0.008570257378701096,-0.0020173486956709397,1,0.0,13.085648719071585,markdown,0.014459374627562305,-1.1007630316480777,4,2,0.3333333333333333,0.16666666666666666,0.001204947885630192,0.030899968467117584,1,0.0793885065156706,1.11522240627564,accumulation_divergence,-0.34193239692155153,7.865784513994445,5,4,0.20833333333333334,0.16666666666666666,-0.014247183205064648,-0.014886337759735063,1,0.0,-8.207716910915996,distribution_divergence
2026-08-16-seven-token-pilot,community-signals-v1,base,AI-HEDGE-FUND,0xadf4d5b9d7e54e3e85b667ed613a285bce36b821,2026-08-14T12:00:00Z,-0.27265681734761626,-7.4177920523487035,0,1,0.0,1.0,-0.27265681734761626,-0.2996193493342125,0,,7.145135235001087,markdown,-0.30684437729839864,-14.596101182791443,1,2,0.25,0.5,-0.07671109432459966,-0.09676409360912519,1,0.0,14.289256805493045,markdown,-0.3288779450121515,-12.022900813754578,3,3,0.25,0.25,-0.027406495417679293,-0.0035966093481572745,1,0.0,11.694022868742426,markdown,-0.6136569122782376,7.5609227433105275,5,5,0.20833333333333334,0.20833333333333334,-0.025569038011593232,-0.026208192566263645,1,0.0,-8.174579655588765,distribution_divergence
2026-08-16-seven-token-pilot,community-signals-v1,base,AI-HEDGE-FUND,0xadf4d5b9d7e54e3e85b667ed613a285bce36b821,2026-08-14T13:00:00Z,0.0,-7.4625708340887,0,0,0.0,0.0,0.0,0.27265681734761626,0,,7.4625708340887,flat,-0.30684437729839864,-8.031795287260069,1,2,0.25,0.5,-0.07671109432459966,-0.09676409360912519,1,0.0,7.72495090996167,markdown,-0.33297558310313446,-18.0513833176946,2,3,0.16666666666666666,0.25,-0.027747965258594538,-0.004279710937332704,1,0.0,17.718407734591466,markdown,-0.6136569122782376,-4.357635517379954,5,5,0.20833333333333334,0.20833333333333334,-0.025569038011593232,-0.026208192566263645,1,0.0,3.7439786051017165,markdown
2026-08-16-seven-token-pilot,community-signals-v1,base,AI-HEDGE-FUND,0xadf4d5b9d7e54e3e85b667ed613a285bce36b821,2026-08-14T14:00:00Z,0.00664935464695926,-5.935615066019507,1,0,1.0,0.0,0.00664935464695926,0.00664935464695926,1,1.0,5.942264420666466,accumulation_divergence,-0.23913478786831144,-13.810259169748907,2,1,0.5,0.25,-0.05978369696707786,-0.06451765510666896,2,0.0,13.571124381880596,markdown,-0.32634836918359333,-20.855482046710584,3,3,0.25,0.25,-0.02719569743196611,-0.003727443110704276,2,0.0,20.529133677526993,markdown,-0.6070483618556888,-28.032900366654534,6,5,0.25,0.20833333333333334,-0.025293681743987034,-0.025743096511285833,2,0.0,27.425852004798845,markdown
2026-08-16-seven-token-pilot,community-signals-v1,base,AI-HEDGE-FUND,0xadf4d5b9d7e54e3e85b667ed613a285bce36b821,2026-08-14T15:00:00Z,-0.00481889609250663,0.5933097590307135,0,1,0.0,1.0,-0.00481889609250663,-0.01146825073946589,0,,-0.5981286551232201,distribution_divergence,-0.27083166921503254,-18.933899720931148,1,2,0.25,0.5,-0.06770791730375814,-0.05913765992505704,1,0.0,18.663068051716117,markdown,-0.33115153888728655,-22.503207634868993,3,4,0.25,0.3333333333333333,-0.027595961573940547,-0.004127707252678713,2,0.0,22.172056095981706,markdown,-0.611838004918408,-24.455996540282232,6,6,0.25,0.25,-0.025493250204933666,-0.011987608705541867,2,0.0,23.844158535363825,markdown
2026-08-16-seven-token-pilot,community-signals-v1,base,AI-HEDGE-FUND,0xadf4d5b9d7e54e3e85b667ed613a285bce36b821,2026-08-14T16:00:00Z,0.0,22.998830951234204,0,0,0.0,0.0,0.0,0.00481889609250663,0,,-22.998830951234204,flat,0.001830138128955383,7.699263013244484,1,1,0.25,0.25,0.00045753453223884577,0.0771686288568385,1,0.2752354515786985,-7.6974328751155285,markup,-0.22505252022451128,1.509184580640266,3,3,0.25,0.25,-0.01875437668537594,0.0135504498654219,2,0.0,-1.7342371008647772,distribution_divergence,-0.611838004918408,-1.4639270699995155,6,6,0.25,0.25,-0.025493250204933666,-0.011987608705541867,2,0.0,0.8520890650811075,markdown
2026-08-16-seven-token-pilot,community-signals-v1,base,AI-HEDGE-FUND,0xadf4d5b9d7e54e3e85b667ed613a285bce36b821,2026-08-14T17:00:00Z,5.517397609899888e-05,-7.257988498506784,1,0,1.0,0.0,5.517397609899888e-05,5.517397609899888e-05,0,1.0,7.258043672482883,accumulation_divergence,0.0018853131148244273,7.93736522730315,2,1,0.5,0.25,0.00047132827870610683,0.07718242260330577,1,0.2811999078352583,-7.935479914188326,markup,-0.22499747041883067,-9.02487473201069,4,3,0.3333333333333333,0.25,-0.018749789201569222,0.008071975967495943,2,0.0,8.79987726159186,markdown,-0.5461344729297823,-7.121898197483345,7,5,0.2916666666666667,0.20833333333333334,-0.02275560303874093,-0.006508493398079313,2,0.0,6.575763724553562,markdown
2026-08-16-seven-token-pilot,community-signals-v1,base,AI-HEDGE-FUND,0xadf4d5b9d7e54e3e85b667ed613a285bce36b821,2026-08-14T18:00:00Z,0.03732993852969546,3.063189092612295,1,0,1.0,0.0,0.03732993852969546,0.03727476455359646,1,1.0,-3.0258591540825996,markup,0.03256443545898158,18.26334792267643,2,1,0.5,0.25,0.008141108864745394,0.06792480583182325,1,0.8710950604852863,-18.23078348721745,markup,-0.1877515233065341,-9.329060058053873,5,3,0.4166666666666667,0.25,-0.015645960275544508,0.011175804893520658,3,0.0,9.141308534747338,markdown,-0.5090084060631273,-2.7598433187589366,8,5,0.3333333333333333,0.20833333333333334,-0.021208683585963634,-0.004961573945302018,3,0.0,2.2508349126958094,markdown
2026-08-16-seven-token-pilot,community-signals-v1,base,AI-HEDGE-FUND,0xadf4d5b9d7e54e3e85b667ed613a285bce36b821,2026-08-14T19:00:00Z,0.0,15.655099650961724,0,0,0.0,0.0,0.0,-0.03732993852969546,0,,-15.655099650961724,flat,0.037385133102207924,35.97086448212414,2,0,0.5,0.0,0.009346283275551981,0.07705420057931012,1,1.0,-35.93347934902194,markup,-0.2677487538218948,-4.23533280158952,4,3,0.3333333333333333,0.25,-0.022312396151824565,-0.0021534498040922286,3,0.0,3.967584047767625,markdown,-0.5090084060631273,12.277482757257484,8,5,0.3333333333333333,0.20833333333333334,-0.021208683585963634,-0.004961573945302018,3,0.0,-12.786491163320612,distribution_divergence
2026-08-16-seven-token-pilot,community-signals-v1,base,AI-HEDGE-FUND,0xadf4d5b9d7e54e3e85b667ed613a285bce36b821,2026-08-14T20:00:00Z,0.0,0.8573607936489092,0,0,0.0,0.0,0.0,0.0,0,,-0.8573607936489092,flat,0.037385133102207924,11.49425104645947,2,0,0.5,0.0,0.009346283275551981,0.008888748743313135,1,1.0,-11.456865913357262,markup,-0.2677487538218948,2.5517092647165507,4,3,0.3333333333333333,0.25,-0.022312396151824565,-0.0021534498040922286,3,0.0,-2.8194580185384455,distribution_divergence,-0.5090084060631273,13.511507281737867,8,5,0.3333333333333333,0.20833333333333334,-0.021208683585963634,0.009673159387386943,3,0.0,-14.020515687800994,distribution_divergence
2026-08-16-seven-token-pilot,community-signals-v1,base,AI-HEDGE-FUND,0xadf4d5b9d7e54e3e85b667ed613a285bce36b821,2026-08-14T21:00:00Z,0.0,6.820228407758422,0,0,0.0,0.0,0.0,0.0,0,,-6.820228407758422,flat,0.03732993852969546,28.419053782794013,1,0,0.25,0.0,0.009332484632423865,0.008861156353717758,1,1.0,-28.381723844264318,markup,-0.2677487538218948,27.479099525665806,4,3,0.3333333333333333,0.25,-0.022312396151824565,-0.0021534498040922286,3,0.0,-27.7468482794877,distribution_divergence,-0.5090084060631273,19.080648973363456,8,5,0.3333333333333333,0.20833333333333334,-0.021208683585963634,0.009711385713273107,3,0.0,-19.589657379426583,distribution_divergence
2026-08-16-seven-token-pilot,community-signals-v1,base,AI-HEDGE-FUND,0xadf4d5b9d7e54e3e85b667ed613a285bce36b821,2026-08-14T22:00:00Z,0.0,1.2734108825398938,0,0,0.0,0.0,0.0,0.0,0,,-1.2734108825398938,flat,0.0,26.188949841298225,0,0,0.0,0.0,0.0,-0.008141108864745394,0,,-26.188949841298225,flat,-0.20664822530298554,28.625498293286466,4,2,0.3333333333333333,0.16666666666666666,-0.017220685441915462,0.008030986825264635,3,0.0,-28.83214651858945,distribution_divergence,-0.5090421069179452,19.950756927678714,7,5,0.2916666666666667,0.20833333333333334,-0.021210087788247716,-0.005593236236490126,3,0.0,-20.45979903459666,distribution_divergence
2026-08-16-seven-token-pilot,community-signals-v1,base,AI-HEDGE-FUND,0xadf4d5b9d7e54e3e85b667ed613a285bce36b821,2026-08-14T23:00:00Z,0.0,-2.448126651785265,0,0,0.0,0.0,0.0,0.0,0,,2.448126651785265,flat,0.0,6.436884236087237,0,0,0.0,0.0,0.0,-0.009346283275551981,0,,-6.436884236087237,flat,-0.2335477868928404,17.321415222253368,3,2,0.25,0.16666666666666666,-0.019462315574403366,-0.020667263460033558,2,0.0,-17.554963009146206,distribution_divergence,-0.21912218181471266,16.029984455280456,7,4,0.2916666666666667,0.16666666666666666,-0.009130090908946361,0.0051048079682989665,3,0.0,-16.249106637095167,distribution_divergence
2026-08-16-seven-token-pilot,community-signals-v1,base,AI-HEDGE-FUND,0xadf4d5b9d7e54e3e85b667ed613a285bce36b821,2026-08-15T00:00:00Z,0.0,-1.374588932867049,0,0,0.0,0.0,0.0,0.0,0,,1.374588932867049,flat,0.0,4.081460965117567,0,0,0.0,0.0,0.0,-0.009346283275551981,0,,-4.081460965117567,flat,0.03921595543074918,24.979443240487843,3,1,0.25,0.08333333333333333,0.0032679962858957654,0.030674491703575057,2,0.8905598342251408,-24.940227285057095,markup,-0.289790962209735,9.953288742101286,6,4,0.25,0.16666666666666666,-0.012074623425405625,-0.0007827259873814212,3,0.0,-10.243079704311022,distribution_divergence
2026-08-16-seven-token-pilot,community-signals-v1,base,AI-HEDGE-FUND,0xadf4d5b9d7e54e3e85b667ed613a285bce36b821,2026-08-15T01:00:00Z,0.0,-1.688707699826808,0,0,0.0,0.0,0.0,0.0,0,,1.688707699826808,flat,0.0,-4.2093142423242025,0,0,0.0,0.0,0.0,-0.009332484632423865,0,,4.2093142423242025,flat,0.03921595543074918,32.77752242175664,3,1,0.25,0.08333333333333333,0.0032679962858957654,0.0310159615444903,2,0.8905598342251408,-32.738306466325895,markup,-0.2938902072286531,8.809342889667459,5,4,0.20833333333333334,0.16666666666666666,-0.01224542530119388,-0.0011243689416138656,3,0.0,-9.103233096896112,distribution_divergence
2026-08-16-seven-token-pilot,community-signals-v1,base,AI-HEDGE-FUND,0xadf4d5b9d7e54e3e85b667ed613a285bce36b821,2026-08-15T02:00:00Z,0.0,-0.08090832048646135,0,0,0.0,0.0,0.0,0.0,0,,0.08090832048646135,flat,0.0,-5.490313510169043,0,0,0.0,0.0,0.0,0.0,0,,5.490313510169043,flat,0.03256443545898158,41.04179222720348,2,1,0.16666666666666666,0.08333333333333333,0.0027137029549151315,0.02990940038688124,1,0.8710950604852863,-41.0092277917445,markup,-0.2938902072286531,11.626846570900229,5,4,0.20833333333333334,0.16666666666666666,-0.01224542530119388,-0.0011243689416138656,3,0.0,-11.920736778128882,distribution_divergence
2026-08-16-seven-token-pilot,community-signals-v1,base,AI-HEDGE-FUND,0xadf4d5b9d7e54e3e85b667ed613a285bce36b821,2026-08-15T03:00:00Z,0.007315547868746997,-3.0901001276029905,1,0,1.0,0.0,0.007315547868746997,0.007315547868746997,0,1.0,3.0974156754717375,accumulation_divergence,0.007315547868746997,-6.112266834609548,1,0,0.25,0.0,0.0018288869671867491,0.0018288869671867491,0,1.0,6.119582382478295,accumulation_divergence,0.04470341589826177,35.877286424951784,3,0,0.25,0.0,0.0037252846581884804,0.03132124623212903,1,1.0,-35.83258300905352,markup,-0.28659615903871005,5.300538532119203,6,4,0.25,0.16666666666666666,-0.011941506626612919,-0.0008204502670329048,3,0.0,-5.587134691157914,distribution_divergence
2026-08-16-seven-token-pilot,community-signals-v1,base,AI-HEDGE-FUND,0xadf4d5b9d7e54e3e85b667ed613a285bce36b821,2026-08-15T04:00:00Z,-0.004773009434588804,-0.05758865164962046,0,1,0.0,1.0,-0.004773009434588804,-0.0120885573033358,-1,,0.052815642215031655,markdown,0.002542189262366712,-4.858531416487755,1,1,0.25,0.25,0.000635547315591678,0.000635547315591678,-1,0.34750497269230524,4.861073605750121,accumulation_divergence,0.03992827276539934,10.406770111207209,3,1,0.25,0.08333333333333333,0.0033273560637832786,0.022081732749159217,0,0.8931816945774184,-10.36684183844181,markup,-0.18521410704325225,12.0730120617085,6,4,0.25,0.16666666666666666,-0.00771725446013551,0.007823149974755621,2,0.0,-12.258226168751753,distribution_divergence
2026-08-16-seven-token-pilot,community-signals-v1,base,AI-HEDGE-FUND,0xadf4d5b9d7e54e3e85b667ed613a285bce36b821,2026-08-15T05:00:00Z,0.0,-4.156214959880911,0,0,0.0,0.0,0.0,0.004773009434588804,0,,4.156214959880911,flat,0.002542189262366712,-7.2464795246789055,1,1,0.25,0.25,0.000635547315591678,0.000635547315591678,-1,0.34750497269230524,7.249021713941272,accumulation_divergence,0.03987307678974261,14.099344732694474,2,1,0.16666666666666666,0.08333333333333333,0.003322756399145218,0.02207254560071444,0,0.8930496940690575,-14.059471655904732,markup,-0.18521410704325225,3.8020218005237583,6,4,0.25,0.16666666666666666,-0.00771725446013551,0.008767548409839104,2,0.0,-3.9872359075670105,distribution_divergence
2026-08-16-seven-token-pilot,community-signals-v1,base,AI-HEDGE-FUND,0xadf4d5b9d7e54e3e85b667ed613a285bce36b821,2026-08-15T06:00:00Z,0.0,-0.6988757486422137,0,0,0.0,0.0,0.0,0.0,0,,0.6988757486422137,flat,0.002542189262366712,-7.820130200811692,1,1,0.25,0.25,0.000635547315591678,0.000635547315591678,-1,0.34750497269230524,7.822672390074059,accumulation_divergence,0.002542189262366712,9.93443253651427,1,1,0.08333333333333333,0.08333333333333333,0.000211849105197226,0.015857809380741734,-1,0.34750497269230524,-9.931890347251905,markup,-0.18521410704325225,-0.32141669929787176,6,4,0.25,0.16666666666666666,-0.00771725446013551,0.008767548409839104,2,0.0,0.1362025922546195,markdown
2026-08-16-seven-token-pilot,community-signals-v1,base,AI-HEDGE-FUND,0xadf4d5b9d7e54e3e85b667ed613a285bce36b821,2026-08-15T07:00:00Z,0.0,8.669172916814194,0,0,0.0,0.0,0.0,0.0,0,,-8.669172916814194,flat,-0.004773009434588804,3.3651899738532443,0,1,0.0,0.25,-0.001193252358647201,-0.00302213932583395,-1,,-3.369962983287833,distribution_divergence,0.002542189262366712,3.2940518392694296,1,1,0.08333333333333333,0.08333333333333333,0.000211849105197226,0.02252424525702179,-1,0.34750497269230524,-3.291509650007063,markup,-0.2652133712396032,-1.0807950203700178,5,4,0.20833333333333334,0.16666666666666666,-0.011050557134983466,0.0021053019771765293,2,0.0,0.8155816491304146,markdown
2026-08-16-seven-token-pilot,community-signals-v1,base,AI-HEDGE-FUND,0xadf4d5b9d7e54e3e85b667ed613a285bce36b821,2026-08-15T08:00:00Z,-0.0027963200804115296,8.349457723528264,0,1,0.0,1.0,-0.0027963200804115296,-0.0027963200804115296,-2,,-8.352254043608676,distribution_divergence,-0.0027963200804115296,12.060156744870621,0,1,0.0,0.25,-0.0006990800201028824,-0.0013346273356945604,-2,,-12.062953064951033,distribution_divergence,-0.00025420190580272006,10.967156137954625,1,2,0.08333333333333333,0.16666666666666666,-2.1183492150226673e-05,0.022291212659674337,-3,0.0,-10.967410339860427,distribution_divergence,-0.2680022751052613,13.798715341919298,5,5,0.20833333333333334,0.20833333333333334,-0.011166761462719221,0.0016564414385328297,0,0.0,-14.066717617024558,distribution_divergence
2026-08-16-seven-token-pilot,community-signals-v1,base,AI-HEDGE-FUND,0xadf4d5b9d7e54e3e85b667ed613a285bce36b821,2026-08-15T09:00:00Z,6.107363503815577e-08,-6.326375124959826,1,0,1.0,0.0,6.107363503815577e-08,0.0027963811540465677,0,1.0,6.326375186033461,accumulation_divergence,-0.002796259008486235,9.522814462755802,1,1,0.25,0.25,-0.0006990647521215587,-0.0013346120677132367,-2,0.0,-9.525610721764288,distribution_divergence,-0.00025414083233421536,-2.689819030926177,2,2,0.16666666666666666,0.16666666666666666,-2.1178402694517946e-05,0.022291217749130048,-3,0.0,2.689564890093843,markdown,-0.26800221419530645,24.05014244617112,6,5,0.25,0.20833333333333334,-0.011166758924804435,0.001656443976447616,0,0.0,-24.318144660366425,distribution_divergence
2026-08-16-seven-token-pilot,community-signals-v1,base,AI-HEDGE-FUND,0xadf4d5b9d7e54e3e85b667ed613a285bce36b821,2026-08-15T10:00:00Z,0.0,-5.718142237314627,0,0,0.0,0.0,0.0,-6.107363503815577e-08,0,,5.718142237314627,flat,-0.002796259008486235,3.986883258326568,1,1,0.25,0.25,-0.0006990647521215587,-0.0013346120677132367,-2,0.0,-3.989679517335054,distribution_divergence,-0.00025414083233421536,-9.407764969737563,2,2,0.16666666666666666,0.16666666666666666,-2.1178402694517946e-05,0.017199507039220945,-3,0.0,9.40751082890523,markdown,-0.20690184095779607,16.52471372270028,6,4,0.25,0.16666666666666666,-0.00862091003990817,0.006745568806157398,0,0.0,-16.731615563658075,distribution_divergence
2026-08-16-seven-token-pilot,community-signals-v1,base,AI-HEDGE-FUND,0xadf4d5b9d7e54e3e85b667ed613a285bce36b821,2026-08-15T11:00:00Z,0.0,4.381576752399141,0,0,0.0,0.0,0.0,0.0,0,,-4.381576752399141,flat,-0.002796259008486235,-0.11597084316894435,1,1,0.25,0.25,-0.0006990647521215587,0.0004941876065256423,-2,0.0,0.11317458416045811,markdown,-0.00025414083233421536,-3.0653127467000663,2,2,0.16666666666666666,0.16666666666666666,-2.1178402694517946e-05,0.01944113717170885,-3,0.0,3.065058605867732,markdown,-0.23380133418487992,13.725146926836707,5,4,0.20833333333333334,0.16666666666666666,-0.00974172225770333,0.004505460947361317,-1,0.0,-13.958948261021588,distribution_divergence
2026-08-16-seven-token-pilot,community-signals-v1,base,AI-HEDGE-FUND,0xadf4d5b9d7e54e3e85b667ed613a285bce36b821,2026-08-15T12:00:00Z,0.0,-1.223513706030055,0,0,0.0,0.0,0.0,0.0,0,,1.223513706030055,flat,6.107363503815577e-08,-8.94099846654095,1,0,0.25,0.0,1.5268408759538943e-08,0.0006990952885116419,0,1.0,8.940998527614585,accumulation_divergence,-0.00025414083233421536,-2.916827384695375,2,2,0.16666666666666666,0.16666666666666666,-2.1178402694517946e-05,-0.0032891746885902835,-3,0.0,2.916573243863041,markdown,0.03896171493467104,21.334008614809473,5,3,0.20833333333333334,0.125,0.0016234047889446268,0.02719244280053786,-1,0.7586941746871896,-21.2950468998748,markup
2026-08-16-seven-token-pilot,community-signals-v1,base,AI-HEDGE-FUND,0xadf4d5b9d7e54e3e85b667ed613a285bce36b821,2026-08-15T13:00:00Z,0.0,1.586221528698939,0,0,0.0,0.0,0.0,0.0,0,,-1.586221528698939,flat,0.0,-1.249258643508433,0,0,0.0,0.0,0.0,0.0006990647521215587,0,,1.249258643508433,flat,-0.00025414083233421536,0.31719092751543165,2,2,0.16666666666666666,0.16666666666666666,-2.1178402694517946e-05,-0.0032891746885902835,-3,0.0,-0.31744506834776587,distribution_divergence,0.03896171493467104,33.198680676658235,5,3,0.20833333333333334,0.125,0.0016234047889446268,0.02719244280053786,-1,0.7586941746871896,-33.15971896172356,markup
2026-08-16-seven-token-pilot,community-signals-v1,base,AI-HEDGE-FUND,0xadf4d5b9d7e54e3e85b667ed613a285bce36b821,2026-08-15T14:00:00Z,0.0,-4.39215557464927,0,0,0.0,0.0,0.0,0.0,0,,4.39215557464927,flat,0.0,0.1395787115701541,0,0,0.0,0.0,0.0,0.0006990647521215587,0,,-0.1395787115701541,flat,-0.00025414083233421536,-4.01123326711974,2,2,0.16666666666666666,0.16666666666666666,-2.1178402694517946e-05,-0.0027348813576096496,-3,0.0,4.010979126287406,markdown,0.032310211867137006,35.38427693684398,4,3,0.16666666666666666,0.125,0.0013462588277973753,0.02663994057178441,-2,0.7228021422500941,-35.35196672497685,markup
2026-08-16-seven-token-pilot,community-signals-v1,base,AI-HEDGE-FUND,0xadf4d5b9d7e54e3e85b667ed613a285bce36b821,2026-08-15T15:00:00Z,0.0,-8.32371375596981,0,0,0.0,0.0,0.0,0.0,0,,8.32371375596981,flat,0.0,-12.049377218212099,0,0,0.0,0.0,0.0,0.0006990647521215587,0,,12.049377218212099,flat,-0.007569134977380987,-9.19510115270008,1,2,0.08333333333333333,0.16666666666666666,-0.0006307612481150823,-0.004356045906303563,-3,0.0,9.187532017722699,markdown,0.03713089725898566,23.383232494633432,4,2,0.16666666666666666,0.08333333333333333,0.0015471207191244025,0.027040370924058067,-2,0.830604233838528,-23.346101597374446,markup
2026-08-16-seven-token-pilot,community-signals-v1,base,AI-HEDGE-FUND,0xadf4d5b9d7e54e3e85b667ed613a285bce36b821,2026-08-15T16:00:00Z,0.0,-4.490626689707389,0,0,0.0,0.0,0.0,0.0,0,,4.490626689707389,flat,0.0,-14.958415921590518,0,0,0.0,0.0,0.0,-1.5268408759538943e-08,0,,14.958415921590518,flat,-0.002796259008486235,-13.222836377428692,1,1,0.08333333333333333,0.08333333333333333,-0.00023302158404051956,-0.003560377647823798,-2,0.0,13.220040118420206,markdown,0.03713089725898566,-4.192136450201566,4,2,0.16666666666666666,0.08333333333333333,0.0015471207191244025,0.027040370924058067,-2,0.830604233838528,4.229267347460552,accumulation_divergence
2026-08-16-seven-token-pilot,community-signals-v1,base,AI-HEDGE-FUND,0xadf4d5b9d7e54e3e85b667ed613a285bce36b821,2026-08-15T17:00:00Z,0.0003723011159362244,-3.4774841403373946,1,0,1.0,0.0,0.0003723011159362244,0.0003723011159362244,0,1.0,3.477856441453331,accumulation_divergence,0.0003723011159362244,-19.19743126167791,1,0,0.25,0.0,9.30752789840561e-05,9.30752789840561e-05,0,1.0,19.197803562793844,accumulation_divergence,-0.0024239683030669035,-12.60831207250318,2,1,0.16666666666666666,0.08333333333333333,-0.00020199735858890863,-0.0035247537577341266,-2,0.0,12.605888104200114,markdown,0.0374481419759265,-0.2866567238848705,4,2,0.16666666666666666,0.08333333333333333,0.0015603392489969374,0.02431594228773787,-2,0.8317979816322331,0.324104865860797,accumulation_divergence
2026-08-16-seven-token-pilot,community-signals-v1,base,AI-HEDGE-FUND,0xadf4d5b9d7e54e3e85b667ed613a285bce36b821,2026-08-15T18:00:00Z,0.0,1.0797960349969715,0,0,0.0,0.0,0.0,-0.0003723011159362244,0,,-1.0797960349969715,flat,0.0003723011159362244,-14.572834308062498,1,0,0.25,0.0,9.30752789840561e-05,9.30752789840561e-05,0,1.0,14.573206609178435,accumulation_divergence,-0.0024239683030669035,-11.042960918494316,2,1,0.16666666666666666,0.08333333333333333,-0.00020199735858890863,-0.00041384646378613465,-2,0.0,11.04053695019125,markdown,0.00011815933742553852,-2.205583884461504,3,2,0.125,0.08333333333333333,4.923305726064105e-06,0.021213606891689697,-3,0.015369502384700643,2.2057020437989294,accumulation_divergence
2026-08-16-seven-token-pilot,community-signals-v1,base,AI-HEDGE-FUND,0xadf4d5b9d7e54e3e85b667ed613a285bce36b821,2026-08-15T19:00:00Z,0.0,0.27822186759485223,0,0,0.0,0.0,0.0,0.0,0,,-0.27822186759485223,flat,0.0003723011159362244,-6.557250236194734,1,0,0.25,0.0,9.30752789840561e-05,9.30752789840561e-05,0,1.0,6.55762253731067,accumulation_divergence,-0.0024239683030669035,-17.911828513426677,2,1,0.16666666666666666,0.08333333333333333,-0.00020199735858890863,-0.00041384646378613465,-2,0.0,17.90940454512361,markdown,0.00011815933742553852,-15.207801590750547,3,2,0.125,0.08333333333333333,4.923305726064105e-06,0.021213606891689697,-3,0.015369502384700643,15.207919750087973,accumulation_divergence
2026-08-16-seven-token-pilot,community-signals-v1,base,AI-HEDGE-FUND,0xadf4d5b9d7e54e3e85b667ed613a285bce36b821,2026-08-15T20:00:00Z,0.0,-3.6549579910649665,0,0,0.0,0.0,0.0,0.0,0,,3.6549579910649665,flat,0.0003723011159362244,-5.739663664466354,1,0,0.25,0.0,9.30752789840561e-05,9.30752789840561e-05,0,1.0,5.74003596558229,accumulation_divergence,0.00037236218979330715,-27.00666439428645,2,0,0.16666666666666666,0.0,3.1030182482775594e-05,5.2213674633002263e-05,0,1.0,27.007036756476243,accumulation_divergence,0.00011815933742553852,-19.00137130810662,3,2,0.125,0.08333333333333333,4.923305726064105e-06,0.021213606891689697,-3,0.015369502384700643,19.001489467444046,accumulation_divergence
2026-08-16-seven-token-pilot,community-signals-v1,base,AI-HEDGE-FUND,0xadf4d5b9d7e54e3e85b667ed613a285bce36b821,2026-08-15T21:00:00Z,0.0,-12.790926945424918,0,0,0.0,0.0,0.0,0.0,0,,12.790926945424918,flat,0.0,-14.834829112968528,0,0,0.0,0.0,0.0,-9.30752789840561e-05,0,,14.834829112968528,flat,0.0003723011159362244,-32.04403965547875,1,0,0.08333333333333333,0.0,3.1025092994685366e-05,5.220349568920331e-05,0,1.0,32.044411956594686,accumulation_divergence,0.00011815933742553852,-33.87193200947433,3,2,0.125,0.08333333333333333,4.923305726064105e-06,0.021213606891689697,-3,0.015369502384700643,33.872050168811754,accumulation_divergence
2026-08-16-seven-token-pilot,community-signals-v1,base,AI-HEDGE-FUND,0xadf4d5b9d7e54e3e85b667ed613a285bce36b821,2026-08-15T22:00:00Z,0.0,-10.978612988781379,0,0,0.0,0.0,0.0,0.0,0,,10.978612988781379,flat,0.0,-24.99468801078666,0,0,0.0,0.0,0.0,-9.30752789840561e-05,0,,24.99468801078666,flat,0.0003723011159362244,-35.835652912400285,1,0,0.08333333333333333,0.0,3.1025092994685366e-05,5.220349568920331e-05,0,1.0,35.83602521351622,accumulation_divergence,0.00011815933742553852,-41.872083880768315,3,2,0.125,0.08333333333333333,4.923305726064105e-06,0.02121501109397378,-3,0.015369502384700643,41.87220204010574,accumulation_divergence
2026-08-16-seven-token-pilot,community-signals-v1,base,AI-HEDGE-FUND,0xadf4d5b9d7e54e3e85b667ed613a285bce36b821,2026-08-15T23:00:00Z,0.0,1.8071099257933598,0,0,0.0,0.0,0.0,0.0,0,,-1.8071099257933598,flat,0.0,-23.85112240236198,0,0,0.0,0.0,0.0,-9.30752789840561e-05,0,,23.85112240236198,flat,0.0003723011159362244,-37.418202133894475,1,0,0.08333333333333333,0.0,3.1025092994685366e-05,5.220349568920331e-05,0,1.0,37.41857443501041,accumulation_divergence,0.00011815933742553852,-39.33652996099828,3,2,0.125,0.08333333333333333,4.923305726064105e-06,0.009135014214672426,-3,0.015369502384700643,39.3366481203357,accumulation_divergence
2026-08-16-seven-token-pilot,community-signals-v1,base,AI-HEDGE-FUND,0xadf4d5b9d7e54e3e85b667ed613a285bce36b821,2026-08-16T00:00:00Z,0.0,-6.242073012856075,0,0,0.0,0.0,0.0,0.0,0,,6.242073012856075,flat,0.0,-25.895917868921757,0,0,0.0,0.0,0.0,-9.30752789840561e-05,0,,25.895917868921757,flat,0.0003723011159362244,-40.59780970956931,1,0,0.08333333333333333,0.0,3.1025092994685366e-05,5.220349568920331e-05,0,1.0,40.59818201068525,accumulation_divergence,0.00011815933742553852,-42.33046906306945,3,2,0.125,0.08333333333333333,4.923305726064105e-06,0.01207954673113169,-3,0.015369502384700643,42.330587222406876,accumulation_divergence
2026-08-16-seven-token-pilot,community-signals-v1,base,AI-HEDGE-FUND,0xadf4d5b9d7e54e3e85b667ed613a285bce36b821,2026-08-16T01:00:00Z,0.0,1.8608555478692335,0,0,0.0,0.0,0.0,0.0,0,,-1.8608555478692335,flat,0.0,-13.445872762143685,0,0,0.0,0.0,0.0,0.0,0,,13.445872762143685,flat,0.0003723011159362244,-40.437218420499946,1,0,0.08333333333333333,0.0,3.1025092994685366e-05,5.220349568920331e-05,0,1.0,40.437590721615884,accumulation_divergence,0.00011815933742553852,-40.24829068115393,3,2,0.125,0.08333333333333333,4.923305726064105e-06,0.012250348606919944,-3,0.015369502384700643,40.24840884049136,accumulation_divergence
2026-08-16-seven-token-pilot,community-signals-v1,base,AI-HEDGE-FUND,0xadf4d5b9d7e54e3e85b667ed613a285bce36b821,2026-08-16T02:00:00Z,0.31178187443607897,1.811245624088098,1,0,1.0,0.0,0.31178187443607897,0.31178187443607897,0,1.0,-1.4994637496520191,markup,0.31178187443607897,-1.0104896828732057,1,0,0.25,0.0,0.07794546860901974,0.07794546860901974,0,1.0,1.3222715573092847,accumulation_divergence,0.3121553363194085,-36.57255822581376,2,0,0.16666666666666666,0.0,0.02601294469328404,0.026034123095978558,0,1.0,36.884713562133165,accumulation_divergence,0.3119004021729044,-39.116780870742915,4,2,0.16666666666666666,0.08333333333333333,0.012995850090537683,0.025241275391731564,-3,0.9763052988568621,39.42868127291582,accumulation_divergence
2026-08-16-seven-token-pilot,community-signals-v1,base,AI-HEDGE-FUND,0xadf4d5b9d7e54e3e85b667ed613a285bce36b821,2026-08-16T03:00:00Z,0.0009831899470347238,10.253071359576316,1,0,1.0,0.0,0.0009831899470347238,-0.31079868448904424,0,1.0,-10.252088169629282,markup,0.3127681297911522,7.201722480863837,2,0,0.5,0.0,0.07819203244778805,0.07819203244778805,0,1.0,-6.888954351072685,markup,0.31314159534632235,-23.71996564662212,3,0,0.25,0.0,0.02609513294552686,0.026725894193641943,0,1.0,24.033107241968445,accumulation_divergence,0.30554875825892225,-30.73399196472958,4,2,0.16666666666666666,0.08333333333333333,0.012731198260788426,0.024672704887401344,-3,0.9758263748778613,31.0395407229885,accumulation_divergence
2026-08-16-seven-token-pilot,community-signals-v1,base,AI-HEDGE-FUND,0xadf4d5b9d7e54e3e85b667ed613a285bce36b821,2026-08-16T04:00:00Z,0.385554647975761,7.3272157318135855,1,0,1.0,0.0,0.385554647975761,0.3845714580287263,-1,1.0,-6.9416610838378245,markup,0.6995286698287195,22.71668930034403,3,0,0.75,0.0,0.17488216745717988,0.17488216745717988,-1,1.0,-22.01716063051531,markup,0.6999035752977001,-14.281463490737078,4,0,0.3333333333333333,0.0,0.05832529794147501,0.058558319525515524,-1,1.0,14.981367066034778,accumulation_divergence,0.6970877451724311,-25.61588531848339,5,1,0.20833333333333334,0.041666666666666664,0.029045322715517963,0.036762577175653476,-3,0.9960045953047889,26.31297306365582,accumulation_divergence
2026-08-16-seven-token-pilot,community-signals-v1,base,AI-HEDGE-FUND,0xadf4d5b9d7e54e3e85b667ed613a285bce36b821,2026-08-16T05:00:00Z,0.0,6.74618692417901,0,0,0.0,0.0,0.0,-0.385554647975761,0,,-6.74618692417901,flat,0.6995286698287195,28.602283814657635,3,0,0.75,0.0,0.17488216745717988,0.17488216745717988,-1,1.0,-27.902755144828916,markup,0.6995286698287195,-5.202150611277823,3,0,0.25,0.0,0.05829405581905996,0.058496053177648874,-1,1.0,5.901679281106542,accumulation_divergence,0.6970877451724311,-17.154559300229465,5,1,0.20833333333333334,0.041666666666666664,0.029045322715517963,0.036762577175653476,-3,0.9960045953047889,17.851647045401897,accumulation_divergence
2026-08-16-seven-token-pilot,community-signals-v1,base,AI-HEDGE-FUND,0xadf4d5b9d7e54e3e85b667ed613a285bce36b821,2026-08-16T06:00:00Z,0.0,0.2942028787715323,0,0,0.0,0.0,0.0,0.0,0,,-0.2942028787715323,flat,0.3865416286573442,26.68604007855302,2,0,0.5,0.0,0.09663540716433605,0.01868993855531631,-1,1.0,-26.299498449895676,markup,0.6995286698287195,-5.938920417173421,3,0,0.25,0.0,0.05829405581905996,0.058496053177648874,-1,1.0,6.63844908700214,accumulation_divergence,0.6970877451724311,-16.3260486750188,5,1,0.20833333333333334,0.041666666666666664,0.029045322715517963,0.036762577175653476,-3,0.9960045953047889,17.023136420191232,accumulation_divergence
2026-08-16-seven-token-pilot,community-signals-v1,base,AI-HEDGE-FUND,0xadf4d5b9d7e54e3e85b667ed613a285bce36b821,2026-08-16T07:00:00Z,0.0,1.9420609538911116,0,0,0.0,0.0,0.0,0.0,0,,-1.9420609538911116,flat,0.385554647975761,17.13629253533906,1,0,0.25,0.0,0.09638866199394025,0.0181966295461522,-1,1.0,-16.7507378873633,markup,0.6995286698287195,-4.378237571043853,3,0,0.25,0.0,0.05829405581905996,0.058496053177648874,-1,1.0,5.077766240872572,accumulation_divergence,0.6970877451724311,-21.505843678834736,5,1,0.20833333333333334,0.041666666666666664,0.029045322715517963,0.04009587985050143,-3,0.9960045953047889,22.20293142400717,accumulation_divergence
2026-08-16-seven-token-pilot,community-signals-v1,base,AI-HEDGE-FUND,0xadf4d5b9d7e54e3e85b667ed613a285bce36b821,2026-08-16T08:00:00Z,0.0,-1.16610033771668,0,0,0.0,0.0,0.0,0.0,0,,1.16610033771668,flat,0.0,7.86673728849876,0,0,0.0,0.0,0.0,-0.17488216745717988,0,,-7.86673728849876,flat,0.6995286698287195,-1.9080642202876419,3,0,0.25,0.0,0.05829405581905996,0.05826302563657719,-1,1.0,2.6075928901163614,accumulation_divergence,0.6999036367987932,-28.399424114173556,5,0,0.20833333333333334,0.0,0.02916265153328305,0.040329412996002276,-1,1.0,29.09932775097235,accumulation_divergence
2026-08-16-seven-token-pilot,community-signals-v1,base,AI-HEDGE-FUND,0xadf4d5b9d7e54e3e85b667ed613a285bce36b821,2026-08-16T09:00:00Z,0.0,-4.511907836105733,0,0,0.0,0.0,0.0,0.0,0,,4.511907836105733,flat,0.0,-3.5095374513120503,0,0,0.0,0.0,0.0,-0.17488216745717988,0,,3.5095374513120503,flat,0.6995286698287195,7.404097718208558,3,0,0.25,0.0,0.05829405581905996,0.05826303072606528,-1,1.0,-6.704569048379838,markup,0.6999035752977001,-27.012513946223336,4,0,0.16666666666666666,0.0,0.029162648970737504,0.04032940789554194,-1,1.0,27.712417521521036,accumulation_divergence
2026-08-16-seven-token-pilot,community-signals-v1,base,CHEAT.SH,0xadfd54cb2997d3a0077f0aafbd8ebbf9ac10b99c,2026-08-12T11:00:00Z,,,,,,,,,,,,unavailable,,,,,,,,,,,,unavailable,,,,,,,,,,,,unavailable,,,,,,,,,,,,unavailable
2026-08-16-seven-token-pilot,community-signals-v1,base,CHEAT.SH,0xadfd54cb2997d3a0077f0aafbd8ebbf9ac10b99c,2026-08-12T12:00:00Z,0.0,0.7964216335829999,0,0,0.0,0.0,0.0,,0,,-0.7964216335829999,flat,,,,,,,,,,,,unavailable,,,,,,,,,,,,unavailable,,,,,,,,,,,,unavailable
2026-08-16-seven-token-pilot,community-signals-v1,base,CHEAT.SH,0xadfd54cb2997d3a0077f0aafbd8ebbf9ac10b99c,2026-08-12T13:00:00Z,0.0015798976139125287,9.996261327148858,1,0,1.0,0.0,0.0015798976139125287,0.0015798976139125287,1,1.0,-9.994681429534946,markup,,,,,,,,,,,,unavailable,,,,,,,,,,,,unavailable,,,,,,,,,,,,unavailable
2026-08-16-seven-token-pilot,community-signals-v1,base,CHEAT.SH,0xadfd54cb2997d3a0077f0aafbd8ebbf9ac10b99c,2026-08-12T14:00:00Z,0.01628442876617786,9.77711651524682,1,0,1.0,0.0,0.01628442876617786,0.014704531152265332,1,1.0,-9.760832086480644,markup,,,,,,,,,,,,unavailable,,,,,,,,,,,,unavailable,,,,,,,,,,,,unavailable
2026-08-16-seven-token-pilot,community-signals-v1,base,CHEAT.SH,0xadfd54cb2997d3a0077f0aafbd8ebbf9ac10b99c,2026-08-12T15:00:00Z,0.0,2.8919329909285807,0,0,0.0,0.0,0.0,-0.01628442876617786,0,,-2.8919329909285807,flat,0.017864583657400956,25.232250153365875,2,0,0.5,0.0,0.004466145914350239,,2,1.0,-25.214385569708476,markup,,,,,,,,,,,,unavailable,,,,,,,,,,,,unavailable
2026-08-16-seven-token-pilot,community-signals-v1,base,CHEAT.SH,0xadfd54cb2997d3a0077f0aafbd8ebbf9ac10b99c,2026-08-12T16:00:00Z,0.0,-3.9243847927947995,0,0,0.0,0.0,0.0,0.0,0,,3.9243847927947995,flat,0.017864583657400956,19.366990239051706,2,0,0.5,0.0,0.004466145914350239,,2,1.0,-19.349125655394303,markup,,,,,,,,,,,,unavailable,,,,,,,,,,,,unavailable
2026-08-16-seven-token-pilot,community-signals-v1,base,CHEAT.SH,0xadfd54cb2997d3a0077f0aafbd8ebbf9ac10b99c,2026-08-12T17:00:00Z,0.021575061087730774,7.294317602485245,1,0,1.0,0.0,0.021575061087730774,0.021575061087730774,1,1.0,-7.272742541397514,markup,0.037863003229365866,16.43486430752441,2,0,0.5,0.0,0.009465750807341466,,2,1.0,-16.397001304295046,markup,,,,,,,,,,,,unavailable,,,,,,,,,,,,unavailable
2026-08-16-seven-token-pilot,community-signals-v1,base,CHEAT.SH,0xadfd54cb2997d3a0077f0aafbd8ebbf9ac10b99c,2026-08-12T18:00:00Z,0.029641187079376685,14.369357543033567,1,0,1.0,0.0,0.029641187079376685,0.008066125991645912,4,1.0,-14.339716355954192,markup,0.051222643271331414,21.305614951293904,2,0,0.5,0.0,0.012805660817832853,,5,1.0,-21.254392308022574,markup,,,,,,,,,,,,unavailable,,,,,,,,,,,,unavailable
2026-08-16-seven-token-pilot,community-signals-v1,base,CHEAT.SH,0xadfd54cb2997d3a0077f0aafbd8ebbf9ac10b99c,2026-08-12T19:00:00Z,0.14582411714567645,-0.9390008597884858,1,0,1.0,0.0,0.14582411714567645,0.11618293006629976,0,1.0,1.0848249769341622,accumulation_divergence,0.19712145538435255,16.78909190531388,3,0,0.75,0.0,0.04928036384608814,0.0448142179317379,5,1.0,-16.59197044992953,markup,,,,,,,,,,,,unavailable,,,,,,,,,,,,unavailable
2026-08-16-seven-token-pilot,community-signals-v1,base,CHEAT.SH,0xadfd54cb2997d3a0077f0aafbd8ebbf9ac10b99c,2026-08-12T20:00:00Z,0.0,-2.703972214482553,0,0,0.0,0.0,0.0,-0.14582411714567645,0,,2.703972214482553,flat,0.19712145538435255,18.272620024946672,3,0,0.75,0.0,0.04928036384608814,0.0448142179317379,5,1.0,-18.07549856956232,markup,,,,,,,,,,,,unavailable,,,,,,,,,,,,unavailable
2026-08-16-seven-token-pilot,community-signals-v1,base,CHEAT.SH,0xadfd54cb2997d3a0077f0aafbd8ebbf9ac10b99c,2026-08-12T21:00:00Z,0.0,14.351081654826082,0,0,0.0,0.0,0.0,0.0,0,,-14.351081654826082,flat,0.17550852822443286,26.051428744905202,2,0,0.5,0.0,0.043877132056108215,0.03441138124876675,4,1.0,-25.87592021668077,markup,,,,,,,,,,,,unavailable,,,,,,,,,,,,unavailable
2026-08-16-seven-token-pilot,community-signals-v1,base,CHEAT.SH,0xadfd54cb2997d3a0077f0aafbd8ebbf9ac10b99c,2026-08-12T22:00:00Z,0.0,6.71112268252072,0,0,0.0,0.0,0.0,0.0,0,,-6.71112268252072,flat,0.14582411714567645,17.610955994426902,1,0,0.25,0.0,0.03645602928641911,0.023650368468586258,0,1.0,-17.465131877281227,markup,,,,,,,,,,,,unavailable,,,,,,,,,,,,unavailable
2026-08-16-seven-token-pilot,community-signals-v1,base,CHEAT.SH,0xadfd54cb2997d3a0077f0aafbd8ebbf9ac10b99c,2026-08-12T23:00:00Z,-0.5780774857036985,-2.6840363495276742,0,1,0.0,1.0,-0.5780774857036985,-0.5780774857036985,0,,2.1059588638239757,markdown,-0.5780774857036985,15.539148784992873,0,1,0.0,0.25,-0.14451937142592464,-0.19379973527201277,0,,-16.117226270696573,distribution_divergence,-0.3642992211933205,68.9847950007313,5,1,0.4166666666666667,0.08333333333333333,-0.030358268432776708,,7,0.0,-69.34909422192462,distribution_divergence,,,,,,,,,,,,unavailable
2026-08-16-seven-token-pilot,community-signals-v1,base,CHEAT.SH,0xadfd54cb2997d3a0077f0aafbd8ebbf9ac10b99c,2026-08-13T00:00:00Z,0.0,-3.975710598774973,0,0,0.0,0.0,0.0,0.5780774857036985,0,,3.975710598774973,flat,-0.5780774857036985,14.028957940179998,0,1,0.0,0.25,-0.14451937142592464,-0.19379973527201277,0,,-14.607035425883696,distribution_divergence,-0.3642992211933205,60.984334528702846,5,1,0.4166666666666667,0.08333333333333333,-0.030358268432776708,,7,0.0,-61.348633749896166,distribution_divergence,,,,,,,,,,,,unavailable
2026-08-16-seven-token-pilot,community-signals-v1,base,CHEAT.SH,0xadfd54cb2997d3a0077f0aafbd8ebbf9ac10b99c,2026-08-13T01:00:00Z,0.0,-5.193338409186121,0,0,0.0,0.0,0.0,0.0,0,,5.193338409186121,flat,-0.5780774857036985,-5.460406053522126,0,1,0.0,0.25,-0.14451937142592464,-0.18839650348203285,0,,4.882328567818428,markdown,-0.36587333838308256,38.75369163404556,4,1,0.3333333333333333,0.08333333333333333,-0.03048944486525688,,6,0.0,-39.11956497242864,distribution_divergence,,,,,,,,,,,,unavailable
2026-08-16-seven-token-pilot,community-signals-v1,base,CHEAT.SH,0xadfd54cb2997d3a0077f0aafbd8ebbf9ac10b99c,2026-08-13T02:00:00Z,0.01669512668329709,7.513979247247549,1,0,1.0,0.0,0.01669512668329709,0.01669512668329709,1,1.0,-7.4972841205642515,markup,-0.5614788697889672,-4.749123745562944,1,1,0.25,0.25,-0.1403697174472418,-0.17682574673366092,1,0.0,4.187644875773977,markdown,-0.36546420972441984,35.89318062248268,4,1,0.3333333333333333,0.08333333333333333,-0.03045535081036832,,6,0.0,-36.2586448322071,distribution_divergence,,,,,,,,,,,,unavailable
2026-08-16-seven-token-pilot,community-signals-v1,base,CHEAT.SH,0xadfd54cb2997d3a0077f0aafbd8ebbf9ac10b99c,2026-08-13T03:00:00Z,0.0,-0.46417259392472765,0,0,0.0,0.0,0.0,-0.01669512668329709,0,,0.46417259392472765,flat,0.01669512668329709,-2.576366471678415,1,0,0.25,0.0,0.0041737816708242725,0.1486931530967489,1,1.0,2.5930615983617122,accumulation_divergence,-0.36546420972441984,31.46064787503393,4,1,0.3333333333333333,0.08333333333333333,-0.03045535081036832,,6,0.0,-31.82611208475835,distribution_divergence,,,,,,,,,,,,unavailable
2026-08-16-seven-token-pilot,community-signals-v1,base,CHEAT.SH,0xadfd54cb2997d3a0077f0aafbd8ebbf9ac10b99c,2026-08-13T04:00:00Z,0.0,-1.79872151615722,0,0,0.0,0.0,0.0,0.0,0,,1.79872151615722,flat,0.01669512668329709,-0.36765253166769485,1,0,0.25,0.0,0.0041737816708242725,0.1486931530967489,1,1.0,0.38434765835099194,accumulation_divergence,-0.36546420972441984,34.36920142328108,4,1,0.3333333333333333,0.08333333333333333,-0.03045535081036832,,6,0.0,-34.734665633005505,distribution_divergence,,,,,,,,,,,,unavailable
2026-08-16-seven-token-pilot,community-signals-v1,base,CHEAT.SH,0xadfd54cb2997d3a0077f0aafbd8ebbf9ac10b99c,2026-08-13T05:00:00Z,0.0,3.5597365183971608,0,0,0.0,0.0,0.0,0.0,0,,-3.5597365183971608,flat,0.01669512668329709,8.830956384288747,1,0,0.25,0.0,0.0041737816708242725,0.1486931530967489,1,1.0,-8.81426125760545,markup,-0.3869557848651839,29.692227943859994,3,1,0.25,0.08333333333333333,-0.03224631540543199,,5,0.0,-30.079183728725177,distribution_divergence,,,,,,,,,,,,unavailable
2026-08-16-seven-token-pilot,community-signals-v1,base,CHEAT.SH,0xadfd54cb2997d3a0077f0aafbd8ebbf9ac10b99c,2026-08-13T06:00:00Z,0.0,3.3881899687083994,0,0,0.0,0.0,0.0,0.0,0,,-3.3881899687083994,flat,0.0,4.65462883909693,0,0,0.0,0.0,0.0,0.1403697174472418,0,,-4.65462883909693,flat,-0.4164735242481066,17.239835810737848,2,1,0.16666666666666666,0.08333333333333333,-0.03470612702067555,,1,0.0,-17.656309334985956,distribution_divergence,,,,,,,,,,,,unavailable
2026-08-16-seven-token-pilot,community-signals-v1,base,CHEAT.SH,0xadfd54cb2997d3a0077f0aafbd8ebbf9ac10b99c,2026-08-13T07:00:00Z,0.0,-3.374078146706816,0,0,0.0,0.0,0.0,0.0,0,,3.374078146706816,flat,0.0,1.595076379249205,0,0,0.0,0.0,0.0,-0.0041737816708242725,0,,-1.595076379249205,flat,-0.5614788697889672,14.357893736837713,1,1,0.08333333333333333,0.08333333333333333,-0.04678990581574727,,1,0.0,-14.91937260662668,distribution_divergence,,,,,,,,,,,,unavailable
2026-08-16-seven-token-pilot,community-signals-v1,base,CHEAT.SH,0xadfd54cb2997d3a0077f0aafbd8ebbf9ac10b99c,2026-08-13T08:00:00Z,0.0,-3.1641913547821976,0,0,0.0,0.0,0.0,0.0,0,,3.1641913547821976,flat,0.0,0.1824164354024438,0,0,0.0,0.0,0.0,-0.0041737816708242725,0,,-0.1824164354024438,flat,-0.5614788697889672,13.816970404817797,1,1,0.08333333333333333,0.08333333333333333,-0.04678990581574727,,1,0.0,-14.378449274606764,distribution_divergence,,,,,,,,,,,,unavailable
2026-08-16-seven-token-pilot,community-signals-v1,base,CHEAT.SH,0xadfd54cb2997d3a0077f0aafbd8ebbf9ac10b99c,2026-08-13T09:00:00Z,0.0540457057990551,-2.317973403012963,1,0,1.0,0.0,0.0540457057990551,0.0540457057990551,0,1.0,2.372019108812018,accumulation_divergence,0.0540457057990551,-5.503607909866126,1,0,0.25,0.0,0.013511426449763775,0.009337644778939502,0,1.0,5.557653615665181,accumulation_divergence,-0.5077366192080102,-2.774226798906043,2,1,0.16666666666666666,0.08333333333333333,-0.04231138493400085,,1,0.0,2.266490179698033,markdown,,,,,,,,,,,,unavailable
2026-08-16-seven-token-pilot,community-signals-v1,base,CHEAT.SH,0xadfd54cb2997d3a0077f0aafbd8ebbf9ac10b99c,2026-08-13T10:00:00Z,0.3326035932463389,-0.24181012617463526,1,0,1.0,0.0,0.3326035932463389,0.2785578874472838,0,1.0,0.5744137194209742,accumulation_divergence,0.38682905700486714,-8.821413476992424,2,0,0.5,0.0,0.09670726425121678,0.09670726425121678,0,1.0,9.208242533997291,accumulation_divergence,-0.17682177620137463,-9.109126585799487,3,1,0.25,0.08333333333333333,-0.014735148016781219,,1,0.0,8.932304809598111,markdown,,,,,,,,,,,,unavailable
2026-08-16-seven-token-pilot,community-signals-v1,base,CHEAT.SH,0xadfd54cb2997d3a0077f0aafbd8ebbf9ac10b99c,2026-08-13T11:00:00Z,0.0,3.221544158185141,0,0,0.0,0.0,0.0,-0.3326035932463389,0,,-3.221544158185141,flat,0.38682905700486714,-2.5976227232778926,2,0,0.5,0.0,0.09670726425121678,0.09670726425121678,0,1.0,2.9844517802827597,accumulation_divergence,0.40358876528929777,-3.593450120920849,3,0,0.25,0.0,0.03363239710744148,0.06399066554021819,1,1.0,3.997038886210147,accumulation_divergence,0.03781927336719004,62.91241068043967,8,1,0.3333333333333333,0.041666666666666664,0.0015758030569662518,,8,0.06128153867468256,-62.87459140707248,markup
2026-08-16-seven-token-pilot,community-signals-v1,base,CHEAT.SH,0xadfd54cb2997d3a0077f0aafbd8ebbf9ac10b99c,2026-08-13T12:00:00Z,-0.0016993201671700042,-5.875490578876963,0,1,0.0,1.0,-0.0016993201671700042,-0.0016993201671700042,-1,,5.873791258709794,markdown,0.38512316337353525,-5.324785263975118,2,1,0.5,0.25,0.09628079084338381,0.09628079084338381,-1,0.9955900581911911,5.709908427348653,accumulation_divergence,0.40188258685684985,-5.500792883393224,3,1,0.25,0.08333333333333333,0.03349021557140416,0.06384848400418086,0,0.995772482836018,5.902675470250074,accumulation_divergence,0.03611931052949213,52.128919711570006,8,2,0.3333333333333333,0.08333333333333333,0.0015049712720621722,,7,0.058526955386602984,-52.09280040104051,markup
2026-08-16-seven-token-pilot,community-signals-v1,base,CHEAT.SH,0xadfd54cb2997d3a0077f0aafbd8ebbf9ac10b99c,2026-08-13T13:00:00Z,0.0,11.605929057330577,0,0,0.0,0.0,0.0,0.0016993201671700042,0,,-11.605929057330577,flat,0.3308986210792453,8.170516802548033,1,1,0.25,0.25,0.08272465526981132,0.06921322882004755,-1,0.9948738612518725,-7.839618181468787,markup,0.40188258685684985,11.243995184109568,3,1,0.25,0.08333333333333333,0.03349021557140416,0.06397966043666103,0,0.995772482836018,-10.842112597252719,markup,0.03453886723683297,54.3551500391519,7,2,0.2916666666666667,0.08333333333333333,0.0014391194682013737,,6,0.05611056806938053,-54.32061117191507,markup
2026-08-16-seven-token-pilot,community-signals-v1,base,CHEAT.SH,0xadfd54cb2997d3a0077f0aafbd8ebbf9ac10b99c,2026-08-13T14:00:00Z,0.0,0.8116473348785957,0,0,0.0,0.0,0.0,0.0,0,,-0.8116473348785957,flat,-0.0016993201671700042,9.312809361542506,0,1,0.0,0.25,-0.00042483004179250106,-0.09713209429300929,-1,,-9.314508681709675,distribution_divergence,0.38512316337353525,4.309137185158107,2,1,0.16666666666666666,0.08333333333333333,0.0320935969477946,0.06254894775816291,-1,0.9955900581911911,-3.924014021784572,markup,0.018251466323615517,41.74900420078016,6,2,0.25,0.08333333333333333,0.0007604777634839799,,5,0.03046134387361865,-41.730752734456544,markup
2026-08-16-seven-token-pilot,community-signals-v1,base,CHEAT.SH,0xadfd54cb2997d3a0077f0aafbd8ebbf9ac10b99c,2026-08-13T15:00:00Z,0.007969691612985663,-5.260388203146238,1,0,1.0,0.0,0.007969691612985663,0.007969691612985663,2,1.0,5.268357894759224,accumulation_divergence,0.006270236015248898,0.33034486933514184,1,1,0.25,0.25,0.0015675590038122245,-0.09513970524740456,1,0.7867735507128976,-0.32407463331989295,markup,0.39312354811495975,-0.7170842768975505,3,1,0.25,0.08333333333333333,0.032760295676246644,0.06321564648661496,1,0.9956794163479734,1.1102078250125103,accumulation_divergence,0.026222612522186495,30.51796423881441,7,2,0.2916666666666667,0.08333333333333333,0.001092608855091104,,7,0.04319044035489794,-30.491741626292225,markup
2026-08-16-seven-token-pilot,community-signals-v1,base,CHEAT.SH,0xadfd54cb2997d3a0077f0aafbd8ebbf9ac10b99c,2026-08-13T16:00:00Z,0.0,-3.065477343489831,0,0,0.0,0.0,0.0,-0.007969691612985663,0,,3.065477343489831,flat,0.007969691612985663,3.3256284434826977,1,0,0.25,0.0,0.001992422903246416,-0.0942883679401374,2,1.0,-3.317658751869712,markup,0.39312354811495975,-1.9977927767110715,3,1,0.25,0.08333333333333333,0.032760295676246644,0.06321564648661496,1,0.9956794163479734,2.3909163248260312,accumulation_divergence,0.026222612522186495,31.684783223122427,7,2,0.2916666666666667,0.08333333333333333,0.001092608855091104,,7,0.04319044035489794,-31.65856061060024,markup
2026-08-16-seven-token-pilot,community-signals-v1,base,CHEAT.SH,0xadfd54cb2997d3a0077f0aafbd8ebbf9ac10b99c,2026-08-13T17:00:00Z,0.0,6.638769891152663,0,0,0.0,0.0,0.0,0.0,0,,-6.638769891152663,flat,0.007969691612985663,-1.2730057577566845,1,0,0.25,0.0,0.001992422903246416,-0.0807322323665649,2,1.0,1.2809754493696701,accumulation_divergence,0.39312354811495975,0.9160043879872237,3,1,0.25,0.08333333333333333,0.032760295676246644,0.06500661108167863,1,0.9956794163479734,-0.522880839872264,markup,0.004646548938680439,30.880214442704144,6,2,0.25,0.08333333333333333,0.00019360620577835164,,6,0.007936877538665189,-30.875567893765464,markup
2026-08-16-seven-token-pilot,community-signals-v1,base,CHEAT.SH,0xadfd54cb2997d3a0077f0aafbd8ebbf9ac10b99c,2026-08-13T18:00:00Z,0.0,-8.462450664679544,0,0,0.0,0.0,0.0,0.0,0,,8.462450664679544,flat,0.007969691612985663,-10.355327533165248,1,0,0.25,0.0,0.001992422903246416,0.002417252945038917,2,1.0,10.363297224778233,accumulation_divergence,0.39312354811495975,-10.651267488243477,3,1,0.25,0.08333333333333333,0.032760295676246644,0.06746642269692218,1,0.9956794163479734,11.044391036358437,accumulation_divergence,-0.024987231628625928,4.7523072957587065,5,2,0.20833333333333334,0.08333333333333333,-0.001041134651192747,,2,0.0,-4.777294527387332,distribution_divergence
2026-08-16-seven-token-pilot,community-signals-v1,base,CHEAT.SH,0xadfd54cb2997d3a0077f0aafbd8ebbf9ac10b99c,2026-08-13T19:00:00Z,0.0,-2.5331057426834724,0,0,0.0,0.0,0.0,0.0,0,,2.5331057426834724,flat,0.0,-7.774713804063527,0,0,0.0,0.0,0.0,-0.0015675590038122245,0,,7.774713804063527,flat,0.39312354811495975,-9.873631250103,3,1,0.25,0.08333333333333333,0.032760295676246644,0.0795502014919939,1,0.9956794163479734,10.26675479821796,accumulation_divergence,-0.17056262732882965,3.066617003877714,4,2,0.16666666666666666,0.08333333333333333,-0.007106776138701236,,2,0.0,-3.2371796312065437,distribution_divergence
2026-08-16-seven-token-pilot,community-signals-v1,base,CHEAT.SH,0xadfd54cb2997d3a0077f0aafbd8ebbf9ac10b99c,2026-08-13T20:00:00Z,0.44168590014639353,10.19073574830822,1,0,1.0,0.0,0.44168590014639353,0.44168590014639353,0,1.0,-9.749049848161828,markup,0.44168590014639353,4.837490937456268,1,0,0.25,0.0,0.11042147503659838,0.10842905213335197,0,1.0,-4.3958050373098745,markup,0.8365458195435327,2.5559761602189868,4,1,0.3333333333333333,0.08333333333333333,0.06971215162862772,0.11650205744437499,1,0.9979649386878234,-1.719430340675454,markup,0.2703699217417199,16.72610503464842,5,2,0.20833333333333334,0.08333333333333333,0.011265413405904997,,2,0.3180284868035001,-16.4557351129067,markup
2026-08-16-seven-token-pilot,community-signals-v1,base,CHEAT.SH,0xadfd54cb2997d3a0077f0aafbd8ebbf9ac10b99c,2026-08-13T21:00:00Z,0.0,2.4526208226694823,0,0,0.0,0.0,0.0,-0.44168590014639353,0,,-2.4526208226694823,flat,0.44168590014639353,0.7220518201642934,1,0,0.25,0.0,0.11042147503659838,0.10842905213335197,0,1.0,-0.28036592001789984,markup,0.7820774344751369,7.5646043052687295,3,1,0.25,0.08333333333333333,0.06517311953959475,0.10748450447359559,1,0.9978246868612288,-6.782526870793593,markup,0.2703699217417199,4.580518226494723,5,2,0.20833333333333334,0.08333333333333333,0.011265413405904997,,2,0.3180284868035001,-4.310148304753003,markup
2026-08-16-seven-token-pilot,community-signals-v1,base,CHEAT.SH,0xadfd54cb2997d3a0077f0aafbd8ebbf9ac10b99c,2026-08-13T22:00:00Z,0.01266643556017133,6.197939433687516,1,0,1.0,0.0,0.01266643556017133,0.01266643556017133,1,1.0,-6.185272998127345,markup,0.4544082815664652,16.853405367574403,2,0,0.5,0.0,0.1136020703916163,0.11160964748836988,1,1.0,-16.398997086007938,markup,0.4607070100534294,14.508285962962386,3,1,0.25,0.08333333333333333,0.03839225083778578,0.053127398854567,2,0.9963250499482585,-14.047578952908957,markup,0.2830706035338082,4.077581243366879,6,2,0.25,0.08333333333333333,0.011794608480575342,,3,0.32806680093502083,-3.794510639833071,markup
2026-08-16-seven-token-pilot,community-signals-v1,base,CHEAT.SH,0xadfd54cb2997d3a0077f0aafbd8ebbf9ac10b99c,2026-08-13T23:00:00Z,0.0,2.126982482352413,0,0,0.0,0.0,0.0,-0.01266643556017133,0,,-2.126982482352413,flat,0.4544082815664652,22.44040167599428,2,0,0.5,0.0,0.1136020703916163,0.1136020703916163,1,1.0,-21.985993394427815,markup,0.4607070100534294,13.294039630934273,3,1,0.25,0.08333333333333333,0.03839225083778578,0.0047598537303443,2,0.9963250499482585,-12.833332620880844,markup,0.8661551370761966,9.222874826820359,6,1,0.25,0.041666666666666664,0.03608979737817486,,3,0.9980340425342604,-8.356719689744162,markup
2026-08-16-seven-token-pilot,community-signals-v1,base,CHEAT.SH,0xadfd54cb2997d3a0077f0aafbd8ebbf9ac10b99c,2026-08-14T00:00:00Z,0.0,4.425286645564674,0,0,0.0,0.0,0.0,0.0,0,,-4.425286645564674,flat,0.01266643556017133,16.034020057898402,1,0,0.25,0.0,0.0031666088900428324,-0.10725486614655555,1,1.0,-16.021353622338232,markup,0.46241418811816537,25.69268765866486,3,0,0.25,0.0,0.03853451567651378,0.005044300105109624,3,1.0,-25.230273470546692,markup,0.8661551370761966,18.77859324099136,6,1,0.25,0.041666666666666664,0.03608979737817486,,3,0.9980340425342604,-17.912438103915164,markup
2026-08-16-seven-token-pilot,community-signals-v1,base,CHEAT.SH,0xadfd54cb2997d3a0077f0aafbd8ebbf9ac10b99c,2026-08-14T01:00:00Z,0.0,10.823434933945041,0,0,0.0,0.0,0.0,0.0,0,,-10.823434933945041,flat,0.01266643556017133,25.514492150163015,1,0,0.25,0.0,0.0031666088900428324,-0.10725486614655555,1,1.0,-25.501825714602845,markup,0.46241418811816537,24.81142812096666,3,0,0.25,0.0,0.03853451567651378,0.005044300105109624,3,1.0,-24.349013932848493,markup,0.8661551370761966,38.84521908810654,6,1,0.25,0.041666666666666664,0.03608979737817486,,3,0.9980340425342604,-37.97906395103034,markup
2026-08-16-seven-token-pilot,community-signals-v1,base,CHEAT.SH,0xadfd54cb2997d3a0077f0aafbd8ebbf9ac10b99c,2026-08-14T02:00:00Z,0.018172342813715936,7.424076008637992,1,0,1.0,0.0,0.018172342813715936,0.018172342813715936,0,1.0,-7.405903665824276,markup,0.018172342813715936,26.963653125717958,1,0,0.25,0.0,0.004543085703428984,-0.10905898468818731,0,1.0,-26.94548078290424,markup,0.4806705624233576,32.99804829768511,4,0,0.3333333333333333,0.0,0.04005588020194647,0.007962283254151867,3,1.0,-32.51737773526175,markup,0.8676448994722863,38.729116652415186,6,1,0.25,0.041666666666666664,0.036151870811345264,,2,0.9980377384539355,-37.8614717529429,markup
2026-08-16-seven-token-pilot,community-signals-v1,base,CHEAT.SH,0xadfd54cb2997d3a0077f0aafbd8ebbf9ac10b99c,2026-08-14T03:00:00Z,0.0,-5.028615545977011,0,0,0.0,0.0,0.0,-0.018172342813715936,0,,5.028615545977011,flat,0.018172342813715936,18.067856501815214,1,0,0.25,0.0,0.004543085703428984,-0.10905898468818731,0,1.0,-18.049684159001497,markup,0.47266320101087,33.32341706865254,3,0,0.25,0.0,0.03938860008423917,0.006628304407992523,1,1.0,-32.85075386764167,markup,0.8676448994722863,32.3673758074307,6,1,0.25,0.041666666666666664,0.036151870811345264,,2,0.9980377384539355,-31.499730907958412,markup
2026-08-16-seven-token-pilot,community-signals-v1,base,CHEAT.SH,0xadfd54cb2997d3a0077f0aafbd8ebbf9ac10b99c,2026-08-14T04:00:00Z,0.0,-1.458200021356837,0,0,0.0,0.0,0.0,0.0,0,,1.458200021356837,flat,0.018172342813715936,11.415725759975048,1,0,0.25,0.0,0.004543085703428984,0.0013764768133861516,0,1.0,-11.397553417161333,markup,0.47266320101087,35.53406090215094,3,0,0.25,0.0,0.03938860008423917,0.006628304407992523,1,1.0,-35.06139770114007,markup,0.8676448994722863,32.82637122346459,6,1,0.25,0.041666666666666664,0.036151870811345264,,2,0.9980377384539355,-31.958726323992305,markup
2026-08-16-seven-token-pilot,community-signals-v1,base,CHEAT.SH,0xadfd54cb2997d3a0077f0aafbd8ebbf9ac10b99c,2026-08-14T05:00:00Z,-0.11680510986298298,9.60196264590769,0,1,0.0,1.0,-0.11680510986298298,-0.11680510986298298,0,,-9.718767755770674,distribution_divergence,-0.09865399327425584,10.187725368645427,1,1,0.25,0.25,-0.02466349831856396,-0.02783010720860679,0,0.0,-10.286379361919684,distribution_divergence,0.3553059963766758,39.300172867787,3,1,0.25,0.08333333333333333,0.029608833031389652,-0.0031514626448569914,1,0.7517107225965309,-38.94486687141032,markup,0.7498263360312674,40.57616856372972,6,2,0.25,0.08333333333333333,0.031242764001302808,,2,0.8625129717249527,-39.826342227698454,markup
2026-08-16-seven-token-pilot,community-signals-v1,base,CHEAT.SH,0xadfd54cb2997d3a0077f0aafbd8ebbf9ac10b99c,2026-08-14T06:00:00Z,0.0,-9.125952327506859,0,0,0.0,0.0,0.0,0.11680510986298298,0,,9.125952327506859,flat,-0.11680510986298298,-6.788077867491237,0,1,0.0,0.25,-0.029201277465745745,-0.03374436316917473,0,,6.6712727576282544,markdown,0.3553059963766758,38.290468140043686,3,1,0.25,0.08333333333333333,0.029608833031389652,-0.0031514626448569914,1,0.7517107225965309,-37.93516214366701,markup,0.7498263360312674,23.560780467703513,6,2,0.25,0.08333333333333333,0.031242764001302808,,2,0.8625129717249527,-22.810954131672247,markup
2026-08-16-seven-token-pilot,community-signals-v1,base,CHEAT.SH,0xadfd54cb2997d3a0077f0aafbd8ebbf9ac10b99c,2026-08-14T07:00:00Z,0.0,-6.74583682558394,0,0,0.0,0.0,0.0,0.0,0,,6.74583682558394,flat,-0.11680510986298298,-8.473485499687005,0,1,0.0,0.25,-0.029201277465745745,-0.03374436316917473,0,,8.356680389824021,markdown,0.3553059963766758,32.31325343507541,3,1,0.25,0.08333333333333333,0.029608833031389652,-0.0031514626448569914,1,0.7517107225965309,-31.957947438698735,markup,0.7498263360312674,19.24913069588183,6,2,0.25,0.08333333333333333,0.031242764001302808,,2,0.8625129717249527,-18.499304359850562,markup
2026-08-16-seven-token-pilot,community-signals-v1,base,CHEAT.SH,0xadfd54cb2997d3a0077f0aafbd8ebbf9ac10b99c,2026-08-14T08:00:00Z,0.0,-4.760284674226966,0,0,0.0,0.0,0.0,0.0,0,,4.760284674226966,flat,-0.11680510986298298,-11.540491571503031,0,1,0.0,0.25,-0.029201277465745745,-0.03374436316917473,0,,11.423686461640049,markdown,-0.08600005365858587,14.360581272159422,2,1,0.16666666666666666,0.08333333333333333,-0.00716667113821549,-0.07687882276684321,1,0.0,-14.446581325818007,distribution_divergence,0.7498263360312674,17.28361046616367,6,2,0.25,0.08333333333333333,0.031242764001302808,,2,0.8625129717249527,-16.533784130132403,markup
2026-08-16-seven-token-pilot,community-signals-v1,base,CHEAT.SH,0xadfd54cb2997d3a0077f0aafbd8ebbf9ac10b99c,2026-08-14T09:00:00Z,0.0036751378879484875,-2.8365677531726474,1,0,1.0,0.0,0.0036751378879484875,0.0036751378879484875,0,1.0,2.840242891060596,accumulation_divergence,0.0036751378879484875,-21.57960271616689,1,0,0.25,0.0,0.0009187844719871219,0.02558228279055108,0,1.0,21.58327785405484,accumulation_divergence,-0.08232807639118045,8.456635866620976,3,1,0.25,0.08333333333333333,-0.0068606730325983705,-0.07203379257219311,1,0.0,-8.538963943012156,distribution_divergence,0.6991054887762527,16.660951212737007,6,2,0.25,0.08333333333333333,0.029129395365677196,,2,0.854061878715914,-15.961845723960755,markup
2026-08-16-seven-token-pilot,community-signals-v1,base,CHEAT.SH,0xadfd54cb2997d3a0077f0aafbd8ebbf9ac10b99c,2026-08-14T10:00:00Z,-0.026848310639593365,-6.582079329481083,0,1,0.0,1.0,-0.026848310639593365,-0.030523448527541852,-1,,6.555231018841489,markdown,-0.02317415946407886,-19.38434965707837,1,1,0.25,0.25,-0.005793539866019715,0.02340773759972603,-1,0.0,19.36117549761429,markdown,-0.12180529050461741,-4.5951978013106025,2,2,0.16666666666666666,0.16666666666666666,-0.010150440875384784,-0.04854269171317056,-1,0.0,4.473392510805985,markdown,0.33834055403685337,9.246403724073883,5,3,0.20833333333333334,0.125,0.01409752308486889,,1,0.6985444001985095,-8.908063170037028,markup
2026-08-16-seven-token-pilot,community-signals-v1,base,CHEAT.SH,0xadfd54cb2997d3a0077f0aafbd8ebbf9ac10b99c,2026-08-14T11:00:00Z,-0.5290530070553023,-8.407228162529613,0,1,0.0,1.0,-0.5290530070553023,-0.502204696415709,0,,7.8781751554743105,markdown,-0.5521045629318766,-20.820576615133525,1,2,0.25,0.5,-0.13802614073296915,-0.1088248632672234,-1,0.0,20.26847205220165,markdown,-0.6502138830077553,-14.436027897979365,2,3,0.16666666666666666,0.25,-0.054184490250646276,-0.09257674108843206,-1,0.0,13.78581401497161,markdown,-0.1925024538936726,-3.0611195369351973,5,4,0.20833333333333334,0.16666666666666666,-0.008020935578903024,-0.009596738635869276,1,0.0,2.8686170830415247,markdown
2026-08-16-seven-token-pilot,community-signals-v1,base,CHEAT.SH,0xadfd54cb2997d3a0077f0aafbd8ebbf9ac10b99c,2026-08-14T12:00:00Z,0.01089301325312153,-5.28858570954659,1,0,1.0,0.0,0.01089301325312153,0.5399460203084239,-1,1.0,5.299478722799711,accumulation_divergence,-0.5412716905019543,-21.259790142884547,2,2,0.5,0.5,-0.13531792262548858,-0.10611664515974284,-2,0.0,20.718518452382593,markdown,-0.639391697639069,-22.39537883580732,3,3,0.25,0.25,-0.05328264146992242,-0.0918171571464362,-2,0.0,21.75598713816825,markdown,-0.17993414744844616,-2.456665911401179,6,3,0.25,0.125,-0.007497256143685256,-0.009002227415747428,1,0.0,2.276731763952733,markdown
2026-08-16-seven-token-pilot,community-signals-v1,base,CHEAT.SH,0xadfd54cb2997d3a0077f0aafbd8ebbf9ac10b99c,2026-08-14T13:00:00Z,0.0,7.500604361231944,0,0,0.0,0.0,0.0,-0.01089301325312153,0,,-7.500604361231944,flat,-0.5449268015785602,-12.882656042170272,1,2,0.25,0.5,-0.13623170039464005,-0.13715048486662718,-2,0.0,12.337729240591711,markdown,-0.639391697639069,-24.722206261269243,3,3,0.25,0.25,-0.05328264146992242,-0.0918171571464362,-2,0.0,24.082814563630173,markdown,-0.17993414744844616,-6.044710576734502,6,3,0.25,0.125,-0.007497256143685256,-0.00893637561188663,1,0.0,5.8647764292860565,markdown
2026-08-16-seven-token-pilot,community-signals-v1,base,CHEAT.SH,0xadfd54cb2997d3a0077f0aafbd8ebbf9ac10b99c,2026-08-14T14:00:00Z,-0.03466187534767462,-6.623340429544633,0,1,0.0,1.0,-0.03466187534767462,-0.03466187534767462,-1,,6.588678554196958,markdown,-0.5526998750172929,-12.92113428510817,1,2,0.25,0.5,-0.13817496875432322,-0.1323814288883035,-2,0.0,12.368434410090877,markdown,-0.6918785601034316,-34.565982037479195,2,4,0.16666666666666666,0.3333333333333333,-0.05765654667528597,-0.09771242687723244,-3,0.0,33.87410347737576,markdown,-0.2145336542462184,-12.974033187090628,6,4,0.25,0.16666666666666666,-0.0089389022602591,-0.00969938002374308,0,0.0,12.759499532844409,markdown
2026-08-16-seven-token-pilot,community-signals-v1,base,CHEAT.SH,0xadfd54cb2997d3a0077f0aafbd8ebbf9ac10b99c,2026-08-14T15:00:00Z,-0.03482138183202865,-5.110115935504444,0,1,0.0,1.0,-0.03482138183202865,-0.0001595064843540328,0,,5.075294553672416,markdown,-0.058585741688266246,-9.786511463849724,1,2,0.25,0.5,-0.014646435422066562,0.12337970531090259,-2,0.0,9.727925722161459,markdown,-0.7264590202602395,-34.62213471949966,2,5,0.16666666666666666,0.4166666666666667,-0.060538251688353285,-0.09992685177259245,-3,0.0,33.895675699239426,markdown,-0.25722952370855756,-12.835996001496742,5,5,0.20833333333333334,0.20833333333333334,-0.010717896821189898,-0.011810505676281002,-2,0.0,12.578766477788184,markdown
2026-08-16-seven-token-pilot,community-signals-v1,base,CHEAT.SH,0xadfd54cb2997d3a0077f0aafbd8ebbf9ac10b99c,2026-08-14T16:00:00Z,0.0,6.147668227542802,0,0,0.0,0.0,0.0,0.03482138183202865,0,,-6.147668227542802,flat,-0.06947118743573233,1.1066250306193348,0,2,0.0,0.5,-0.017367796858933082,0.1179501257665555,-1,,-1.1760962180550671,distribution_divergence,-0.7264590202602395,-29.575997650503925,2,5,0.16666666666666666,0.4166666666666667,-0.060538251688353285,-0.09992685177259245,-3,0.0,28.849538630243686,markdown,-0.25722952370855756,-4.551489765901772,5,5,0.20833333333333334,0.20833333333333334,-0.010717896821189898,-0.011810505676281002,-2,0.0,4.294260242193214,markdown
2026-08-16-seven-token-pilot,community-signals-v1,base,CHEAT.SH,0xadfd54cb2997d3a0077f0aafbd8ebbf9ac10b99c,2026-08-14T17:00:00Z,0.0,11.464789211573102,0,0,0.0,0.0,0.0,0.0,0,,-11.464789211573102,flat,-0.06947118743573233,4.835025941452242,0,2,0.0,0.5,-0.017367796858933082,0.11886390353570697,-1,,-4.904497128887975,distribution_divergence,-0.6103668500670456,-28.379050996720412,2,4,0.16666666666666666,0.3333333333333333,-0.0508639041722538,-0.08047273720364345,-3,0.0,27.768684146653367,markdown,-0.25722952370855756,-0.2318942288819681,5,5,0.20833333333333334,0.20833333333333334,-0.010717896821189898,-0.01091150302696825,-2,0.0,-0.025335294826589472,markdown
2026-08-16-seven-token-pilot,community-signals-v1,base,CHEAT.SH,0xadfd54cb2997d3a0077f0aafbd8ebbf9ac10b99c,2026-08-14T18:00:00Z,0.0,5.560330153306725,0,0,0.0,0.0,0.0,0.0,0,,-5.560330153306725,flat,-0.03482138183202865,18.513769939052516,0,1,0.0,0.25,-0.008705345458007163,0.12946962329631606,0,,-18.548591320884544,distribution_divergence,-0.6103668500670456,-16.80428883363374,2,4,0.16666666666666666,0.3333333333333333,-0.0508639041722538,-0.08047273720364345,-3,0.0,16.193921983566696,markdown,-0.25722952370855756,15.051738444406482,5,5,0.20833333333333334,0.20833333333333334,-0.010717896821189898,-0.009676762169997152,-2,0.0,-15.30896796811504,distribution_divergence
2026-08-16-seven-token-pilot,community-signals-v1,base,CHEAT.SH,0xadfd54cb2997d3a0077f0aafbd8ebbf9ac10b99c,2026-08-14T19:00:00Z,-0.03270479676000804,-0.35619734120267976,0,1,0.0,1.0,-0.03270479676000804,-0.03270479676000804,0,,0.3234925444426717,markdown,-0.03270479676000804,24.451229133450127,0,1,0.0,0.25,-0.00817619919000201,0.006470236232064552,0,,-24.483933930210135,distribution_divergence,-0.6428720275892474,-11.103839835924735,2,5,0.16666666666666666,0.4166666666666667,-0.05357266896577062,-0.08318150199716028,-3,0.0,10.460967808335488,markdown,-0.28985019407563595,17.62140169194346,5,6,0.20833333333333334,0.25,-0.012077091419818164,-0.004970315281116929,-2,0.0,-17.911251886019098,distribution_divergence
2026-08-16-seven-token-pilot,community-signals-v1,base,CHEAT.SH,0xadfd54cb2997d3a0077f0aafbd8ebbf9ac10b99c,2026-08-14T20:00:00Z,2.4203207749096123e-05,-0.3743722115826631,1,0,1.0,0.0,2.4203207749096123e-05,0.03272899996775713,0,1.0,0.3743964147904122,accumulation_divergence,-0.03268060146786045,16.804561404797937,1,1,0.25,0.25,-0.008170150366965112,0.00919764649196797,0,0.0,-16.837242006265797,distribution_divergence,-0.6428479799771458,-7.010056319130332,3,5,0.25,0.4166666666666667,-0.053570664998095485,-0.04640399385988,-3,0.0,6.367208339153185,markdown,-0.728295184028005,6.343840118096233,5,6,0.20833333333333334,0.25,-0.03034563266783354,-0.041611046073738535,-2,0.0,-7.072135302124238,distribution_divergence
2026-08-16-seven-token-pilot,community-signals-v1,base,CHEAT.SH,0xadfd54cb2997d3a0077f0aafbd8ebbf9ac10b99c,2026-08-14T21:00:00Z,0.0,-8.736209390266957,0,0,0.0,0.0,0.0,-2.4203207749096123e-05,0,,8.736209390266957,flat,-0.03268060146786045,-4.364175362362954,1,1,0.25,0.25,-0.008170150366965112,0.00919764649196797,0,0.0,4.331494760895094,markdown,-0.6464993581222434,-12.656288969466,2,5,0.16666666666666666,0.4166666666666667,-0.05387494651018695,-0.047014273477588575,-3,0.0,12.009789611343757,markdown,-0.728295184028005,-5.269949375220085,5,6,0.20833333333333334,0.25,-0.03034563266783354,-0.041611046073738535,-2,0.0,4.54165419119208,markdown
2026-08-16-seven-token-pilot,community-signals-v1,base,CHEAT.SH,0xadfd54cb2997d3a0077f0aafbd8ebbf9ac10b99c,2026-08-14T22:00:00Z,0.04464322785360242,8.92604650939246,1,0,1.0,0.0,0.04464322785360242,0.04464322785360242,0,1.0,-8.881403281538859,markup,0.011948036710363041,-1.3148948348847944,2,1,0.5,0.25,0.0029870091775907603,0.011692354635597924,0,0.2675762271231476,1.3268428715951575,accumulation_divergence,-0.5754509366656224,1.8434692372396144,3,4,0.25,0.3333333333333333,-0.0479542447221352,-0.03780380384675042,-2,0.0,-2.418920173905237,distribution_divergence,-0.6965552974851241,-2.836439621928477,5,6,0.20833333333333334,0.25,-0.029023137395213505,-0.04081774587578885,-3,0.0,2.139884324443353,markdown
2026-08-16-seven-token-pilot,community-signals-v1,base,CHEAT.SH,0xadfd54cb2997d3a0077f0aafbd8ebbf9ac10b99c,2026-08-14T23:00:00Z,0.0,11.07106125998174,0,0,0.0,0.0,0.0,-0.04464322785360242,0,,-11.07106125998174,flat,0.04466744186644167,10.002419305246434,2,0,0.5,0.0,0.011166860466610418,0.019343059656612427,0,1.0,-9.957751863379993,markup,-0.04664470482382832,23.501691057578068,3,3,0.25,0.25,-0.0038870587353190267,0.05029743151532725,-2,0.0,-23.548335762401898,distribution_divergence,-0.6965552974851241,5.672952482029814,5,6,0.20833333333333334,0.25,-0.029023137395213505,-0.06511293477338836,-3,0.0,-6.369507779514938,distribution_divergence
2026-08-16-seven-token-pilot,community-signals-v1,base,CHEAT.SH,0xadfd54cb2997d3a0077f0aafbd8ebbf9ac10b99c,2026-08-15T00:00:00Z,0.008809315827051911,9.73469400792486,1,0,1.0,0.0,0.008809315827051911,0.008809315827051911,0,1.0,-9.725884692097807,markup,0.05345647644359186,21.16442416030697,2,0,0.5,0.0,0.013364119110897965,0.021534269477863077,0,1.0,-21.11096768386338,markup,-0.048727203468534874,43.09173164813185,3,3,0.25,0.25,-0.004060600289044573,0.04922204118087785,-1,0.0,-43.140458851600386,distribution_divergence,-0.6878073434141485,11.045796262815921,6,6,0.25,0.25,-0.028658639308922856,-0.06474843668709772,-3,0.0,-11.73360360623007,distribution_divergence
2026-08-16-seven-token-pilot,community-signals-v1,base,CHEAT.SH,0xadfd54cb2997d3a0077f0aafbd8ebbf9ac10b99c,2026-08-15T01:00:00Z,0.0,2.3614970949151104,0,0,0.0,0.0,0.0,-0.008809315827051911,0,,-2.3614970949151104,flat,0.05345647644359186,35.898057365695536,2,0,0.5,0.0,0.013364119110897965,0.021534269477863077,0,1.0,-35.84460088925194,markup,-0.048727203468534874,36.25117700909237,3,3,0.25,0.25,-0.004060600289044573,0.04922204118087785,-1,0.0,-36.29990421256091,distribution_divergence,-0.6878073434141485,2.5668799954975174,6,6,0.25,0.25,-0.028658639308922856,-0.06474843668709772,-3,0.0,-3.254687338911666,distribution_divergence
2026-08-16-seven-token-pilot,community-signals-v1,base,CHEAT.SH,0xadfd54cb2997d3a0077f0aafbd8ebbf9ac10b99c,2026-08-15T02:00:00Z,0.0,-2.480325839505204,0,0,0.0,0.0,0.0,0.0,0,,2.480325839505204,flat,0.008809315827051911,21.66726598494606,1,0,0.25,0.0,0.002202328956762978,-0.0007846802208277825,0,1.0,-21.65845666911901,markup,-0.014070205117822088,42.296484443042615,3,2,0.25,0.16666666666666666,-0.0011725170931518407,0.05648402958213413,0,0.0,-42.31055464816044,distribution_divergence,-0.7058514164886898,-6.889692809503867,5,6,0.20833333333333334,0.25,-0.02941047568702874,-0.065562346498374,-3,0.0,6.183841393015177,markdown
2026-08-16-seven-token-pilot,community-signals-v1,base,CHEAT.SH,0xadfd54cb2997d3a0077f0aafbd8ebbf9ac10b99c,2026-08-15T03:00:00Z,0.015243260018094063,-3.084922040834437,1,0,1.0,0.0,0.015243260018094063,0.015243260018094063,1,1.0,3.100165300852531,accumulation_divergence,0.024053918672062302,6.160798629714281,2,0,0.5,0.0,0.0060134796680155755,-0.005153380798594842,1,1.0,-6.136744711042219,markup,0.03600482935344207,45.33345697565932,4,1,0.3333333333333333,0.08333333333333333,0.0030004024461201726,0.06353865413447346,1,0.5240143396210079,-45.29745214630587,markup,-0.6907157512373585,-4.9840882909595425,6,6,0.25,0.25,-0.028779822968223272,-0.06493169377956853,-2,0.0,4.293372539722184,markdown
2026-08-16-seven-token-pilot,community-signals-v1,base,CHEAT.SH,0xadfd54cb2997d3a0077f0aafbd8ebbf9ac10b99c,2026-08-15T04:00:00Z,0.0,0.7013397190098525,0,0,0.0,0.0,0.0,-0.015243260018094063,0,,-0.7013397190098525,flat,0.015243260018094063,-2.578352778017501,1,0,0.25,0.0,0.0038108150045235156,-0.00955330410637445,1,1.0,2.593596038035595,accumulation_divergence,0.03600482935344207,37.876545644612314,4,1,0.3333333333333333,0.08333333333333333,0.0030004024461201726,0.06353865413447346,1,0.5240143396210079,-37.84054081525887,markup,-0.6907157512373585,-2.9018182558341876,6,6,0.25,0.25,-0.028779822968223272,-0.06493169377956853,-2,0.0,2.211102504596829,markdown
2026-08-16-seven-token-pilot,community-signals-v1,base,CHEAT.SH,0xadfd54cb2997d3a0077f0aafbd8ebbf9ac10b99c,2026-08-15T05:00:00Z,0.0112776517124491,-5.879630613882158,1,0,1.0,0.0,0.0112776517124491,0.0112776517124491,0,1.0,5.890908265594607,accumulation_divergence,0.02652263081230899,-10.42177300088991,2,0,0.5,0.0,0.006630657703077247,-0.006733461407820718,1,1.0,10.44829563170222,accumulation_divergence,0.04728654156513912,16.422338368406297,5,1,0.4166666666666667,0.08333333333333333,0.0039405451304282595,0.054804449302682065,1,0.5911457734702765,-16.37505182684116,markup,-0.5633689298761624,-16.617216408738113,7,5,0.2916666666666667,0.20833333333333334,-0.023473705411506767,-0.054716469412809575,-2,0.0,16.05384747886195,markdown
2026-08-16-seven-token-pilot,community-signals-v1,base,CHEAT.SH,0xadfd54cb2997d3a0077f0aafbd8ebbf9ac10b99c,2026-08-15T06:00:00Z,-0.016302320415517713,-7.27877030995886,0,1,0.0,1.0,-0.016302320415517713,-0.027579972127966812,0,,7.262467989543342,markdown,0.010215986592521098,-14.829459467412676,2,1,0.5,0.25,0.0025539966481302745,0.0003516676913672967,1,0.3851799870391744,14.839675454005196,accumulation_divergence,0.03097651234611476,2.262112682209505,5,2,0.4166666666666667,0.16666666666666666,0.0025813760288428966,0.0534452802010967,1,0.38724833206554216,-2.2311361698633903,markup,-0.5795794080836081,-14.922308100284976,7,6,0.2916666666666667,0.25,-0.02414914200348367,-0.05539190600478648,-2,0.0,14.342728692201367,markdown
2026-08-16-seven-token-pilot,community-signals-v1,base,CHEAT.SH,0xadfd54cb2997d3a0077f0aafbd8ebbf9ac10b99c,2026-08-15T07:00:00Z,0.043734344321078034,0.21464729537103988,1,0,1.0,0.0,0.043734344321078034,0.060036664736595746,0,1.0,-0.17091295104996185,markup,0.03870563878911604,-11.929744481806637,2,1,0.5,0.25,0.00967640969727901,0.0036629300292634337,0,0.7036135450565796,11.968450120595753,accumulation_divergence,0.10746434679798078,2.8479572304071388,6,1,0.5,0.08333333333333333,0.008955362233165065,0.06252803119893569,1,0.8681903126737018,-2.740492883609158,markup,-0.5360985390164719,-8.57211521497765,8,6,0.3333333333333333,0.25,-0.022337439125686327,-0.053580203126989134,-2,0.0,8.036016675961179,markdown
2026-08-16-seven-token-pilot,community-signals-v1,base,CHEAT.SH,0xadfd54cb2997d3a0077f0aafbd8ebbf9ac10b99c,2026-08-15T08:00:00Z,0.006816247773566708,4.551543515611511,1,0,1.0,0.0,0.006816247773566708,-0.036918096547511325,0,1.0,-4.544727267837945,markup,0.045524524834905655,-8.562476150421993,3,1,0.75,0.25,0.011381131208726414,0.007570316204202898,0,0.7363010508963824,8.6080006752569,accumulation_divergence,0.1142636887444537,7.933198661527707,6,1,0.5,0.08333333333333333,0.009521974062037808,0.0630926390601333,1,0.8750537610206772,-7.818934972783254,markup,-0.5293188330476428,0.3670206483157967,9,6,0.375,0.25,-0.022054951376985116,-0.053297715378287924,-2,0.0,-0.8963394813634395,distribution_divergence
2026-08-16-seven-token-pilot,community-signals-v1,base,CHEAT.SH,0xadfd54cb2997d3a0077f0aafbd8ebbf9ac10b99c,2026-08-15T09:00:00Z,-0.006701049583879293,2.029648807940676,0,1,0.0,1.0,-0.006701049583879293,-0.013517297357446001,-1,,-2.0363498575245553,distribution_divergence,0.02753966708988198,-0.8786460668506191,2,2,0.5,0.5,0.006884916772470495,0.00025425906939324783,-1,0.5448508526315755,0.9061857339405011,accumulation_divergence,0.10755498229413352,20.665449907128064,6,2,0.5,0.16666666666666666,0.008962915191177792,0.06283786170136474,0,0.8236771699492856,-20.55789492483393,markup,-0.5396397180982726,5.393681880575696,8,7,0.3333333333333333,0.2916666666666667,-0.02248498825409469,-0.051614383619771886,-3,0.0,-5.9333215986739685,distribution_divergence
2026-08-16-seven-token-pilot,community-signals-v1,base,CHEAT.SH,0xadfd54cb2997d3a0077f0aafbd8ebbf9ac10b99c,2026-08-15T10:00:00Z,0.03522376279638806,10.222955352849162,1,0,1.0,0.0,0.03522376279638806,0.04192481238026735,0,1.0,-10.187731590052774,markup,0.07908834404406484,17.831144017505917,3,1,0.75,0.25,0.01977208601101621,0.017218089362885936,-1,0.9218531313898859,-17.752055673461854,markup,0.09812959393056264,22.10213189549657,6,2,0.5,0.16666666666666666,0.00817746616088022,0.05613171088301542,0,0.8100284793897192,-22.004002301566008,markup,-0.4778860304024968,24.35304713500377,9,6,0.375,0.25,-0.019911917933437367,-0.03400944101830626,-2,0.0,-24.830933165406268,distribution_divergence
2026-08-16-seven-token-pilot,community-signals-v1,base,CHEAT.SH,0xadfd54cb2997d3a0077f0aafbd8ebbf9ac10b99c,2026-08-15T11:00:00Z,0.0009800901917822458,5.777216725265544,1,0,1.0,0.0,0.0009800901917822458,-0.03424367260460581,1,1.0,-5.7762366350737615,markup,0.03631898118359178,24.371544420946243,3,1,0.75,0.25,0.009079745295897945,-0.000596664401381064,0,0.8442252347856455,-24.335225439762652,markup,0.09911064588086216,16.28252689416163,7,2,0.5833333333333334,0.16666666666666666,0.008259220490071847,0.012146279225390874,1,0.8115545615703453,-16.183416248280768,markup,0.052419711188833595,43.61088711877261,10,5,0.4166666666666667,0.20833333333333334,0.0021841546328680663,0.01020509021177109,-1,0.29517736974484177,-43.55846740758378,markup
2026-08-16-seven-token-pilot,community-signals-v1,base,CHEAT.SH,0xadfd54cb2997d3a0077f0aafbd8ebbf9ac10b99c,2026-08-15T12:00:00Z,0.0,-0.02357165450252996,0,0,0.0,0.0,0.0,-0.0009800901917822458,0,,0.02357165450252996,flat,0.029500722567687987,18.929117456433573,2,1,0.5,0.25,0.007375180641921997,-0.004005950566804417,0,0.8148971946505047,-18.899616733865884,markup,0.09029337582517893,5.941988748134275,6,2,0.5,0.16666666666666666,0.0075244479854315776,0.01158504827447615,1,0.7969044837093252,-5.851695372309096,markup,0.041522174919683685,51.594226242174315,9,5,0.375,0.20833333333333334,0.0017300906216534868,0.009227346765338743,0,0.24911911071199044,-51.55270406725463,markup
2026-08-16-seven-token-pilot,community-signals-v1,base,CHEAT.SH,0xadfd54cb2997d3a0077f0aafbd8ebbf9ac10b99c,2026-08-15T13:00:00Z,0.0,3.722472573143687,0,0,0.0,0.0,0.0,0.0,0,,-3.722472573143687,flat,0.03620419821281917,20.9023285647443,2,0,0.5,0.0,0.009051049553204793,0.002166132780734298,1,1.0,-20.86612436653148,markup,0.09029337582517893,7.350569639319171,6,2,0.5,0.16666666666666666,0.0075244479854315776,0.01158504827447615,1,0.7969044837093252,-7.260276263493992,markup,0.041522174919683685,46.26641465953776,9,5,0.375,0.20833333333333334,0.0017300906216534868,0.009227346765338743,0,0.24911911071199044,-46.224892484618074,markup
2026-08-16-seven-token-pilot,community-signals-v1,base,CHEAT.SH,0xadfd54cb2997d3a0077f0aafbd8ebbf9ac10b99c,2026-08-15T14:00:00Z,0.0,-3.3802997357396114,0,0,0.0,0.0,0.0,0.0,0,,3.3802997357396114,flat,0.0009800901917822458,5.981070002899025,1,0,0.25,0.0,0.00024502254794556144,-0.01952706346307065,1,1.0,-5.980089912707243,markup,0.09029337582517893,6.359869954840347,6,2,0.5,0.16666666666666666,0.0075244479854315776,0.008696965078583418,1,0.7969044837093252,-6.269576579015168,markup,0.07621046624415317,51.34635580392975,9,4,0.375,0.16666666666666666,0.003175436093506382,0.012114338353765481,1,0.4570787269634431,-51.27014533768559,markup
2026-08-16-seven-token-pilot,community-signals-v1,base,CHEAT.SH,0xadfd54cb2997d3a0077f0aafbd8ebbf9ac10b99c,2026-08-15T15:00:00Z,0.0,-4.723515704339265,0,0,0.0,0.0,0.0,0.0,0,,4.723515704339265,flat,0.0,-4.539899381218271,0,0,0.0,0.0,0.0,-0.009079745295897945,0,,4.539899381218271,flat,0.07503867746636583,4.561588277425499,5,2,0.4166666666666667,0.16666666666666666,0.006253223122197153,0.0032528206760769804,0,0.7653342375006182,-4.486549599959133,markup,0.11107052436758469,51.962970912238205,9,3,0.375,0.125,0.004627938515316028,0.015345835336505926,1,0.6659229141634091,-51.85190038787062,markup
2026-08-16-seven-token-pilot,community-signals-v1,base,CHEAT.SH,0xadfd54cb2997d3a0077f0aafbd8ebbf9ac10b99c,2026-08-15T16:00:00Z,0.5527310002181984,15.399248532009423,1,0,1.0,0.0,0.5527310002181984,0.5527310002181984,0,1.0,-14.846517531791225,markup,0.5527310002181984,10.186211475052499,1,0,0.25,0.0,0.1381827500545496,0.1308075694126276,0,1.0,-9.6334804748343,markup,0.6281844397170833,19.822921385130797,6,2,0.5,0.16666666666666666,0.05234870330975694,0.049348300863636764,0,0.9646675105852651,-19.194736945413716,markup,0.6644154458060658,65.2077048962778,10,3,0.4166666666666667,0.125,0.027683976908586077,0.03840187372977598,1,0.922623949944967,-64.54328945047173,markup
2026-08-16-seven-token-pilot,community-signals-v1,base,CHEAT.SH,0xadfd54cb2997d3a0077f0aafbd8ebbf9ac10b99c,2026-08-15T17:00:00Z,0.0,-0.3027270090190326,0,0,0.0,0.0,0.0,-0.5527310002181984,0,,0.3027270090190326,flat,0.5527310002181984,5.910170985594365,1,0,0.25,0.0,0.1381827500545496,0.12913170050134481,0,1.0,-5.357439985376167,markup,0.6168372232509656,26.922775397354105,5,2,0.4166666666666667,0.16666666666666666,0.051403101937580464,0.0474625568071522,0,0.9640448224463765,-26.30593817410314,markup,0.6644154458060658,47.76646303967993,10,3,0.4166666666666667,0.125,0.027683976908586077,0.03840187372977598,1,0.922623949944967,-47.10204759387386,markup
2026-08-16-seven-token-pilot,community-signals-v1,base,CHEAT.SH,0xadfd54cb2997d3a0077f0aafbd8ebbf9ac10b99c,2026-08-15T18:00:00Z,0.0,2.81322595903688,0,0,0.0,0.0,0.0,0.0,0,,-2.81322595903688,flat,0.5527310002181984,12.699235364218708,1,0,0.25,0.0,0.1381827500545496,0.13793772750660405,0,1.0,-12.14650436400051,markup,0.6332427769329962,40.73734817688508,5,1,0.4166666666666667,0.08333333333333333,0.05277023141108302,0.050188855382240126,0,0.9895234527852095,-40.10410539995208,markup,0.6644154458060658,43.920985578599755,10,3,0.4166666666666667,0.125,0.027683976908586077,0.03840187372977598,1,0.922623949944967,-43.25657013279369,markup
2026-08-16-seven-token-pilot,community-signals-v1,base,CHEAT.SH,0xadfd54cb2997d3a0077f0aafbd8ebbf9ac10b99c,2026-08-15T19:00:00Z,0.0,-0.8473553701862535,0,0,0.0,0.0,0.0,0.0,0,,0.8473553701862535,flat,0.5527310002181984,17.284210440047087,1,0,0.25,0.0,0.1381827500545496,0.1381827500545496,0,1.0,-16.731479439828888,markup,0.5892507276697545,39.24591510855537,4,1,0.3333333333333333,0.08333333333333333,0.049104227305812875,0.04014886507264781,0,0.9887549606133963,-38.656664380885616,markup,0.6973483089132149,43.211579215936055,10,2,0.4166666666666667,0.08333333333333333,0.02905617953805062,0.041133270957868784,1,0.9680386508814541,-42.51423090702284,markup
2026-08-16-seven-token-pilot,community-signals-v1,base,CHEAT.SH,0xadfd54cb2997d3a0077f0aafbd8ebbf9ac10b99c,2026-08-15T20:00:00Z,0.0,-5.042181959181291,0,0,0.0,0.0,0.0,0.0,0,,5.042181959181291,flat,0.0,-3.491115794069588,0,0,0.0,0.0,0.0,-0.1381827500545496,0,,3.491115794069588,flat,0.582394782424811,26.468608929060156,3,1,0.25,0.08333333333333333,0.048532898535400916,0.03901092447336311,0,0.9886248565687059,-25.886214146635346,markup,0.697323936930716,36.50161491987309,9,2,0.375,0.08333333333333333,0.029055164038779835,0.05940079670661337,1,0.9680375770019116,-35.804290982942376,markup
2026-08-16-seven-token-pilot,community-signals-v1,base,CHEAT.SH,0xadfd54cb2997d3a0077f0aafbd8ebbf9ac10b99c,2026-08-15T21:00:00Z,0.0,-1.1313819208029874,0,0,0.0,0.0,0.0,0.0,0,,1.1313819208029874,flat,0.0,-4.293269739998151,0,0,0.0,0.0,0.0,-0.1381827500545496,0,,4.293269739998151,flat,0.5891353102579489,22.55042275752144,3,0,0.25,0.0,0.04909460918816241,0.040131693996984616,1,1.0,-21.96128744726349,markup,0.697323936930716,47.876018983450706,9,2,0.375,0.08333333333333333,0.029055164038779835,0.05940079670661337,1,0.9680375770019116,-47.17869504651999,markup
2026-08-16-seven-token-pilot,community-signals-v1,base,CHEAT.SH,0xadfd54cb2997d3a0077f0aafbd8ebbf9ac10b99c,2026-08-15T22:00:00Z,0.0,-7.623674106725464,0,0,0.0,0.0,0.0,0.0,0,,7.623674106725464,flat,0.0,-14.008766652258153,0,0,0.0,0.0,0.0,-0.1381827500545496,0,,14.008766652258153,flat,0.5537165076723305,2.7078048739212823,2,0,0.16666666666666666,0.0,0.04614304230602754,0.03796557614514732,1,1.0,-2.154088366248952,markup,0.6523894613633674,25.408419374124634,8,2,0.3333333333333333,0.08333333333333333,0.02718289422347364,0.05620603161868715,1,0.965925847468763,-24.756029912761267,markup
2026-08-16-seven-token-pilot,community-signals-v1,base,CHEAT.SH,0xadfd54cb2997d3a0077f0aafbd8ebbf9ac10b99c,2026-08-15T23:00:00Z,0.0,12.878782593751236,0,0,0.0,0.0,0.0,0.0,0,,-12.878782593751236,flat,0.0,-2.1046209078153466,0,0,0.0,0.0,0.0,-0.1381827500545496,0,,2.1046209078153466,flat,0.5527310002181984,9.603299613721061,1,0,0.08333333333333333,0.0,0.04606091668484987,0.03780169619477802,0,1.0,-9.050568613502863,markup,0.6523894613633674,27.449486350213736,8,2,0.3333333333333333,0.08333333333333333,0.02718289422347364,0.05620603161868715,1,0.965925847468763,-26.79709688885037,markup
2026-08-16-seven-token-pilot,community-signals-v1,base,CHEAT.SH,0xadfd54cb2997d3a0077f0aafbd8ebbf9ac10b99c,2026-08-16T00:00:00Z,0.024987366491191487,0.22768284562137975,1,0,1.0,0.0,0.024987366491191487,0.024987366491191487,1,1.0,-0.20269547913018826,markup,0.024987366491191487,3.328269437337217,1,0,0.25,0.0,0.006246841622797872,0.006246841622797872,1,1.0,-3.3032820708460253,markup,0.5778564796301344,9.878747763971107,2,0,0.16666666666666666,0.0,0.048154706635844535,0.040630258650412955,1,1.0,-9.300891284340974,markup,0.6686716215781985,16.407730592697114,8,2,0.3333333333333333,0.08333333333333333,0.02786131756575827,0.05651995687468113,2,0.9667307806581077,-15.739058971118915,markup
2026-08-16-seven-token-pilot,community-signals-v1,base,CHEAT.SH,0xadfd54cb2997d3a0077f0aafbd8ebbf9ac10b99c,2026-08-16T01:00:00Z,0.0,5.14760831758323,0,0,0.0,0.0,0.0,-0.024987366491191487,0,,-5.14760831758323,flat,0.024987366491191487,9.890485110531655,1,0,0.25,0.0,0.006246841622797872,0.006246841622797872,1,1.0,-9.865497744040464,markup,0.5778564796301344,11.388470074941548,2,0,0.16666666666666666,0.0,0.048154706635844535,0.040630258650412955,1,1.0,-10.810613595311413,markup,0.6686716215781985,19.576157137972316,8,2,0.3333333333333333,0.08333333333333333,0.02786131756575827,0.05651995687468113,2,0.9667307806581077,-18.907485516394118,markup
2026-08-16-seven-token-pilot,community-signals-v1,base,CHEAT.SH,0xadfd54cb2997d3a0077f0aafbd8ebbf9ac10b99c,2026-08-16T02:00:00Z,0.0,1.9600266430082947,0,0,0.0,0.0,0.0,0.0,0,,-1.9600266430082947,flat,0.024987366491191487,21.291214836015193,1,0,0.25,0.0,0.006246841622797872,0.006246841622797872,1,1.0,-21.266227469524,markup,0.5778564796301344,17.545090136923026,2,0,0.16666666666666666,0.0,0.048154706635844535,0.040630258650412955,1,1.0,-16.96723365729289,markup,0.6686716215781985,25.02080500793118,8,2,0.3333333333333333,0.08333333333333333,0.02786131756575827,0.057271793252787015,2,0.9667307806581077,-24.352133386352982,markup
2026-08-16-seven-token-pilot,community-signals-v1,base,CHEAT.SH,0xadfd54cb2997d3a0077f0aafbd8ebbf9ac10b99c,2026-08-16T03:00:00Z,0.0,1.1208125660217672,0,0,0.0,0.0,0.0,0.0,0,,-1.1208125660217672,flat,0.024987366491191487,8.656967407945281,1,0,0.25,0.0,0.006246841622797872,0.006246841622797872,1,1.0,-8.631980041454089,markup,0.5778564796301344,24.755390752104756,2,0,0.16666666666666666,0.0,0.048154706635844535,0.041901483513647385,1,1.0,-24.17753427247462,markup,0.6533287729564741,30.44621803210914,7,2,0.2916666666666667,0.08333333333333333,0.027222032206519753,0.05600185517474303,1,0.9659810744533684,-29.792889259152666,markup
2026-08-16-seven-token-pilot,community-signals-v1,base,CHEAT.SH,0xadfd54cb2997d3a0077f0aafbd8ebbf9ac10b99c,2026-08-16T04:00:00Z,0.5428475098175234,1.3529934992467352,1,0,1.0,0.0,0.5428475098175234,0.5428475098175234,0,1.0,-0.8101459894292118,markup,0.5428475098175234,9.87691821937049,1,0,0.25,0.0,0.13571187745438085,0.12946503583158298,0,1.0,-9.334070709552966,markup,0.5679705196054652,9.570317560488938,2,0,0.16666666666666666,0.0,0.047330876633788765,-0.005017826675968173,1,1.0,-9.002347040883473,markup,1.1997228617488975,31.29035547194283,8,2,0.3333333333333333,0.08333333333333333,0.04998845257287073,0.078768275541094,1,0.9811828956127473,-30.090632610193936,markup
2026-08-16-seven-token-pilot,community-signals-v1,base,CHEAT.SH,0xadfd54cb2997d3a0077f0aafbd8ebbf9ac10b99c,2026-08-16T05:00:00Z,0.0,-4.689923182450606,0,0,0.0,0.0,0.0,-0.5428475098175234,0,,4.689923182450606,flat,0.5428475098175234,-0.40308397378393535,1,0,0.25,0.0,0.13571187745438085,0.12946503583158298,0,1.0,0.9459314836014587,accumulation_divergence,0.5679705196054652,4.748656310370825,2,0,0.16666666666666666,0.0,0.047330876633788765,-0.004072225303791699,1,1.0,-4.180685790765359,markup,1.1883111964384518,32.94990178055834,7,2,0.2916666666666667,0.08333333333333333,0.04951296651826883,0.07298667192977559,1,0.9810077235942459,-31.76159058411989,markup
2026-08-16-seven-token-pilot,community-signals-v1,base,CHEAT.SH,0xadfd54cb2997d3a0077f0aafbd8ebbf9ac10b99c,2026-08-16T06:00:00Z,0.00361074710846232,0.1879087787947764,1,0,1.0,0.0,0.00361074710846232,0.00361074710846232,0,1.0,-0.1842980316863141,markup,0.5464778577767282,-2.134129756349301,2,0,0.5,0.0,0.13661946444418205,0.13037262282138418,0,1.0,2.6806076141260293,accumulation_divergence,0.5716017746930424,2.073918265204755,3,0,0.25,0.0,0.0476334812244202,-0.00513675018666282,1,1.0,-1.5023164905117126,markup,1.2084641785770955,43.65612574669031,8,1,0.3333333333333333,0.041666666666666664,0.05035267410737898,0.07450181611086265,1,0.9944827103689066,-42.44766156811321,markup
2026-08-16-seven-token-pilot,community-signals-v1,base,CHEAT.SH,0xadfd54cb2997d3a0077f0aafbd8ebbf9ac10b99c,2026-08-16T07:00:00Z,0.11835868112424208,2.197346983589421,1,0,1.0,0.0,0.11835868112424208,0.11474793401577976,0,1.0,-2.078988302465179,markup,0.6654833428860751,-1.0922475270731757,3,0,0.75,0.0,0.16637083572151878,0.1601239940987209,0,1.0,1.7577308699592509,accumulation_divergence,0.6906369961390935,5.208324819477594,4,0,0.3333333333333333,0.0,0.05755308301159112,0.008448855705778247,1,1.0,-4.517687823338501,markup,1.2839573073341493,46.49829466526296,8,1,0.3333333333333333,0.041666666666666664,0.053498221138922886,0.07583566026460921,1,0.9948076855997898,-45.21433735792881,markup
2026-08-16-seven-token-pilot,community-signals-v1,base,CHEAT.SH,0xadfd54cb2997d3a0077f0aafbd8ebbf9ac10b99c,2026-08-16T08:00:00Z,0.0,1.974059268650885,0,0,0.0,0.0,0.0,-0.11835868112424208,0,,-1.974059268650885,flat,0.12197370186535217,-0.4861655824871969,2,0,0.5,0.0,0.030493425466338042,-0.1052184519880428,0,1.0,0.608139284352549,accumulation_divergence,0.6906369961390935,12.98195527286763,4,0,0.3333333333333333,0.0,0.05755308301159112,0.009020184476190206,1,1.0,-12.291318276728536,markup,1.277054012394907,42.886707174448645,7,1,0.2916666666666667,0.041666666666666664,0.053210583849787794,0.07526553522677291,1,0.9947801182777443,-41.60965316205374,markup
2026-08-16-seven-token-pilot,community-signals-v1,base,CHEAT.SH,0xadfd54cb2997d3a0077f0aafbd8ebbf9ac10b99c,2026-08-16T09:00:00Z,0.0,-0.17547646207264345,0,0,0.0,0.0,0.0,0.0,0,,0.17547646207264345,flat,0.12197370186535217,4.227395862630168,2,0,0.5,0.0,0.030493425466338042,-0.1052184519880428,0,1.0,-4.105422160764816,markup,0.6906369961390935,14.074314707858914,4,0,0.3333333333333333,0.0,0.05755308301159112,0.008458473823428715,1,1.0,-13.38367771171982,markup,1.283841092806992,39.79855493222657,7,0,0.2916666666666667,0.0,0.05349337886695801,0.0759783671210527,2,1.0,-38.51471383941958,markup
2026-08-16-seven-token-pilot,community-signals-v1,base,MONGO,0xadf9afd4fa1dfef7a06a7cd56140af14a4dc2860,2026-08-12T11:00:00Z,,,,,,,,,,,,unavailable,,,,,,,,,,,,unavailable,,,,,,,,,,,,unavailable,,,,,,,,,,,,unavailable
2026-08-16-seven-token-pilot,community-signals-v1,base,MONGO,0xadf9afd4fa1dfef7a06a7cd56140af14a4dc2860,2026-08-12T12:00:00Z,0.0,3.4332730547540935,0,0,0.0,0.0,0.0,,0,,-3.4332730547540935,flat,,,,,,,,,,,,unavailable,,,,,,,,,,,,unavailable,,,,,,,,,,,,unavailable
2026-08-16-seven-token-pilot,community-signals-v1,base,MONGO,0xadf9afd4fa1dfef7a06a7cd56140af14a4dc2860,2026-08-12T13:00:00Z,0.0,0.9561808589632959,0,0,0.0,0.0,0.0,0.0,0,,-0.9561808589632959,flat,,,,,,,,,,,,unavailable,,,,,,,,,,,,unavailable,,,,,,,,,,,,unavailable
2026-08-16-seven-token-pilot,community-signals-v1,base,MONGO,0xadf9afd4fa1dfef7a06a7cd56140af14a4dc2860,2026-08-12T14:00:00Z,0.0,-0.7934855257773266,0,0,0.0,0.0,0.0,0.0,0,,0.7934855257773266,flat,,,,,,,,,,,,unavailable,,,,,,,,,,,,unavailable,,,,,,,,,,,,unavailable
2026-08-16-seven-token-pilot,community-signals-v1,base,MONGO,0xadf9afd4fa1dfef7a06a7cd56140af14a4dc2860,2026-08-12T15:00:00Z,7.276165072678253e-05,-1.104295075850581,1,0,1.0,0.0,7.276165072678253e-05,7.276165072678253e-05,0,1.0,1.1043678375013077,accumulation_divergence,7.276165072678253e-05,2.4497263184780182,1,0,0.25,0.0,1.8190412681695634e-05,,0,1.0,-2.4496535568272915,markup,,,,,,,,,,,,unavailable,,,,,,,,,,,,unavailable
2026-08-16-seven-token-pilot,community-signals-v1,base,MONGO,0xadf9afd4fa1dfef7a06a7cd56140af14a4dc2860,2026-08-12T16:00:00Z,0.0004643217524691323,-8.344040464277125,1,0,1.0,0.0,0.0004643217524691323,0.0003915601017423498,1,1.0,8.344504786029594,accumulation_divergence,0.0005370837410589857,-9.215596755586708,2,0,0.5,0.0,0.00013427093526474643,,1,1.0,9.216133839327767,accumulation_divergence,,,,,,,,,,,,unavailable,,,,,,,,,,,,unavailable
2026-08-16-seven-token-pilot,community-signals-v1,base,MONGO,0xadf9afd4fa1dfef7a06a7cd56140af14a4dc2860,2026-08-12T17:00:00Z,0.0,-3.4297905189239253,0,0,0.0,0.0,0.0,-0.0004643217524691323,0,,3.4297905189239253,flat,0.0005370837410589857,-13.159662297693798,2,0,0.5,0.0,0.00013427093526474643,,1,1.0,13.160199381434857,accumulation_divergence,,,,,,,,,,,,unavailable,,,,,,,,,,,,unavailable
2026-08-16-seven-token-pilot,community-signals-v1,base,MONGO,0xadf9afd4fa1dfef7a06a7cd56140af14a4dc2860,2026-08-12T18:00:00Z,0.0012312068216502325,4.2048464453458,1,0,1.0,0.0,0.0012312068216502325,0.0012312068216502325,0,1.0,-4.20361523852415,markup,0.0017682971753307797,-8.784376676371519,3,0,0.75,0.0,0.0004420742938326949,,1,1.0,8.78614497354685,accumulation_divergence,,,,,,,,,,,,unavailable,,,,,,,,,,,,unavailable
2026-08-16-seven-token-pilot,community-signals-v1,base,MONGO,0xadf9afd4fa1dfef7a06a7cd56140af14a4dc2860,2026-08-12T19:00:00Z,0.009190307323869717,-6.040611135933016,1,0,1.0,0.0,0.009190307323869717,0.007959100502219485,1,1.0,6.049801443256886,accumulation_divergence,0.0108859974395914,-13.33734635981939,3,0,0.75,0.0,0.00272149935989785,0.0027033089472161542,2,1.0,13.348232357258983,accumulation_divergence,,,,,,,,,,,,unavailable,,,,,,,,,,,,unavailable
2026-08-16-seven-token-pilot,community-signals-v1,base,MONGO,0xadf9afd4fa1dfef7a06a7cd56140af14a4dc2860,2026-08-12T20:00:00Z,0.0,-10.853356125869318,0,0,0.0,0.0,0.0,-0.009190307323869717,0,,10.853356125869318,flat,0.010421627297230174,-15.709957537052087,2,0,0.5,0.0,0.0026054068243075434,0.002471135889042797,1,1.0,15.720379164349318,accumulation_divergence,,,,,,,,,,,,unavailable,,,,,,,,,,,,unavailable
2026-08-16-seven-token-pilot,community-signals-v1,base,MONGO,0xadf9afd4fa1dfef7a06a7cd56140af14a4dc2860,2026-08-12T21:00:00Z,0.25676550806763565,-0.728964199785398,1,0,1.0,0.0,0.25676550806763565,0.25676550806763565,1,1.0,0.9857297078530336,accumulation_divergence,0.267213894509144,-13.352576659983107,3,0,0.75,0.0,0.066803473627286,0.06666920269202126,2,1.0,13.619790554492251,accumulation_divergence,,,,,,,,,,,,unavailable,,,,,,,,,,,,unavailable
2026-08-16-seven-token-pilot,community-signals-v1,base,MONGO,0xadf9afd4fa1dfef7a06a7cd56140af14a4dc2860,2026-08-12T22:00:00Z,0.00044043753020250875,7.3324951275483885,1,0,1.0,0.0,0.00044043753020250875,-0.25632507053743314,0,1.0,-7.332054690018186,markup,0.26642102193417116,-10.751903959334852,3,0,0.75,0.0,0.06660525548354279,0.0661631811897101,2,1.0,11.018324981269023,accumulation_divergence,,,,,,,,,,,,unavailable,,,,,,,,,,,,unavailable
2026-08-16-seven-token-pilot,community-signals-v1,base,MONGO,0xadf9afd4fa1dfef7a06a7cd56140af14a4dc2860,2026-08-12T23:00:00Z,0.0011046305639084153,-0.18578691327778563,1,0,1.0,0.0,0.0011046305639084153,0.0006641930337059065,0,1.0,0.18689154384169404,accumulation_divergence,0.25831454824138955,-5.19065115807723,3,0,0.75,0.0,0.06457863706034739,0.06185713770044954,1,1.0,5.44896570631862,accumulation_divergence,0.269301623342022,-15.822901971782134,7,0,0.5833333333333334,0.0,0.0224418019451685,,3,1.0,16.092203595124154,accumulation_divergence,,,,,,,,,,,,unavailable
2026-08-16-seven-token-pilot,community-signals-v1,base,MONGO,0xadf9afd4fa1dfef7a06a7cd56140af14a4dc2860,2026-08-13T00:00:00Z,0.0,8.414799167743524,0,0,0.0,0.0,0.0,-0.0011046305639084153,0,,-8.414799167743524,flat,0.25831454824138955,15.301441167370333,3,0,0.75,0.0,0.06457863706034739,0.061973230236039845,1,1.0,-15.043126619128945,markup,0.269301623342022,-11.7687866995983,7,0,0.5833333333333334,0.0,0.0224418019451685,,3,1.0,12.038088322940322,accumulation_divergence,,,,,,,,,,,,unavailable
2026-08-16-seven-token-pilot,community-signals-v1,base,MONGO,0xadf9afd4fa1dfef7a06a7cd56140af14a4dc2860,2026-08-13T01:00:00Z,0.0,-4.858634603304324,0,0,0.0,0.0,0.0,0.0,0,,4.858634603304324,flat,0.001545072959308058,10.504906657241463,2,0,0.5,0.0,0.0003862682398270145,-0.06641720538745899,0,1.0,-10.503361584282155,markup,0.269301623342022,-16.850676872034008,7,0,0.5833333333333334,0.0,0.0224418019451685,,3,1.0,17.11997849537603,accumulation_divergence,,,,,,,,,,,,unavailable
2026-08-16-seven-token-pilot,community-signals-v1,base,MONGO,0xadf9afd4fa1dfef7a06a7cd56140af14a4dc2860,2026-08-13T02:00:00Z,0.0,-6.741156982124663,0,0,0.0,0.0,0.0,0.0,0,,6.741156982124663,flat,0.0011046305639084153,-3.9847184172318473,1,0,0.25,0.0,0.0002761576409771038,-0.06632909784256569,0,1.0,3.9858230477957557,accumulation_divergence,0.269301623342022,-21.83568071380596,7,0,0.5833333333333334,0.0,0.0224418019451685,,3,1.0,22.10498233714798,accumulation_divergence,,,,,,,,,,,,unavailable
2026-08-16-seven-token-pilot,community-signals-v1,base,MONGO,0xadf9afd4fa1dfef7a06a7cd56140af14a4dc2860,2026-08-13T03:00:00Z,0.0024662905395711476,1.7545722650247564,1,0,1.0,0.0,0.0024662905395711476,0.0024662905395711476,0,1.0,-1.7521059744851852,markup,0.0024662905395711476,-2.1182093589020567,1,0,0.25,0.0,0.0006165726348927869,-0.0639620644254546,0,1.0,2.120675649441628,accumulation_divergence,0.2717015962967695,-19.576114236167296,7,0,0.5833333333333334,0.0,0.022641799691397457,,3,1.0,19.847815832464065,accumulation_divergence,,,,,,,,,,,,unavailable
2026-08-16-seven-token-pilot,community-signals-v1,base,MONGO,0xadf9afd4fa1dfef7a06a7cd56140af14a4dc2860,2026-08-13T04:00:00Z,0.0,-2.919503932611156,0,0,0.0,0.0,0.0,-0.0024662905395711476,0,,2.919503932611156,flat,0.0024662905395711476,-12.351331512411045,1,0,0.25,0.0,0.0006165726348927869,-0.0639620644254546,0,1.0,12.353797802950616,accumulation_divergence,0.2712360151364779,-14.816333109502988,6,0,0.5,0.0,0.022603001261373157,,2,1.0,15.087569124639465,accumulation_divergence,,,,,,,,,,,,unavailable
2026-08-16-seven-token-pilot,community-signals-v1,base,MONGO,0xadf9afd4fa1dfef7a06a7cd56140af14a4dc2860,2026-08-13T05:00:00Z,0.0,-2.693268204272936,0,0,0.0,0.0,0.0,0.0,0,,2.693268204272936,flat,0.0024662905395711476,-10.356494872517096,1,0,0.25,0.0,0.0006165726348927869,0.00023030439506577238,0,1.0,10.358961163056668,accumulation_divergence,0.2712360151364779,-14.166653753459524,6,0,0.5,0.0,0.022603001261373157,,2,1.0,14.437889768596001,accumulation_divergence,,,,,,,,,,,,unavailable
2026-08-16-seven-token-pilot,community-signals-v1,base,MONGO,0xadf9afd4fa1dfef7a06a7cd56140af14a4dc2860,2026-08-13T06:00:00Z,0.0,0.1276575034070193,0,0,0.0,0.0,0.0,0.0,0,,-0.1276575034070193,flat,0.0024662905395711476,-3.7539616796544606,1,0,0.25,0.0,0.0006165726348927869,0.0003404149939156831,0,1.0,3.7564279701940317,accumulation_divergence,0.2700014840381293,-17.525027016353256,5,0,0.4166666666666667,0.0,0.022500123669844108,,2,1.0,17.795028500391386,accumulation_divergence,,,,,,,,,,,,unavailable
2026-08-16-seven-token-pilot,community-signals-v1,base,MONGO,0xadf9afd4fa1dfef7a06a7cd56140af14a4dc2860,2026-08-13T07:00:00Z,-0.010395244243377455,7.430346025353063,0,1,0.0,1.0,-0.010395244243377455,-0.010395244243377455,0,,-7.44074126959644,distribution_divergence,-0.010395244243377455,1.6145512694382136,0,1,0.0,0.25,-0.0025988110608443638,-0.0032153836957371507,0,,-1.624946513681591,distribution_divergence,0.2503648558574767,-5.700590508488523,4,1,0.3333333333333333,0.08333333333333333,0.02086373798812306,,1,0.960035027300534,5.950955364346,accumulation_divergence,,,,,,,,,,,,unavailable
2026-08-16-seven-token-pilot,community-signals-v1,base,MONGO,0xadf9afd4fa1dfef7a06a7cd56140af14a4dc2860,2026-08-13T08:00:00Z,0.004303644196501644,3.6027624159211236,1,0,1.0,0.0,0.004303644196501644,0.014698888439879099,0,1.0,-3.598458771724622,markup,-0.006092047421202285,8.441434063751597,1,1,0.25,0.25,-0.0015230118553005711,-0.002139584490193358,0,0.0,-8.447526111172799,distribution_divergence,0.25467927486655384,9.59110621488879,5,1,0.4166666666666667,0.08333333333333333,0.021223272905546153,,1,0.9606854406489456,-9.336426940022235,markup,,,,,,,,,,,,unavailable
2026-08-16-seven-token-pilot,community-signals-v1,base,MONGO,0xadf9afd4fa1dfef7a06a7cd56140af14a4dc2860,2026-08-13T09:00:00Z,0.005489434923044989,-7.057849627045865,1,0,1.0,0.0,0.005489434923044989,0.0011857907265433454,0,1.0,7.06333906196891,accumulation_divergence,-0.0006029469171386914,3.577418390436282,2,1,0.5,0.25,-0.00015073672928467285,-0.0007673093641774598,0,0.0,-3.578021337353421,distribution_divergence,0.003408430501128379,2.6042791964155487,5,1,0.4166666666666667,0.08333333333333333,0.00028403587509403155,,0,0.2469145066148711,-2.6008707659144203,markup,,,,,,,,,,,,unavailable
2026-08-16-seven-token-pilot,community-signals-v1,base,MONGO,0xadf9afd4fa1dfef7a06a7cd56140af14a4dc2860,2026-08-13T10:00:00Z,0.0,0.1602218820278889,0,0,0.0,0.0,0.0,-0.005489434923044989,0,,-0.1602218820278889,flat,-0.0006029469171386914,3.611104729986603,2,1,0.5,0.25,-0.00015073672928467285,-0.0007673093641774598,0,0.0,-3.6117076769037415,distribution_divergence,0.0029679798988269113,-4.2520407436161705,4,1,0.3333333333333333,0.08333333333333333,0.00024733165823557596,,0,0.22209441552730005,4.255008723514997,accumulation_divergence,,,,,,,,,,,,unavailable
2026-08-16-seven-token-pilot,community-signals-v1,base,MONGO,0xadf9afd4fa1dfef7a06a7cd56140af14a4dc2860,2026-08-13T11:00:00Z,0.0,-0.44036551984825145,0,0,0.0,0.0,0.0,0.0,0,,0.44036551984825145,flat,0.00979331536528072,-3.979796243346534,2,0,0.5,0.0,0.00244832884132018,0.0050471399021645436,0,1.0,3.9895895587118146,accumulation_divergence,0.0018633287520275488,-4.496248269735492,3,1,0.25,0.08333333333333333,0.00015527739600229573,-0.022286524549166204,0,0.15199891404187765,4.49811159848752,accumulation_divergence,0.27116997006861876,-19.607713285389426,10,1,0.4166666666666667,0.041666666666666664,0.011298748752859114,,3,0.9629838858746311,19.878883255458046,accumulation_divergence
2026-08-16-seven-token-pilot,community-signals-v1,base,MONGO,0xadf9afd4fa1dfef7a06a7cd56140af14a4dc2860,2026-08-13T12:00:00Z,0.30436788396193126,-1.8609362956155229,1,0,1.0,0.0,0.30436788396193126,0.30436788396193126,1,1.0,2.165304179577454,accumulation_divergence,0.30987402696187605,-9.043613571310882,2,0,0.5,0.0,0.07746850674046901,0.07899151859576958,1,1.0,9.353487598272757,accumulation_divergence,0.3062368840882401,-13.548253125826237,4,1,0.3333333333333333,0.08333333333333333,0.025519740340686676,0.003077938395518176,1,0.9671685490103331,13.854490009914478,accumulation_divergence,0.5763632083303882,-23.72257481352439,11,1,0.4583333333333333,0.041666666666666664,0.024015133680432843,,4,0.9822363121086918,24.298938021854777,accumulation_divergence
2026-08-16-seven-token-pilot,community-signals-v1,base,MONGO,0xadf9afd4fa1dfef7a06a7cd56140af14a4dc2860,2026-08-13T13:00:00Z,0.06981684750704265,-8.685871131064982,1,0,1.0,0.0,0.06981684750704265,-0.23455103645488862,0,1.0,8.755687978572023,accumulation_divergence,0.37439723153036564,-10.63685143421349,2,0,0.5,0.0,0.09359930788259141,0.09375004461187608,1,1.0,11.011248665743857,accumulation_divergence,0.37626753653363654,-17.02593375554997,5,1,0.4166666666666667,0.08333333333333333,0.03135562804446971,0.00891382609930121,1,0.9731148322404536,17.402201292083607,accumulation_divergence,0.6465824544596765,-31.007625545989693,12,1,0.5,0.041666666666666664,0.02694093560248652,,4,0.9841348531669173,31.65420800044937,accumulation_divergence
2026-08-16-seven-token-pilot,community-signals-v1,base,MONGO,0xadf9afd4fa1dfef7a06a7cd56140af14a4dc2860,2026-08-13T14:00:00Z,0.0,-8.245747371146994,0,0,0.0,0.0,0.0,-0.06981684750704265,0,,8.245747371146994,flat,0.37439723153036564,-18.136673869667675,2,0,0.5,0.0,0.09359930788259141,0.09375004461187608,1,1.0,18.51107110119804,accumulation_divergence,0.37626753653363654,-18.364594825852688,5,1,0.4166666666666667,0.08333333333333333,0.03135562804446971,0.00891382609930121,1,0.9731148322404536,18.740862362386324,accumulation_divergence,0.6465824544596765,-36.19024124910132,12,1,0.5,0.041666666666666664,0.02694093560248652,,4,0.9841348531669173,36.836823703560995,accumulation_divergence
2026-08-16-seven-token-pilot,community-signals-v1,base,MONGO,0xadf9afd4fa1dfef7a06a7cd56140af14a4dc2860,2026-08-13T15:00:00Z,-0.005316353273587815,7.213361732256263,0,1,0.0,1.0,-0.005316353273587815,-0.005316353273587815,0,,-7.2186780855298505,distribution_divergence,0.36906097397730875,-11.84336460408819,2,1,0.5,0.25,0.09226524349432719,0.08981691465300701,1,0.9857470699469288,12.212425578065499,accumulation_divergence,0.3684558018183903,-13.985130788038791,4,2,0.3333333333333333,0.16666666666666666,0.030704650151532526,0.008062850460135069,1,0.9590526006687473,14.353586589857182,accumulation_divergence,0.6411584984103547,-30.82349984506221,11,2,0.4583333333333333,0.08333333333333333,0.02671493743376478,,4,0.975988085203965,31.464658343472564,accumulation_divergence
2026-08-16-seven-token-pilot,community-signals-v1,base,MONGO,0xadf9afd4fa1dfef7a06a7cd56140af14a4dc2860,2026-08-13T16:00:00Z,-0.004833305386131581,-1.6859481425327005,0,1,0.0,1.0,-0.004833305386131581,0.00048304788745623384,0,,1.681114837146569,markdown,0.05966035981059825,-11.686175751579952,1,2,0.25,0.5,0.014915089952649563,-0.06255341678781945,0,0.8545266929244368,11.74583611139055,accumulation_divergence,0.36360468783815936,-12.892180666774443,4,3,0.3333333333333333,0.25,0.030300390653179948,0.007697389391806791,1,0.9464256493331187,13.255785354612602,accumulation_divergence,0.6358269298407659,-25.798365343609188,10,3,0.4166666666666667,0.125,0.026492788743365248,,3,0.9685613090317838,26.434192273449952,accumulation_divergence
2026-08-16-seven-token-pilot,community-signals-v1,base,MONGO,0xadf9afd4fa1dfef7a06a7cd56140af14a4dc2860,2026-08-13T17:00:00Z,0.0,-2.6651312457972143,0,0,0.0,0.0,0.0,0.004833305386131581,0,,2.6651312457972143,flat,-0.010149401704129257,-5.863259071991722,0,2,0.0,0.5,-0.0025373504260323143,-0.09613665830862372,0,,5.853109670287592,markdown,0.36360468783815936,-12.866992798985045,4,3,0.3333333333333333,0.25,0.030300390653179948,0.007697389391806791,1,0.9464256493331187,13.230597486823203,accumulation_divergence,0.6358269298407659,-25.21082423412978,10,3,0.4166666666666667,0.125,0.026492788743365248,,3,0.9685613090317838,25.84665116397055,accumulation_divergence
2026-08-16-seven-token-pilot,community-signals-v1,base,MONGO,0xadf9afd4fa1dfef7a06a7cd56140af14a4dc2860,2026-08-13T18:00:00Z,0.0,7.59605512765178,0,0,0.0,0.0,0.0,0.0,0,,-7.59605512765178,flat,-0.010149401704129257,10.389891217340397,0,2,0.0,0.5,-0.0025373504260323143,-0.09613665830862372,0,,-10.400040619044526,distribution_divergence,0.36360468783815936,-6.367850002688035,4,3,0.3333333333333333,0.25,0.030300390653179948,0.00780026698333584,1,0.9464256493331187,6.731454690526195,accumulation_divergence,0.6345879099294738,-22.77690958570937,9,3,0.375,0.125,0.026441162913728073,,3,0.9685022346814478,23.41149749563884,accumulation_divergence
2026-08-16-seven-token-pilot,community-signals-v1,base,MONGO,0xadf9afd4fa1dfef7a06a7cd56140af14a4dc2860,2026-08-13T19:00:00Z,0.0,-1.226894166435366,0,0,0.0,0.0,0.0,0.0,0,,1.226894166435366,flat,-0.004833305386131581,1.6995664719055448,0,1,0.0,0.25,-0.0012083263465328953,-0.09347356984086008,0,,-1.7043997772916764,distribution_divergence,0.37403881432984676,-13.913166965634394,4,2,0.3333333333333333,0.16666666666666666,0.031169901194153898,0.010306163206030838,1,0.9734834021951799,14.287205779964241,accumulation_divergence,0.6253401319256557,-18.82062479864981,8,3,0.3333333333333333,0.125,0.026055838830235656,,2,0.9680541570958945,19.445964930575464,accumulation_divergence
2026-08-16-seven-token-pilot,community-signals-v1,base,MONGO,0xadf9afd4fa1dfef7a06a7cd56140af14a4dc2860,2026-08-13T20:00:00Z,0.0,1.9044375856297258,0,0,0.0,0.0,0.0,0.0,0,,-1.9044375856297258,flat,0.0,5.413589697704491,0,0,0.0,0.0,0.0,-0.014915089952649563,0,,-5.413589697704491,flat,0.36971925873192646,-15.324359125901976,3,2,0.25,0.16666666666666666,0.030809938227660538,0.009586665322114385,1,0.9731830312477445,15.694078384633903,accumulation_divergence,0.6253401319256557,-7.203028471529449,8,3,0.3333333333333333,0.125,0.026055838830235656,,2,0.9680541570958945,7.828368603455105,accumulation_divergence
2026-08-16-seven-token-pilot,community-signals-v1,base,MONGO,0xadf9afd4fa1dfef7a06a7cd56140af14a4dc2860,2026-08-13T21:00:00Z,0.0,1.7923530367399687,0,0,0.0,0.0,0.0,0.0,0,,-1.7923530367399687,flat,0.0,10.2410418251627,0,0,0.0,0.0,0.0,0.0025373504260323143,0,,-10.2410418251627,flat,0.3642098307472308,-7.261315830534166,2,2,0.16666666666666666,0.16666666666666666,0.0303508192289359,0.03006678335384187,1,0.9727898608077732,7.625525661281396,accumulation_divergence,0.36763067508731595,-4.846141571679241,7,3,0.2916666666666667,0.125,0.01531794479530483,,1,0.9469792310935834,5.213772246766557,accumulation_divergence
2026-08-16-seven-token-pilot,community-signals-v1,base,MONGO,0xadf9afd4fa1dfef7a06a7cd56140af14a4dc2860,2026-08-13T22:00:00Z,0.0,-5.705617044182098,0,0,0.0,0.0,0.0,0.0,0,,5.705617044182098,flat,0.0,-3.387619527709562,0,0,0.0,0.0,0.0,0.0025373504260323143,0,,3.387619527709562,flat,0.3642098307472308,-12.692515695561191,2,2,0.16666666666666666,0.16666666666666666,0.0303508192289359,0.030103487570700322,1,0.9727898608077732,13.056725526308423,accumulation_divergence,0.3671886203206354,-16.404865500412214,6,3,0.25,0.125,0.01529952584669314,,1,0.9469190095269588,16.77205412073285,accumulation_divergence
2026-08-16-seven-token-pilot,community-signals-v1,base,MONGO,0xadf9afd4fa1dfef7a06a7cd56140af14a4dc2860,2026-08-13T23:00:00Z,0.0,-0.005097019848243622,0,0,0.0,0.0,0.0,0.0,0,,0.005097019848243622,flat,0.0,-2.192549981299463,0,0,0.0,0.0,0.0,0.0012083263465328953,0,,2.192549981299463,flat,0.3642098307472308,-12.310812830435225,2,2,0.16666666666666666,0.16666666666666666,0.0303508192289359,0.030195541832933603,1,0.9727898608077732,12.675022661182457,accumulation_divergence,0.3660799459257458,-16.253536391291902,5,3,0.20833333333333334,0.125,0.015253331080239407,,1,0.9467673678360982,16.61961633721765,accumulation_divergence
2026-08-16-seven-token-pilot,community-signals-v1,base,MONGO,0xadf9afd4fa1dfef7a06a7cd56140af14a4dc2860,2026-08-14T00:00:00Z,-0.0025012683007585856,-5.216937642281316,0,1,0.0,1.0,-0.0025012683007585856,-0.0025012683007585856,-1,,5.214436373980558,markdown,-0.0025012683007585856,-9.027615932995992,0,1,0.0,0.25,-0.0006253170751896464,-0.0006253170751896464,-1,,9.025114664695234,markdown,0.057157599244184176,-15.309466160933027,1,3,0.08333333333333333,0.25,0.004763133270348681,-0.020756607070337996,-1,0.8186791768048798,15.366623760177212,accumulation_divergence,0.3635695209833534,-26.78355405906334,5,4,0.20833333333333334,0.16666666666666666,0.015148730040973057,,0,0.940274828593459,27.147123580046696,accumulation_divergence
2026-08-16-seven-token-pilot,community-signals-v1,base,MONGO,0xadf9afd4fa1dfef7a06a7cd56140af14a4dc2860,2026-08-14T01:00:00Z,0.0,-1.8832087834240507,0,0,0.0,0.0,0.0,0.0025012683007585856,0,,1.8832087834240507,flat,-0.0025012683007585856,-12.312485685886877,0,1,0.0,0.25,-0.0006253170751896464,-0.0006253170751896464,-1,,12.309984417586119,markdown,-0.012650416141113396,-9.000244215930964,0,3,0.0,0.25,-0.001054201345092783,-0.032409829389562494,-1,,8.98759379978985,markdown,0.3635695209833534,-24.49380235343881,5,4,0.20833333333333334,0.16666666666666666,0.015148730040973057,,0,0.940274828593459,24.857371874422164,accumulation_divergence
2026-08-16-seven-token-pilot,community-signals-v1,base,MONGO,0xadf9afd4fa1dfef7a06a7cd56140af14a4dc2860,2026-08-14T02:00:00Z,0.0,1.1706994665926507,0,0,0.0,0.0,0.0,0.0,0,,-1.1706994665926507,flat,-0.0025012683007585856,-5.91796796843751,0,1,0.0,0.25,-0.0006253170751896464,-0.0006253170751896464,-1,,5.915466700136751,markdown,-0.012650416141113396,0.33877101265058496,0,3,0.0,0.25,-0.001054201345092783,-0.032409829389562494,-1,,-0.35142142879169835,distribution_divergence,0.3635695209833534,-18.088037737062812,5,4,0.20833333333333334,0.16666666666666666,0.015148730040973057,,0,0.940274828593459,18.451607258046167,accumulation_divergence
2026-08-16-seven-token-pilot,community-signals-v1,base,MONGO,0xadf9afd4fa1dfef7a06a7cd56140af14a4dc2860,2026-08-14T03:00:00Z,0.0,-2.3036629501058448,0,0,0.0,0.0,0.0,0.0,0,,2.3036629501058448,flat,-0.0025012683007585856,-8.080615733794893,0,1,0.0,0.25,-0.0006253170751896464,-0.0006253170751896464,-1,,8.078114465494135,markdown,-0.007334452792950863,-8.568015836455134,0,2,0.0,0.16666666666666666,-0.0006112043994125719,-0.0313158545509451,-1,,8.560681383662182,markdown,0.3610943248085974,-21.354898403825796,4,4,0.16666666666666666,0.16666666666666666,0.01504559686702489,,0,0.9398914322567835,21.715992728634394,accumulation_divergence
2026-08-16-seven-token-pilot,community-signals-v1,base,MONGO,0xadf9afd4fa1dfef7a06a7cd56140af14a4dc2860,2026-08-14T04:00:00Z,-0.06365629687082874,-1.1561715172572207,0,1,0.0,1.0,-0.06365629687082874,-0.06365629687082874,-1,,1.092515220386392,markdown,-0.06365629687082874,-4.142537425536041,0,1,0.0,0.25,-0.015914074217707186,-0.01528875714251754,-1,,4.078881128665213,markdown,-0.06615597295680509,-8.07532402793697,0,2,0.0,0.16666666666666666,-0.005512997746400424,-0.03581338839958037,-2,,8.009168054980165,markdown,0.2972081686623884,-19.92641933160233,4,5,0.16666666666666666,0.20833333333333334,0.012383673694266184,,-1,0.773602330833023,20.22362750026472,accumulation_divergence
2026-08-16-seven-token-pilot,community-signals-v1,base,MONGO,0xadf9afd4fa1dfef7a06a7cd56140af14a4dc2860,2026-08-14T05:00:00Z,0.0,-17.446075265355233,0,0,0.0,0.0,0.0,0.06365629687082874,-1,,17.446075265355233,flat,-0.06365629687082874,-19.347038845177543,0,1,0.0,0.25,-0.015914074217707186,-0.01528875714251754,-2,,19.283382548306715,markdown,-0.06615597295680509,-22.034694466810713,0,2,0.0,0.16666666666666666,-0.005512997746400424,-0.03581338839958037,-3,,21.968538493853906,markdown,0.2972081686623884,-32.06648471547287,4,5,0.16666666666666666,0.20833333333333334,0.012383673694266184,,-2,0.773602330833023,32.363692884135254,accumulation_divergence
2026-08-16-seven-token-pilot,community-signals-v1,base,MONGO,0xadf9afd4fa1dfef7a06a7cd56140af14a4dc2860,2026-08-14T06:00:00Z,0.15541291163647664,-3.663134270624868,1,0,1.0,0.0,0.15541291163647664,0.15541291163647664,1,1.0,3.818547182261345,accumulation_divergence,0.09165768466126156,-23.200555789235146,1,1,0.25,0.25,0.02291442116531539,0.023539738240505037,-1,0.5901444529146954,23.292213473896407,accumulation_divergence,0.08915412375587461,-30.19322909385844,1,2,0.08333333333333333,0.16666666666666666,0.007429510312989551,-0.022870880340190396,-2,0.5740394581094685,30.282383217614317,accumulation_divergence,0.45308298016741855,-34.638419556881615,5,5,0.20833333333333334,0.20833333333333334,0.01887845750697577,,-1,0.8389461035602951,35.09150253704903,accumulation_divergence
2026-08-16-seven-token-pilot,community-signals-v1,base,MONGO,0xadf9afd4fa1dfef7a06a7cd56140af14a4dc2860,2026-08-14T07:00:00Z,0.0,5.495114090730424,0,0,0.0,0.0,0.0,-0.15541291163647664,0,,-5.495114090730424,flat,0.09165768466126156,-17.069908926251777,1,1,0.25,0.25,0.02291442116531539,0.023539738240505037,-1,0.5901444529146954,17.161566610913038,accumulation_divergence,0.08915412375587461,-25.442526091486016,1,2,0.08333333333333333,0.16666666666666666,0.007429510312989551,-0.023740390881164346,-2,0.5740394581094685,25.53168021524189,accumulation_divergence,0.46352640911315746,-35.815831921736866,5,4,0.20833333333333334,0.16666666666666666,0.019313600379714895,,-1,0.8581943429232345,36.27935833085002,accumulation_divergence
2026-08-16-seven-token-pilot,community-signals-v1,base,MONGO,0xadf9afd4fa1dfef7a06a7cd56140af14a4dc2860,2026-08-14T08:00:00Z,0.0,-1.5878139694662674,0,0,0.0,0.0,0.0,0.0,0,,1.5878139694662674,flat,0.15541291163647664,-17.432057463216253,1,0,0.25,0.0,0.03885322790911916,0.054767302126826345,0,1.0,17.587470374852728,accumulation_divergence,0.08915412375587461,-27.997600829838287,1,2,0.08333333333333333,0.16666666666666666,0.007429510312989551,-0.023380427914670987,-2,0.5740394581094685,28.086754953594163,accumulation_divergence,0.45920300245327894,-39.03150705793933,4,4,0.16666666666666666,0.16666666666666666,0.01913345843555329,,-1,0.8570553647957504,39.49071006039261,accumulation_divergence
2026-08-16-seven-token-pilot,community-signals-v1,base,MONGO,0xadf9afd4fa1dfef7a06a7cd56140af14a4dc2860,2026-08-14T09:00:00Z,0.0,3.954630109286361,0,0,0.0,0.0,0.0,0.0,0,,-3.954630109286361,flat,0.15541291163647664,3.972281788973153,1,0,0.25,0.0,0.03885322790911916,0.054767302126826345,1,1.0,-3.8168688773366766,markup,0.08915412375587461,-26.468123101410278,1,2,0.08333333333333333,0.16666666666666666,0.007429510312989551,-0.022921308915946348,-2,0.5740394581094685,26.557277225166153,accumulation_divergence,0.453688662586349,-31.807504919136463,3,4,0.125,0.16666666666666666,0.01890369427443121,,-1,0.8555756699490287,32.261193581722814,accumulation_divergence
2026-08-16-seven-token-pilot,community-signals-v1,base,MONGO,0xadf9afd4fa1dfef7a06a7cd56140af14a4dc2860,2026-08-14T10:00:00Z,0.06608718552227888,-8.99829549879325,1,0,1.0,0.0,0.06608718552227888,0.06608718552227888,1,1.0,9.064382684315529,accumulation_divergence,0.06608718552227888,-1.785730809889985,1,0,0.25,0.0,0.01652179638056972,-0.006392624784745671,1,1.0,1.8518179954122638,accumulation_divergence,0.15530022872931593,-29.035792767423697,2,2,0.16666666666666666,0.16666666666666666,0.012941685727442994,-0.017409133501492903,-1,0.7012683661459597,29.191092996153014,accumulation_divergence,0.520075678176779,-38.042935908649014,4,4,0.16666666666666666,0.16666666666666666,0.021669819924032458,,0,0.8716449561006946,38.563011586825795,accumulation_divergence
2026-08-16-seven-token-pilot,community-signals-v1,base,MONGO,0xadf9afd4fa1dfef7a06a7cd56140af14a4dc2860,2026-08-14T11:00:00Z,0.0,7.039942784428899,0,0,0.0,0.0,0.0,-0.06608718552227888,0,,-7.039942784428899,flat,0.06608718552227888,-0.3475199270142393,1,0,0.25,0.0,0.01652179638056972,-0.006392624784745671,1,1.0,0.41360711253651816,accumulation_divergence,0.15530022872931593,-24.03608128481236,2,2,0.16666666666666666,0.16666666666666666,0.012941685727442994,-0.017409133501492903,-1,0.7012683661459597,24.19138151354168,accumulation_divergence,0.520075678176779,-33.387857136503065,4,4,0.16666666666666666,0.16666666666666666,0.021669819924032458,0.010371071171173344,0,0.8716449561006946,33.907932814679846,accumulation_divergence
2026-08-16-seven-token-pilot,community-signals-v1,base,MONGO,0xadf9afd4fa1dfef7a06a7cd56140af14a4dc2860,2026-08-14T12:00:00Z,1.2100960233851765e-07,0.6386495801819603,1,0,1.0,0.0,1.2100960233851765e-07,1.2100960233851765e-07,0,1.0,-0.6386494591723579,markup,0.06608730661186168,1.9070038617948981,2,0,0.5,0.0,0.01652182665296542,-0.022331401256153738,1,1.0,-1.8409165551830364,markup,0.15780556536819645,-19.34311884266071,3,1,0.25,0.08333333333333333,0.013150463780683038,0.008387330510334357,0,0.7125631644778646,19.500924408028908,accumulation_divergence,0.21505336248501816,-31.69125676990754,4,4,0.16666666666666666,0.16666666666666666,0.00896055677020909,-0.015054576910223752,-1,0.7379871552334388,31.90631013239256,accumulation_divergence
2026-08-16-seven-token-pilot,community-signals-v1,base,MONGO,0xadf9afd4fa1dfef7a06a7cd56140af14a4dc2860,2026-08-14T13:00:00Z,-0.030068815775041724,-6.051605886054046,0,1,0.0,1.0,-0.030068815775041724,-0.030068936784644062,-1,,6.021537070279004,markdown,0.03599861916634417,-7.902136232755774,2,1,0.5,0.25,0.008999654791586043,-0.029853573117533116,0,0.5447130623399226,7.938134851922118,accumulation_divergence,0.1276892993284262,-22.76974853116428,3,2,0.25,0.16666666666666666,0.010640774944035517,0.0116949762891283,-1,0.5765746663441864,22.897437830492706,accumulation_divergence,0.11502272995957963,-29.720659771937097,3,5,0.125,0.20833333333333334,0.0047926137483158176,-0.022148321854170705,-2,0.5194451157029937,29.835682501896677,accumulation_divergence
2026-08-16-seven-token-pilot,community-signals-v1,base,MONGO,0xadf9afd4fa1dfef7a06a7cd56140af14a4dc2860,2026-08-14T14:00:00Z,0.0,5.128345651089239,0,0,0.0,0.0,0.0,0.030068815775041724,0,,-5.128345651089239,flat,-0.030068694801810292,6.394667099025453,1,1,0.25,0.25,-0.007517173700452573,-0.024038970081022293,-1,0.0,-6.424735793827264,distribution_divergence,0.1276892993284262,-19.748616803649853,3,2,0.25,0.16666666666666666,0.010640774944035517,0.0116949762891283,-1,0.5765746663441864,19.87630610297828,accumulation_divergence,0.11502272995957963,-19.47674838012947,3,5,0.125,0.20833333333333334,0.0047926137483158176,-0.022148321854170705,-2,0.5194451157029937,19.591771110089052,accumulation_divergence
2026-08-16-seven-token-pilot,community-signals-v1,base,MONGO,0xadf9afd4fa1dfef7a06a7cd56140af14a4dc2860,2026-08-14T15:00:00Z,0.0,6.337212505785761,0,0,0.0,0.0,0.0,0.0,0,,-6.337212505785761,flat,-0.030068694801810292,5.696173133952831,1,1,0.25,0.25,-0.007517173700452573,-0.024038970081022293,-1,0.0,-5.726241828754642,distribution_divergence,0.1276892993284262,-12.650682241287004,3,2,0.25,0.16666666666666666,0.010640774944035517,0.011251979343448088,-1,0.5765746663441864,12.778371540615431,accumulation_divergence,0.12034548122410449,-20.13478561988905,3,4,0.125,0.16666666666666666,0.005014395051004354,-0.021700542382760424,-2,0.5434538811208284,20.255131101113157,accumulation_divergence
2026-08-16-seven-token-pilot,community-signals-v1,base,MONGO,0xadf9afd4fa1dfef7a06a7cd56140af14a4dc2860,2026-08-14T16:00:00Z,0.0,-4.0764579051547845,0,0,0.0,0.0,0.0,0.0,0,,4.0764579051547845,flat,-0.030068815775041724,0.7441112850079756,0,1,0.0,0.25,-0.007517203943760431,-0.024039030596725852,-1,,-0.7741801007830174,distribution_divergence,0.19146747730502955,-15.231369650490745,3,1,0.25,0.08333333333333333,0.015955623108752464,0.021468620855152887,0,0.8640115018663218,15.422837127795773,accumulation_divergence,0.12518483717571804,-22.07671122525774,3,3,0.125,0.125,0.005216034882321585,-0.021276753861043662,-2,0.5652800315006781,22.201896062433455,accumulation_divergence
2026-08-16-seven-token-pilot,community-signals-v1,base,MONGO,0xadf9afd4fa1dfef7a06a7cd56140af14a4dc2860,2026-08-14T17:00:00Z,-0.003126701967781642,0.670874926317877,0,1,0.0,1.0,-0.003126701967781642,-0.003126701967781642,-1,,-0.6740016282856587,distribution_divergence,-0.003126701967781642,7.952859890668251,0,1,0.0,0.25,-0.0007816754919454105,-0.009781330283531453,-1,,-7.955986592636033,distribution_divergence,0.1883347887198683,3.3716108715717397,3,2,0.25,0.16666666666666666,0.01569456572665569,0.021207563473056114,0,0.8498750072122777,-3.1832760828518714,markup,0.12205422105115993,-19.406007749399578,3,4,0.125,0.16666666666666666,0.00508559254379833,-0.02140719619956692,-3,0.5511435368466341,19.528061970450736,accumulation_divergence
2026-08-16-seven-token-pilot,community-signals-v1,base,MONGO,0xadf9afd4fa1dfef7a06a7cd56140af14a4dc2860,2026-08-14T18:00:00Z,0.0,4.074410645589155,0,0,0.0,0.0,0.0,0.003126701967781642,0,,-4.074410645589155,flat,-0.003126701967781642,6.8706085028243935,0,1,0.0,0.25,-0.0007816754919454105,0.006735498208507162,-1,,-6.873735204792175,distribution_divergence,0.032870791629036056,11.674169566257376,2,2,0.16666666666666666,0.16666666666666666,0.002739232635753005,-0.004690277677236546,-1,0.49738434374520035,-11.64129877462834,markup,0.12205422105115993,-22.043868289546666,3,4,0.125,0.16666666666666666,0.00508559254379833,-0.021355570369929744,-3,0.5511435368466341,22.165922510597824,accumulation_divergence
2026-08-16-seven-token-pilot,community-signals-v1,base,MONGO,0xadf9afd4fa1dfef7a06a7cd56140af14a4dc2860,2026-08-14T19:00:00Z,0.014262434497402943,0.6359299185784373,1,0,1.0,0.0,0.014262434497402943,0.014262434497402943,1,1.0,-0.6216674840810343,markup,0.011135286585806092,1.1407278243342311,1,1,0.25,0.25,0.002783821646451523,0.010300995346904096,0,0.780766759415483,-1.129592537748425,markup,0.047137914301553785,6.5303734589999385,3,2,0.25,0.16666666666666666,0.003928159525129482,-0.003501350787860069,0,0.5866249654356706,-6.483235544698385,markup,0.1363340634518817,-20.57364460366361,4,4,0.16666666666666666,0.16666666666666666,0.005680585977161738,-0.020375252853073917,-2,0.5783332535651035,20.709978667115493,accumulation_divergence
2026-08-16-seven-token-pilot,community-signals-v1,base,MONGO,0xadf9afd4fa1dfef7a06a7cd56140af14a4dc2860,2026-08-14T20:00:00Z,0.0,-8.56827410867027,0,0,0.0,0.0,0.0,-0.014262434497402943,0,,8.56827410867027,flat,0.011135286585806092,-3.5953937799690805,1,1,0.25,0.25,0.002783821646451523,0.010301025590211954,0,0.780766759415483,3.6065290665548866,accumulation_divergence,0.047137914301553785,-1.025916625993628,3,2,0.25,0.16666666666666666,0.003928159525129482,-0.003501350787860069,0,0.5866249654356706,1.0730545402951819,accumulation_divergence,0.1363340634518817,-28.736285414039266,4,4,0.16666666666666666,0.16666666666666666,0.005680585977161738,-0.020375252853073917,-2,0.5783332535651035,28.87261947749115,accumulation_divergence
2026-08-16-seven-token-pilot,community-signals-v1,base,MONGO,0xadf9afd4fa1dfef7a06a7cd56140af14a4dc2860,2026-08-14T21:00:00Z,0.0,-4.545847504790689,0,0,0.0,0.0,0.0,0.0,0,,4.545847504790689,flat,0.014262434497402943,-8.59103995964432,1,0,0.25,0.0,0.0035656086243507357,0.004347284116296146,1,1.0,8.605302394141724,accumulation_divergence,0.047137914301553785,-9.119129782637625,3,2,0.25,0.16666666666666666,0.003928159525129482,-0.003501350787860069,0,0.5866249654356706,9.16626769693918,accumulation_divergence,0.1363340634518817,-33.17359038740201,4,4,0.16666666666666666,0.16666666666666666,0.005680585977161738,-0.009637358818143094,-2,0.5783332535651035,33.30992445085389,accumulation_divergence
2026-08-16-seven-token-pilot,community-signals-v1,base,MONGO,0xadf9afd4fa1dfef7a06a7cd56140af14a4dc2860,2026-08-14T22:00:00Z,0.0,-0.750967579858175,0,0,0.0,0.0,0.0,0.0,0,,0.750967579858175,flat,0.014262434497402943,-12.829188440653393,1,0,0.25,0.0,0.0035656086243507357,0.004347284116296146,1,1.0,12.843450875150797,accumulation_divergence,-0.018936756451348735,-0.8827528669631546,2,2,0.16666666666666666,0.16666666666666666,-0.0015780630376123945,-0.01451974876505539,-1,0.0,0.8638161105118058,markdown,0.1363340634518817,-29.662231341286937,4,4,0.16666666666666666,0.16666666666666666,0.005680585977161738,-0.009618939869531402,-2,0.5783332535651035,29.798565404738817,accumulation_divergence
2026-08-16-seven-token-pilot,community-signals-v1,base,MONGO,0xadf9afd4fa1dfef7a06a7cd56140af14a4dc2860,2026-08-14T23:00:00Z,0.0,5.82505538900373,0,0,0.0,0.0,0.0,0.0,0,,-5.82505538900373,flat,0.0,-8.334369553341237,0,0,0.0,0.0,0.0,-0.002783821646451523,0,,8.334369553341237,flat,-0.018936756451348735,-2.0077188476875563,2,2,0.16666666666666666,0.16666666666666666,-0.0015780630376123945,-0.01451974876505539,-1,0.0,1.9887820912362075,markdown,0.1363340634518817,-25.56122319829923,4,4,0.16666666666666666,0.16666666666666666,0.005680585977161738,-0.009572745103077668,-2,0.5783332535651035,25.697557261751115,accumulation_divergence
2026-08-16-seven-token-pilot,community-signals-v1,base,MONGO,0xadf9afd4fa1dfef7a06a7cd56140af14a4dc2860,2026-08-15T00:00:00Z,0.02314973522461461,1.7169987378762963,1,0,1.0,0.0,0.02314973522461461,0.02314973522461461,2,1.0,-1.6938490026516817,markup,0.02314973522461461,1.9772155185095786,1,0,0.25,0.0,0.005787433806153652,0.0030036121597021292,2,1.0,-1.954065783284964,markup,0.004208473949596225,-0.9577256861939332,2,2,0.16666666666666666,0.16666666666666666,0.0003507061624663521,-0.012799757618216686,1,0.11251686098924474,0.9619341601435294,accumulation_divergence,0.16202068052391105,-20.115590511187463,5,3,0.20833333333333334,0.125,0.006750861688496294,-0.008397868352476762,1,0.6257462398385114,20.277611191711372,accumulation_divergence
2026-08-16-seven-token-pilot,community-signals-v1,base,MONGO,0xadf9afd4fa1dfef7a06a7cd56140af14a4dc2860,2026-08-15T01:00:00Z,0.0,2.6975619765768677,0,0,0.0,0.0,0.0,-0.02314973522461461,0,,-2.6975619765768677,flat,0.02314973522461461,9.715618830060734,1,0,0.25,0.0,0.005787433806153652,0.0022218251818029167,2,1.0,-9.69246909483612,markup,0.03428759959978045,8.265821896931769,2,1,0.16666666666666666,0.08333333333333333,0.002857299966648371,-0.0077834749773871455,2,0.91643029973084,-8.231534297331988,markup,0.16202068052391105,-16.386033494197783,5,3,0.20833333333333334,0.125,0.006750861688496294,-0.008397868352476762,1,0.6257462398385114,16.548054174721692,accumulation_divergence
2026-08-16-seven-token-pilot,community-signals-v1,base,MONGO,0xadf9afd4fa1dfef7a06a7cd56140af14a4dc2860,2026-08-15T02:00:00Z,0.02004188944393359,0.605562433733442,1,0,1.0,0.0,0.02004188944393359,0.02004188944393359,0,1.0,-0.5855205442895084,markup,0.04319626431288359,11.215205539105044,2,0,0.5,0.0,0.010799066078220898,0.007233457453870162,2,1.0,-11.17200927479216,markup,0.05433636092653238,3.6080596230554374,3,1,0.25,0.08333333333333333,0.004528030077211032,-0.006112744866824485,2,0.9455876208072466,-3.553723262128905,markup,0.1820950419735068,-16.853099049598853,6,3,0.25,0.125,0.007587293415562783,-0.007561436625410274,1,0.6526743798084618,17.03519409157236,accumulation_divergence
2026-08-16-seven-token-pilot,community-signals-v1,base,MONGO,0xadf9afd4fa1dfef7a06a7cd56140af14a4dc2860,2026-08-15T03:00:00Z,0.27747827570154815,2.230270745631624,1,0,1.0,0.0,0.27747827570154815,0.25743638625761456,0,1.0,-1.9527924699300758,markup,0.3207944002638241,7.437322205977237,3,0,0.75,0.0,0.08019860006595603,0.08019860006595603,2,1.0,-7.116527805713413,markup,0.3319654082254653,-0.3934771553448235,4,1,0.3333333333333333,0.08333333333333333,0.027663784018788773,0.017023009074753258,2,0.9906691268678965,0.7254425635702888,accumulation_divergence,0.46007859185766,-12.994381852017101,7,3,0.2916666666666667,0.125,0.0191699413274025,0.00412434446037761,1,0.8260207985566846,13.454460443874762,accumulation_divergence
2026-08-16-seven-token-pilot,community-signals-v1,base,MONGO,0xadf9afd4fa1dfef7a06a7cd56140af14a4dc2860,2026-08-15T04:00:00Z,0.0,-11.496057025133222,0,0,0.0,0.0,0.0,-0.27747827570154815,0,,11.496057025133222,flat,0.2975757770347309,-6.518804566837111,2,0,0.5,0.0,0.07439394425868273,0.06860651045252908,0,1.0,6.816380343871842,accumulation_divergence,0.3319654082254653,-8.097951501294054,4,1,0.3333333333333333,0.08333333333333333,0.027663784018788773,0.011708160910036309,2,0.9906691268678965,8.42991690951952,accumulation_divergence,0.5240684913231375,-22.09589222450523,7,2,0.2916666666666667,0.08333333333333333,0.021836187138464063,0.009452513444197879,2,0.940308718283818,22.61996071582837,accumulation_divergence
2026-08-16-seven-token-pilot,community-signals-v1,base,MONGO,0xadf9afd4fa1dfef7a06a7cd56140af14a4dc2860,2026-08-15T05:00:00Z,0.0,-8.107055620738201,0,0,0.0,0.0,0.0,0.0,0,,8.107055620738201,flat,0.2975757770347309,-16.35378555134741,2,0,0.5,0.0,0.07439394425868273,0.06860651045252908,0,1.0,16.65136132838214,accumulation_divergence,0.33510258785245384,-16.111290011009594,4,0,0.3333333333333333,0.0,0.027925215654371154,0.012230649927715463,3,1.0,16.446392598862047,accumulation_divergence,0.5240684913231375,-13.28288914499951,7,2,0.2916666666666667,0.08333333333333333,0.021836187138464063,0.009452513444197879,3,0.940308718283818,13.806957636322647,accumulation_divergence
2026-08-16-seven-token-pilot,community-signals-v1,base,MONGO,0xadf9afd4fa1dfef7a06a7cd56140af14a4dc2860,2026-08-15T06:00:00Z,0.0,-6.161267078203069,0,0,0.0,0.0,0.0,0.0,0,,6.161267078203069,flat,0.27747827570154815,-21.97991256461007,1,0,0.25,0.0,0.06936956892538704,0.05857050284716614,0,1.0,22.25739084031162,accumulation_divergence,0.33510258785245384,-24.36171194264094,4,0,0.3333333333333333,0.0,0.027925215654371154,0.02518598301861815,3,1.0,24.696814530493395,accumulation_divergence,0.36808353035486796,-15.531569937810652,6,2,0.25,0.08333333333333333,0.015336813764786164,-0.003541643742189607,2,0.917227731796344,15.89965346816552,accumulation_divergence
2026-08-16-seven-token-pilot,community-signals-v1,base,MONGO,0xadf9afd4fa1dfef7a06a7cd56140af14a4dc2860,2026-08-15T07:00:00Z,0.0,-0.532567875985468,0,0,0.0,0.0,0.0,0.0,0,,0.532567875985468,flat,0.0,-24.08845545759316,0,0,0.0,0.0,0.0,-0.08019860006595603,0,,24.08845545759316,flat,0.3207944002638241,-25.239958636949044,3,0,0.25,0.0,0.026732866688652008,0.022804707163522526,2,1.0,25.56075303721287,accumulation_divergence,0.36808353035486796,-20.357848737838992,6,2,0.25,0.08333333333333333,0.015336813764786164,-0.003976786614928731,2,0.917227731796344,20.72593226819386,accumulation_divergence
2026-08-16-seven-token-pilot,community-signals-v1,base,MONGO,0xadf9afd4fa1dfef7a06a7cd56140af14a4dc2860,2026-08-15T08:00:00Z,0.006442921378679856,-1.8399174313634692,1,0,1.0,0.0,0.006442921378679856,0.006442921378679856,0,1.0,1.846360352742149,accumulation_divergence,0.006442921378679856,-15.806197670634326,1,0,0.25,0.0,0.001610730344669964,-0.07278321391401277,0,1.0,15.812640592013006,accumulation_divergence,0.32725799017350177,-19.738452255032257,4,0,0.3333333333333333,0.0,0.027271499181125147,0.023343339655995665,2,1.0,20.065710245205757,accumulation_divergence,0.3745501670660012,-20.561868817627694,7,2,0.2916666666666667,0.08333333333333333,0.015606256961083384,-0.0035272014744699067,2,0.91854038977404,20.936418984693695,accumulation_divergence
2026-08-16-seven-token-pilot,community-signals-v1,base,MONGO,0xadf9afd4fa1dfef7a06a7cd56140af14a4dc2860,2026-08-15T09:00:00Z,0.0,7.4184503746280495,0,0,0.0,0.0,0.0,-0.006442921378679856,0,,-7.4184503746280495,flat,0.006442921378679856,-1.581477898435546,1,0,0.25,0.0,0.001610730344669964,-0.07278321391401277,0,1.0,1.5879208198142258,accumulation_divergence,0.32725799017350177,-9.678407297510072,4,0,0.3333333333333333,0.0,0.027271499181125147,0.023343339655995665,2,1.0,10.005665287683573,accumulation_divergence,0.3745501670660012,-17.914950557795486,7,2,0.2916666666666667,0.08333333333333333,0.015606256961083384,-0.0032974373133478254,2,0.91854038977404,18.289500724861487,accumulation_divergence
2026-08-16-seven-token-pilot,community-signals-v1,base,MONGO,0xadf9afd4fa1dfef7a06a7cd56140af14a4dc2860,2026-08-15T10:00:00Z,0.0,-1.7820617357818147,0,0,0.0,0.0,0.0,0.0,0,,1.7820617357818147,flat,0.006442921378679856,3.011454085626486,1,0,0.25,0.0,0.001610730344669964,-0.06775883858071707,0,1.0,-3.005011164247806,markup,0.32725799017350177,-10.61675464577453,4,0,0.3333333333333333,0.0,0.027271499181125147,0.02884956221873754,2,1.0,10.944012635948031,accumulation_divergence,0.3082592616735935,-11.405787806723666,6,2,0.25,0.08333333333333333,0.012844135903066397,-0.00882568402096606,1,0.9027845822751938,11.71404706839726,accumulation_divergence
2026-08-16-seven-token-pilot,community-signals-v1,base,MONGO,0xadf9afd4fa1dfef7a06a7cd56140af14a4dc2860,2026-08-15T11:00:00Z,0.0,-3.04485836965267,0,0,0.0,0.0,0.0,0.0,0,,3.04485836965267,flat,0.006442921378679856,0.4096507484749434,1,0,0.25,0.0,0.001610730344669964,0.001610730344669964,0,1.0,-0.40320782709626357,markup,0.32725799017350177,-18.10856908278532,4,0,0.3333333333333333,0.0,0.027271499181125147,0.02884956221873754,2,1.0,18.435827072958823,accumulation_divergence,0.3082592616735935,-19.752718775951273,6,2,0.25,0.08333333333333333,0.012844135903066397,-0.00882568402096606,1,0.9027845822751938,20.060978037624867,accumulation_divergence
2026-08-16-seven-token-pilot,community-signals-v1,base,MONGO,0xadf9afd4fa1dfef7a06a7cd56140af14a4dc2860,2026-08-15T12:00:00Z,0.0,1.236238606894724,0,0,0.0,0.0,0.0,0.0,0,,-1.236238606894724,flat,0.0,3.5563041066090095,0,0,0.0,0.0,0.0,-0.001610730344669964,0,,-3.5563041066090095,flat,0.30403787098676194,-18.495624693376868,3,0,0.25,0.0,0.025336489248896827,0.024985783086430475,0,1.0,18.79966256436363,accumulation_divergence,0.30825914029095625,-19.27621303106031,5,2,0.20833333333333334,0.08333333333333333,0.01284413084545651,0.00388357407524742,1,0.9027845478225013,19.584472171351266,accumulation_divergence
2026-08-16-seven-token-pilot,community-signals-v1,base,MONGO,0xadf9afd4fa1dfef7a06a7cd56140af14a4dc2860,2026-08-15T13:00:00Z,0.0,-1.6791157380117272,0,0,0.0,0.0,0.0,0.0,0,,1.6791157380117272,flat,0.0,-5.214166140400156,0,0,0.0,0.0,0.0,-0.001610730344669964,0,,5.214166140400156,flat,0.30403787098676194,-21.969109128453557,3,0,0.25,0.0,0.025336489248896827,0.022479189282248457,0,1.0,22.273146999440318,accumulation_divergence,0.3384297178743889,-15.519214664422332,5,1,0.20833333333333334,0.041666666666666664,0.014101238244766204,0.009308624496450386,2,0.9908457233237578,15.857644382296721,accumulation_divergence
2026-08-16-seven-token-pilot,community-signals-v1,base,MONGO,0xadf9afd4fa1dfef7a06a7cd56140af14a4dc2860,2026-08-15T14:00:00Z,0.014321293484353959,-10.985670745211218,1,0,1.0,0.0,0.014321293484353959,0.014321293484353959,0,1.0,10.999992038695572,accumulation_divergence,0.014321293484353959,-14.096166413402289,1,0,0.25,0.0,0.0035803233710884896,0.0019695930264185257,0,1.0,14.110487706886643,accumulation_divergence,0.29830103201993197,-30.95940975769197,3,0,0.25,0.0,0.02485841933499433,0.0203303892577833,0,1.0,31.2577107897119,accumulation_divergence,0.3527994788718569,-28.468384097640108,6,1,0.25,0.041666666666666664,0.014699978286327372,0.009907364538011554,2,0.9912153077348625,28.821183576511963,accumulation_divergence
2026-08-16-seven-token-pilot,community-signals-v1,base,MONGO,0xadf9afd4fa1dfef7a06a7cd56140af14a4dc2860,2026-08-15T15:00:00Z,0.0,-7.26496785230073,0,0,0.0,0.0,0.0,-0.014321293484353959,0,,7.26496785230073,flat,0.014321293484353959,-17.835252104151778,1,0,0.25,0.0,0.0035803233710884896,0.0019695930264185257,0,1.0,17.84957339763613,accumulation_divergence,0.020765137572698045,-37.37196127018817,2,0,0.16666666666666666,0.0,0.0017304281310581704,-0.025933355887730603,0,1.0,37.39272640776087,accumulation_divergence,0.3527994788718569,-37.618388295430485,6,1,0.25,0.041666666666666664,0.014699978286327372,0.009685583235323019,2,0.9912153077348625,37.971187774302344,accumulation_divergence
2026-08-16-seven-token-pilot,community-signals-v1,base,MONGO,0xadf9afd4fa1dfef7a06a7cd56140af14a4dc2860,2026-08-15T16:00:00Z,0.0,-3.069487780167668,0,0,0.0,0.0,0.0,0.0,0,,3.069487780167668,flat,0.014321293484353959,-21.329839891784076,1,0,0.25,0.0,0.0035803233710884896,0.0035803233710884896,0,1.0,21.34416118526843,accumulation_divergence,0.020765137572698045,-31.409068688294827,2,0,0.16666666666666666,0.0,0.0017304281310581704,-0.025933355887730603,0,1.0,31.429833825867526,accumulation_divergence,0.3527994788718569,-36.96352904020264,6,1,0.25,0.041666666666666664,0.014699978286327372,0.009483943404005787,2,0.9912153077348625,37.316328519074496,accumulation_divergence
2026-08-16-seven-token-pilot,community-signals-v1,base,MONGO,0xadf9afd4fa1dfef7a06a7cd56140af14a4dc2860,2026-08-15T17:00:00Z,0.0,-2.3815330628800147,0,0,0.0,0.0,0.0,0.0,0,,2.3815330628800147,flat,0.014321293484353959,-21.8918698595265,1,0,0.25,0.0,0.0035803233710884896,0.0035803233710884896,0,1.0,21.906191153010855,accumulation_divergence,0.020765137572698045,-27.13541169381619,2,0,0.16666666666666666,0.0,0.0017304281310581704,-0.026194787523312984,0,1.0,27.15617683138889,accumulation_divergence,0.35593730993852546,-38.874836831153644,6,0,0.25,0.0,0.01483072124743856,0.009745128703640232,3,1.0,39.23077414109217,accumulation_divergence
2026-08-16-seven-token-pilot,community-signals-v1,base,MONGO,0xadf9afd4fa1dfef7a06a7cd56140af14a4dc2860,2026-08-15T18:00:00Z,0.22842335102124522,-1.011078910329255,1,0,1.0,0.0,0.22842335102124522,0.22842335102124522,1,1.0,1.2395022613505002,accumulation_divergence,0.22842335102124522,-13.139383336743983,1,0,0.25,0.0,0.057105837755311306,0.053525514384222816,1,1.0,13.367806687765228,accumulation_divergence,0.2492359210170214,-23.13635577237442,3,0,0.25,0.0,0.020769660084751784,-0.00715555556961937,1,1.0,23.38559169339144,accumulation_divergence,0.5851737048906624,-41.86165536772493,7,0,0.2916666666666667,0.0,0.024382237703777603,0.019296645159979274,4,1.0,42.44682907261559,accumulation_divergence
2026-08-16-seven-token-pilot,community-signals-v1,base,MONGO,0xadf9afd4fa1dfef7a06a7cd56140af14a4dc2860,2026-08-15T19:00:00Z,0.0,1.2244878396063807,0,0,0.0,0.0,0.0,-0.22842335102124522,0,,-1.2244878396063807,flat,0.22842335102124522,-5.187702731727494,1,0,0.25,0.0,0.057105837755311306,0.053525514384222816,1,1.0,5.41612608274874,accumulation_divergence,0.2492359210170214,-21.778587681578788,3,0,0.25,0.0,0.020769660084751784,-0.005963206603900224,1,1.0,22.02782360259581,accumulation_divergence,0.5708298561589276,-41.521639795985664,6,0,0.25,0.0,0.023784577339955315,0.018103991362793576,3,1.0,42.092469652144594,accumulation_divergence
2026-08-16-seven-token-pilot,community-signals-v1,base,MONGO,0xadf9afd4fa1dfef7a06a7cd56140af14a4dc2860,2026-08-15T20:00:00Z,0.0,12.178087421058814,0,0,0.0,0.0,0.0,0.0,0,,-12.178087421058814,flat,0.22842335102124522,9.726668393438587,1,0,0.25,0.0,0.057105837755311306,0.053525514384222816,1,1.0,-9.498245042417341,markup,0.24277735768407638,-10.607976280796393,2,0,0.16666666666666666,0.0,0.02023144647367303,-0.007040052707452116,1,1.0,10.85075363848047,accumulation_divergence,0.5708298561589276,-28.252578202418512,6,0,0.25,0.0,0.023784577339955315,0.018103991362793576,3,1.0,28.82340805857744,accumulation_divergence
2026-08-16-seven-token-pilot,community-signals-v1,base,MONGO,0xadf9afd4fa1dfef7a06a7cd56140af14a4dc2860,2026-08-15T21:00:00Z,0.0,-7.427981136519113,0,0,0.0,0.0,0.0,0.0,0,,7.427981136519113,flat,0.22842335102124522,4.054279226565227,1,0,0.25,0.0,0.057105837755311306,0.053525514384222816,1,1.0,-3.825855875543982,markup,0.24277735768407638,-22.962953970024625,2,0,0.16666666666666666,0.0,0.02023144647367303,-0.007040052707452116,1,1.0,23.2057313277087,accumulation_divergence,0.5708298561589276,-30.418913054775963,6,0,0.25,0.0,0.023784577339955315,0.018103991362793576,3,1.0,30.98974291093489,accumulation_divergence
2026-08-16-seven-token-pilot,community-signals-v1,base,MONGO,0xadf9afd4fa1dfef7a06a7cd56140af14a4dc2860,2026-08-15T22:00:00Z,0.0,-4.622897473556442,0,0,0.0,0.0,0.0,0.0,0,,4.622897473556442,flat,0.0,0.2576404395510101,0,0,0.0,0.0,0.0,-0.057105837755311306,0,,-0.2576404395510101,flat,0.24277735768407638,-25.1911578741405,2,0,0.16666666666666666,0.0,0.02023144647367303,-0.007040052707452116,1,1.0,25.433935231824577,accumulation_divergence,0.5708298561589276,-33.13342909598782,6,0,0.25,0.0,0.023784577339955315,0.018103991362793576,3,1.0,33.70425895214675,accumulation_divergence
2026-08-16-seven-token-pilot,community-signals-v1,base,MONGO,0xadf9afd4fa1dfef7a06a7cd56140af14a4dc2860,2026-08-15T23:00:00Z,0.0006702490251475623,0.7291925465006344,1,0,1.0,0.0,0.0006702490251475623,0.0006702490251475623,0,1.0,-0.7285222974754868,markup,0.0006702490251475623,-0.2329240322226811,1,0,0.25,0.0,0.0001675622562868906,-0.056938275499024416,0,1.0,0.23359428124782866,accumulation_divergence,0.2434492339220995,-22.279168118734926,3,0,0.25,0.0,0.02028743616017496,-0.006984063020950188,1,1.0,22.522617352657026,accumulation_divergence,0.5715039311656289,-36.35329865166925,7,0,0.2916666666666667,0.0,0.023812663798567873,0.018132077821406134,3,1.0,36.92480258283488,accumulation_divergence
2026-08-16-seven-token-pilot,community-signals-v1,base,MONGO,0xadf9afd4fa1dfef7a06a7cd56140af14a4dc2860,2026-08-16T00:00:00Z,0.0,-3.653806939062143,0,0,0.0,0.0,0.0,-0.0006702490251475623,0,,3.653806939062143,flat,0.0006702490251475623,-14.313230120981135,1,0,0.25,0.0,0.0001675622562868906,-0.056938275499024416,0,1.0,14.313900370006284,accumulation_divergence,0.2434492339220995,-26.03334165381489,3,0,0.25,0.0,0.02028743616017496,-0.005049053088721868,1,1.0,26.27679088773699,accumulation_divergence,0.5482272827766144,-39.71393717975759,6,0,0.25,0.0,0.0228428034490256,0.016091941760529305,1,1.0,40.26216446253421,accumulation_divergence
2026-08-16-seven-token-pilot,community-signals-v1,base,MONGO,0xadf9afd4fa1dfef7a06a7cd56140af14a4dc2860,2026-08-16T01:00:00Z,0.0,5.428310076598408,0,0,0.0,0.0,0.0,0.0,0,,-5.428310076598408,flat,0.0006702490251475623,-2.41315404831125,1,0,0.25,0.0,0.0001675622562868906,-0.056938275499024416,0,1.0,2.4138242973363977,accumulation_divergence,0.2434492339220995,-20.686435542298454,3,0,0.25,0.0,0.02028743616017496,-0.005049053088721868,1,1.0,20.929884776220554,accumulation_divergence,0.5482272827766144,-38.11091907167725,6,0,0.25,0.0,0.0228428034490256,0.016091941760529305,1,1.0,38.65914635445387,accumulation_divergence
2026-08-16-seven-token-pilot,community-signals-v1,base,MONGO,0xadf9afd4fa1dfef7a06a7cd56140af14a4dc2860,2026-08-16T02:00:00Z,0.0,-5.14580916488171,0,0,0.0,0.0,0.0,0.0,0,,5.14580916488171,flat,0.0006702490251475623,-2.9481808138134613,1,0,0.25,0.0,0.0001675622562868906,0.0001675622562868906,0,1.0,2.948851062838609,accumulation_divergence,0.2290951310516709,-15.483000974480243,2,0,0.16666666666666666,0.0,0.019091260920972575,-0.005767158414021756,1,1.0,15.712096105531913,accumulation_divergence,0.5280795562118357,-41.64896501769544,5,0,0.20833333333333334,0.0,0.02200331484215982,0.014416021426597037,1,1.0,42.177044573907274,accumulation_divergence
2026-08-16-seven-token-pilot,community-signals-v1,base,MONGO,0xadf9afd4fa1dfef7a06a7cd56140af14a4dc2860,2026-08-16T03:00:00Z,0.009474314009660922,2.602190698023965,1,0,1.0,0.0,0.009474314009660922,0.009474314009660922,0,1.0,-2.592716384014304,markup,0.009474314009660922,-1.1435611862532835,1,0,0.25,0.0,0.0023685785024152306,0.00220101624612834,0,1.0,1.1530355002629444,accumulation_divergence,0.23859115025344213,-6.490254541242169,3,0,0.25,0.0,0.01988259585445351,0.01815216772339534,1,1.0,6.728845691495611,accumulation_divergence,0.25940583160670716,-41.436680397940684,5,0,0.20833333333333334,0.0,0.010808576316946131,-0.00836136501045637,1,1.0,41.69608622954739,accumulation_divergence
2026-08-16-seven-token-pilot,community-signals-v1,base,MONGO,0xadf9afd4fa1dfef7a06a7cd56140af14a4dc2860,2026-08-16T04:00:00Z,0.0,17.32002902638421,0,0,0.0,0.0,0.0,-0.009474314009660922,0,,-17.32002902638421,flat,0.009474314009660922,20.37673625296477,1,0,0.25,0.0,0.0023685785024152306,0.00220101624612834,0,1.0,-20.367261938955107,markup,0.23859115025344213,13.179697499077614,3,0,0.25,0.0,0.01988259585445351,0.01815216772339534,1,1.0,-12.94110634882417,markup,0.25940583160670716,-22.368991429611985,5,0,0.20833333333333334,0.0,0.010808576316946131,-0.011027610821517932,1,1.0,22.62839726121869,accumulation_divergence
2026-08-16-seven-token-pilot,community-signals-v1,base,MONGO,0xadf9afd4fa1dfef7a06a7cd56140af14a4dc2860,2026-08-16T05:00:00Z,0.0,-1.4999473194969637,0,0,0.0,0.0,0.0,0.0,0,,1.4999473194969637,flat,0.009474314009660922,12.466137926419574,1,0,0.25,0.0,0.0023685785024152306,0.00220101624612834,0,1.0,-12.456663612409912,markup,0.23859115025344213,14.201815658542905,3,0,0.25,0.0,0.01988259585445351,0.01815216772339534,1,1.0,-13.963224508289464,markup,0.25940583160670716,-16.787317182215755,5,0,0.20833333333333334,0.0,0.010808576316946131,-0.011027610821517932,1,1.0,17.04672301382246,accumulation_divergence
2026-08-16-seven-token-pilot,community-signals-v1,base,MONGO,0xadf9afd4fa1dfef7a06a7cd56140af14a4dc2860,2026-08-16T06:00:00Z,-0.07267169264931761,0.3410613885368452,0,1,0.0,1.0,-0.07267169264931761,-0.07267169264931761,0,,-0.4137330811861628,distribution_divergence,-0.06320426378401134,18.971777108117326,1,1,0.25,0.25,-0.015801065946002835,-0.015968628202289725,0,0.0,-19.03498137190134,distribution_divergence,-0.06253443838482031,15.761756664624894,2,1,0.16666666666666666,0.08333333333333333,-0.005211203198735026,-0.02598086328348681,0,0.0,-15.824291103009713,distribution_divergence,0.186545624348744,-11.02129520565308,5,1,0.20833333333333334,0.041666666666666664,0.007772734347864334,-0.007564079416921831,1,0.7191265639377137,11.207840830001825,accumulation_divergence
2026-08-16-seven-token-pilot,community-signals-v1,base,MONGO,0xadf9afd4fa1dfef7a06a7cd56140af14a4dc2860,2026-08-16T07:00:00Z,0.01298021110982539,-3.0569978378966023,1,0,1.0,0.0,0.01298021110982539,0.085651903759143,0,1.0,3.0699780490064277,accumulation_divergence,-0.05970091447859982,12.409697755543414,1,1,0.25,0.25,-0.014925228619649955,-0.017293807122065186,0,0.0,-12.469398670022013,distribution_divergence,-0.0495623443771076,10.86538905891745,3,1,0.25,0.08333333333333333,-0.004130195364758967,-0.02489985544951075,0,0.0,-10.914951403294559,distribution_divergence,0.19955004947442845,-13.279526905802342,6,1,0.25,0.041666666666666664,0.008314585394767851,-0.007022228370018313,1,0.7325350075583054,13.47907695527677,accumulation_divergence
2026-08-16-seven-token-pilot,community-signals-v1,base,MONGO,0xadf9afd4fa1dfef7a06a7cd56140af14a4dc2860,2026-08-16T08:00:00Z,0.0,-5.748801603986864,0,0,0.0,0.0,0.0,-0.01298021110982539,0,,5.748801603986864,flat,-0.05970091447859982,-9.693606345674088,1,1,0.25,0.25,-0.014925228619649955,-0.017293807122065186,0,0.0,9.633905431195487,markdown,-0.0495623443771076,-6.851721047602566,3,1,0.25,0.08333333333333333,-0.004130195364758967,-0.024361641838431997,0,0.0,6.802158703225459,markdown,0.1930946871568917,-16.73286838484295,5,1,0.20833333333333334,0.041666666666666664,0.008045611964870488,-0.007560644996212895,1,0.7260558062099267,16.92596307199984,accumulation_divergence
2026-08-16-seven-token-pilot,community-signals-v1,base,MONGO,0xadf9afd4fa1dfef7a06a7cd56140af14a4dc2860,2026-08-16T09:00:00Z,0.010848295317167356,2.5867677912577047,1,0,1.0,0.0,0.010848295317167356,0.010848295317167356,0,1.0,-2.5759194959405374,markup,-0.048859095692943555,-5.9468418160958825,2,1,0.5,0.25,-0.012214773923235889,-0.01458335242565112,0,0.0,5.897982720402939,markdown,-0.03871942572941656,3.225369613437179,4,1,0.3333333333333333,0.08333333333333333,-0.003226618810784713,-0.023458065284457746,0,0.0,-3.2640890391665955,distribution_divergence,0.20396392995596369,-20.47822449628418,6,1,0.25,0.041666666666666664,0.008498497081498487,-0.007107759879584896,1,0.7368121530957672,20.682188426240145,accumulation_divergence
2026-08-16-seven-token-pilot,community-signals-v1,base,PRISMA,0xadf0d31463cb2f2a88dbf0bcb22964a7d5960c25,2026-08-12T11:00:00Z,,,,,,,,,,,,unavailable,,,,,,,,,,,,unavailable,,,,,,,,,,,,unavailable,,,,,,,,,,,,unavailable
2026-08-16-seven-token-pilot,community-signals-v1,base,PRISMA,0xadf0d31463cb2f2a88dbf0bcb22964a7d5960c25,2026-08-12T12:00:00Z,0.0,14.756886816385384,0,0,0.0,0.0,0.0,,0,,-14.756886816385384,flat,,,,,,,,,,,,unavailable,,,,,,,,,,,,unavailable,,,,,,,,,,,,unavailable
2026-08-16-seven-token-pilot,community-signals-v1,base,PRISMA,0xadf0d31463cb2f2a88dbf0bcb22964a7d5960c25,2026-08-12T13:00:00Z,0.0,7.0509847785150015,0,0,0.0,0.0,0.0,0.0,0,,-7.0509847785150015,flat,,,,,,,,,,,,unavailable,,,,,,,,,,,,unavailable,,,,,,,,,,,,unavailable
2026-08-16-seven-token-pilot,community-signals-v1,base,PRISMA,0xadf0d31463cb2f2a88dbf0bcb22964a7d5960c25,2026-08-12T14:00:00Z,0.0019919014352609565,0.820209388171822,1,0,1.0,0.0,0.0019919014352609565,0.0019919014352609565,0,1.0,-0.818217486736561,markup,,,,,,,,,,,,unavailable,,,,,,,,,,,,unavailable,,,,,,,,,,,,unavailable
2026-08-16-seven-token-pilot,community-signals-v1,base,PRISMA,0xadf0d31463cb2f2a88dbf0bcb22964a7d5960c25,2026-08-12T15:00:00Z,0.0,11.59108378214555,0,0,0.0,0.0,0.0,-0.0019919014352609565,0,,-11.59108378214555,flat,0.0019919014352609565,38.212243091170976,1,0,0.25,0.0,0.0004979753588152391,,0,1.0,-38.210251189735715,markup,,,,,,,,,,,,unavailable,,,,,,,,,,,,unavailable
2026-08-16-seven-token-pilot,community-signals-v1,base,PRISMA,0xadf0d31463cb2f2a88dbf0bcb22964a7d5960c25,2026-08-12T16:00:00Z,0.0,7.938046302306212,0,0,0.0,0.0,0.0,0.0,0,,-7.938046302306212,flat,0.0019919014352609565,29.99968810752296,1,0,0.25,0.0,0.0004979753588152391,,0,1.0,-29.9976962060877,markup,,,,,,,,,,,,unavailable,,,,,,,,,,,,unavailable
2026-08-16-seven-token-pilot,community-signals-v1,base,PRISMA,0xadf0d31463cb2f2a88dbf0bcb22964a7d5960c25,2026-08-12T17:00:00Z,0.0,13.225780797984775,0,0,0.0,0.0,0.0,0.0,0,,-13.225780797984775,flat,0.0019919014352609565,37.49818574693702,1,0,0.25,0.0,0.0004979753588152391,,0,1.0,-37.49619384550176,markup,,,,,,,,,,,,unavailable,,,,,,,,,,,,unavailable
2026-08-16-seven-token-pilot,community-signals-v1,base,PRISMA,0xadf0d31463cb2f2a88dbf0bcb22964a7d5960c25,2026-08-12T18:00:00Z,0.0,-14.659671390154216,0,0,0.0,0.0,0.0,0.0,0,,14.659671390154216,flat,0.0,16.386788185721258,0,0,0.0,0.0,0.0,,0,,-16.386788185721258,flat,,,,,,,,,,,,unavailable,,,,,,,,,,,,unavailable
2026-08-16-seven-token-pilot,community-signals-v1,base,PRISMA,0xadf0d31463cb2f2a88dbf0bcb22964a7d5960c25,2026-08-12T19:00:00Z,0.0,1.2769546310217095,0,0,0.0,0.0,0.0,0.0,0,,-1.2769546310217095,flat,0.0,5.629402163953001,0,0,0.0,0.0,0.0,-0.0004979753588152391,0,,-5.629402163953001,flat,,,,,,,,,,,,unavailable,,,,,,,,,,,,unavailable
2026-08-16-seven-token-pilot,community-signals-v1,base,PRISMA,0xadf0d31463cb2f2a88dbf0bcb22964a7d5960c25,2026-08-12T20:00:00Z,-0.8855179743102237,-3.1041238191682696,0,1,0.0,1.0,-0.8855179743102237,-0.8855179743102237,0,,2.218605844858046,markdown,-0.8855179743102237,-5.176591352524918,0,1,0.0,0.25,-0.22137949357755593,-0.22187746893637117,0,,4.291073378214694,markdown,,,,,,,,,,,,unavailable,,,,,,,,,,,,unavailable
2026-08-16-seven-token-pilot,community-signals-v1,base,PRISMA,0xadf0d31463cb2f2a88dbf0bcb22964a7d5960c25,2026-08-12T21:00:00Z,0.70708104603876,1.8979036828556506,1,0,1.0,0.0,0.70708104603876,1.5925990203489837,0,1.0,-1.1908226368168906,markup,-0.18469825802708284,-14.66337001040624,1,1,0.25,0.25,-0.04617456450677071,-0.04667253986558595,0,0.0,14.478671752379157,markdown,,,,,,,,,,,,unavailable,,,,,,,,,,,,unavailable
2026-08-16-seven-token-pilot,community-signals-v1,base,PRISMA,0xadf0d31463cb2f2a88dbf0bcb22964a7d5960c25,2026-08-12T22:00:00Z,0.029581665532796286,8.375441948891549,1,0,1.0,0.0,0.029581665532796286,-0.6774993805059637,0,1.0,-8.345860283358753,markup,-0.15517122931523186,8.370744994814338,2,1,0.5,0.25,-0.038792807328807966,-0.038792807328807966,0,0.0,-8.52591622412957,distribution_divergence,,,,,,,,,,,,unavailable,,,,,,,,,,,,unavailable
2026-08-16-seven-token-pilot,community-signals-v1,base,PRISMA,0xadf0d31463cb2f2a88dbf0bcb22964a7d5960c25,2026-08-12T23:00:00Z,0.05379519346353501,16.684625294006384,1,0,1.0,0.0,0.05379519346353501,0.02421352793073872,1,1.0,-16.63083010054285,markup,-0.10145951051470092,24.85762253241104,3,1,0.75,0.25,-0.02536487762867523,-0.02536487762867523,1,0.0,-24.95908204292574,distribution_divergence,-0.09946963005289522,82.28309681501311,4,1,0.3333333333333333,0.08333333333333333,-0.008289135837741268,,1,0.0,-82.382566445066,distribution_divergence,,,,,,,,,,,,unavailable
2026-08-16-seven-token-pilot,community-signals-v1,base,PRISMA,0xadf0d31463cb2f2a88dbf0bcb22964a7d5960c25,2026-08-13T00:00:00Z,0.0,6.776135841140807,0,0,0.0,0.0,0.0,-0.05379519346353501,0,,-6.776135841140807,flat,0.7910634730374566,37.589080049620826,3,0,0.75,0.0,0.19776586825936415,0.4191453618369201,1,1.0,-36.79801657658337,markup,-0.09946963005289522,69.6062454029957,4,1,0.3333333333333333,0.08333333333333333,-0.008289135837741268,,1,0.0,-69.70571503304859,distribution_divergence,,,,,,,,,,,,unavailable
2026-08-16-seven-token-pilot,community-signals-v1,base,PRISMA,0xadf0d31463cb2f2a88dbf0bcb22964a7d5960c25,2026-08-13T01:00:00Z,0.01601028211657418,-15.47014582284244,1,0,1.0,0.0,0.01601028211657418,0.01601028211657418,0,1.0,15.486156104959015,accumulation_divergence,0.09941640604522739,14.137626512531698,3,0,0.75,0.0,0.024854101511306848,0.07102866601807756,1,1.0,-14.03821010648647,markup,-0.08347527330471172,33.92488841754027,5,1,0.4166666666666667,0.08333333333333333,-0.006956272775392643,,1,0.0,-34.00836369084498,distribution_divergence,,,,,,,,,,,,unavailable
2026-08-16-seven-token-pilot,community-signals-v1,base,PRISMA,0xadf0d31463cb2f2a88dbf0bcb22964a7d5960c25,2026-08-13T02:00:00Z,0.0,-5.254066789453127,0,0,0.0,0.0,0.0,-0.01601028211657418,0,,5.254066789453127,flat,0.06981408834234593,-0.21654588992171542,2,0,0.5,0.0,0.01745352208558648,0.05624632941439445,1,1.0,0.28635997826406134,accumulation_divergence,-0.08546547235200874,25.85610177007689,4,1,0.3333333333333333,0.08333333333333333,-0.007122122696000728,,1,0.0,-25.9415672424289,distribution_divergence,,,,,,,,,,,,unavailable
2026-08-16-seven-token-pilot,community-signals-v1,base,PRISMA,0xadf0d31463cb2f2a88dbf0bcb22964a7d5960c25,2026-08-13T03:00:00Z,0.027647861144486363,0.02464243339777017,1,0,1.0,0.0,0.027647861144486363,0.027647861144486363,0,1.0,0.003005427746716194,markup,0.043662569761626635,-14.46341544156624,2,0,0.5,0.0,0.010915642440406659,0.03628052006908189,0,1.0,14.507078011327867,accumulation_divergence,-0.05784124058263451,12.81108804525688,5,1,0.4166666666666667,0.08333333333333333,-0.004820103381886209,,1,0.0,-12.868929285839515,distribution_divergence,,,,,,,,,,,,unavailable
2026-08-16-seven-token-pilot,community-signals-v1,base,PRISMA,0xadf0d31463cb2f2a88dbf0bcb22964a7d5960c25,2026-08-13T04:00:00Z,0.0,1.021793547253247,0,0,0.0,0.0,0.0,-0.027647861144486363,0,,-1.021793547253247,flat,0.043662569761626635,-19.073123241177747,2,0,0.5,0.0,0.010915642440406659,-0.1868502258189575,0,1.0,19.116785810939373,accumulation_divergence,-0.05784124058263451,5.582589612847699,5,1,0.4166666666666667,0.08333333333333333,-0.004820103381886209,,1,0.0,-5.640430853430334,distribution_divergence,,,,,,,,,,,,unavailable
2026-08-16-seven-token-pilot,community-signals-v1,base,PRISMA,0xadf0d31463cb2f2a88dbf0bcb22964a7d5960c25,2026-08-13T05:00:00Z,0.12015241007681254,-12.063404150904178,1,0,1.0,0.0,0.12015241007681254,0.12015241007681254,2,1.0,12.18355656098099,accumulation_divergence,0.14783349079281471,-15.81158959584238,2,0,0.5,0.0,0.03695837269820368,0.012104271186896831,2,1.0,15.959423086635194,accumulation_divergence,0.062241671849605495,-17.999474624500188,6,1,0.5,0.08333333333333333,0.005186805987467125,,3,0.06567242243516466,18.061716296349793,accumulation_divergence,,,,,,,,,,,,unavailable
2026-08-16-seven-token-pilot,community-signals-v1,base,PRISMA,0xadf0d31463cb2f2a88dbf0bcb22964a7d5960c25,2026-08-13T06:00:00Z,0.0,8.19916516726762,0,0,0.0,0.0,0.0,-0.12015241007681254,0,,-8.19916516726762,flat,0.14783349079281471,-3.8574489287403146,2,0,0.5,0.0,0.03695837269820368,0.019504850612617197,2,1.0,4.005282419533129,accumulation_divergence,0.062241671849605495,3.964778826534876,6,1,0.5,0.08333333333333333,0.005186805987467125,,3,0.06567242243516466,-3.9025371546852705,markup,,,,,,,,,,,,unavailable
2026-08-16-seven-token-pilot,community-signals-v1,base,PRISMA,0xadf0d31463cb2f2a88dbf0bcb22964a7d5960c25,2026-08-13T07:00:00Z,0.0,6.468305744965841,0,0,0.0,0.0,0.0,0.0,0,,-6.468305744965841,flat,0.12015241007681254,2.3361271135928785,1,0,0.25,0.0,0.030038102519203136,0.019122460078796477,2,1.0,-2.215974703516066,markup,0.062241671849605495,9.293905006705083,6,1,0.5,0.08333333333333333,0.005186805987467125,,3,0.06567242243516466,-9.231663334855478,markup,,,,,,,,,,,,unavailable
2026-08-16-seven-token-pilot,community-signals-v1,base,PRISMA,0xadf0d31463cb2f2a88dbf0bcb22964a7d5960c25,2026-08-13T08:00:00Z,0.07261019341329167,5.246414364482854,1,0,1.0,0.0,0.07261019341329167,0.07261019341329167,0,1.0,-5.173804171069563,markup,0.19284984638747726,6.61571192176118,2,0,0.5,0.0,0.048212461596869316,0.03729681915646266,2,1.0,-6.422862075373703,markup,1.0295317218193878,18.71291191362001,7,0,0.5833333333333334,0.0,0.08579431015161565,,3,1.0,-17.683380191800623,markup,,,,,,,,,,,,unavailable
2026-08-16-seven-token-pilot,community-signals-v1,base,PRISMA,0xadf0d31463cb2f2a88dbf0bcb22964a7d5960c25,2026-08-13T09:00:00Z,0.0,5.168049890477744,0,0,0.0,0.0,0.0,-0.07261019341329167,0,,-5.168049890477744,flat,0.07261019341329167,27.507397827156964,1,0,0.25,0.0,0.018152548353322917,-0.01880582434488076,0,1.0,-27.434787633743674,markup,0.32018669633888663,22.522691748721925,6,0,0.5,0.0,0.02668222469490722,,3,1.0,-22.20250505238304,markup,,,,,,,,,,,,unavailable
2026-08-16-seven-token-pilot,community-signals-v1,base,PRISMA,0xadf0d31463cb2f2a88dbf0bcb22964a7d5960c25,2026-08-13T10:00:00Z,0.0,-0.7252584235006632,0,0,0.0,0.0,0.0,0.0,0,,0.7252584235006632,flat,0.07261019341329167,16.99040328836361,1,0,0.25,0.0,0.018152548353322917,-0.01880582434488076,0,1.0,-16.91779309495032,markup,0.2905190904204602,12.233992700556318,5,0,0.4166666666666667,0.0,0.024209924201705018,,3,1.0,-11.943473610135857,markup,,,,,,,,,,,,unavailable
2026-08-16-seven-token-pilot,community-signals-v1,base,PRISMA,0xadf0d31463cb2f2a88dbf0bcb22964a7d5960c25,2026-08-13T11:00:00Z,0.0,0.3068347760624368,0,0,0.0,0.0,0.0,0.0,0,,-0.3068347760624368,flat,0.07261019341329167,10.220003698947444,1,0,0.25,0.0,0.018152548353322917,-0.011885554165880219,0,1.0,-10.147393505534152,markup,0.2365966193478064,-3.5191094481684893,4,0,0.3333333333333333,0.0,0.019716384945650534,0.028005520783391802,2,1.0,3.7557060675162957,accumulation_divergence,0.1368916475129378,75.86835513258188,8,1,0.3333333333333333,0.041666666666666664,0.005703818646372409,,3,0.13388888657979195,-75.73146348506894,markup
2026-08-16-seven-token-pilot,community-signals-v1,base,PRISMA,0xadf0d31463cb2f2a88dbf0bcb22964a7d5960c25,2026-08-13T12:00:00Z,0.0,-0.89705207561801,0,0,0.0,0.0,0.0,0.0,0,,0.89705207561801,flat,0.0,3.7862178275611447,0,0,0.0,0.0,0.0,-0.048212461596869316,0,,-3.7862178275611447,flat,0.2365966193478064,-10.452456471344796,4,0,0.3333333333333333,0.0,0.019716384945650534,0.028005520783391802,2,1.0,10.689053090692603,accumulation_divergence,0.1368916475129378,51.87822642956532,8,1,0.3333333333333333,0.041666666666666664,0.005703818646372409,,3,0.13388888657979195,-51.741334782052384,markup
2026-08-16-seven-token-pilot,community-signals-v1,base,PRISMA,0xadf0d31463cb2f2a88dbf0bcb22964a7d5960c25,2026-08-13T13:00:00Z,0.0,-1.967799807278392,0,0,0.0,0.0,0.0,0.0,0,,1.967799807278392,flat,0.0,-3.2558719695523264,0,0,0.0,0.0,0.0,-0.018152548353322917,0,,3.2558719695523264,flat,0.2205510263897148,3.851388357650798,3,0,0.25,0.0,0.0183792521991429,0.02533552497453554,2,1.0,-3.630837331261083,markup,0.1368916475129378,39.08285597805023,8,1,0.3333333333333333,0.041666666666666664,0.005703818646372409,,3,0.13388888657979195,-38.945964330537294,markup
2026-08-16-seven-token-pilot,community-signals-v1,base,PRISMA,0xadf0d31463cb2f2a88dbf0bcb22964a7d5960c25,2026-08-13T14:00:00Z,0.0,10.837417722929054,0,0,0.0,0.0,0.0,0.0,0,,-10.837417722929054,flat,0.0,8.012059870117195,0,0,0.0,0.0,0.0,-0.018152548353322917,0,,-8.012059870117195,flat,0.2205510263897148,21.48932753582018,3,0,0.25,0.0,0.0183792521991429,0.025501374895143626,2,1.0,-21.268776509430467,markup,0.13489705906122307,52.90173170326389,7,1,0.2916666666666667,0.041666666666666664,0.0056207107942176275,,3,0.13219822782846186,-52.76683464420267,markup
2026-08-16-seven-token-pilot,community-signals-v1,base,PRISMA,0xadf0d31463cb2f2a88dbf0bcb22964a7d5960c25,2026-08-13T15:00:00Z,0.639351418773626,2.518757026065166,1,0,1.0,0.0,0.639351418773626,0.639351418773626,2,1.0,-1.87940560729154,markup,0.639351418773626,10.393894358551803,1,0,0.25,0.0,0.1598378546934065,0.14168530634008358,2,1.0,-9.754542939778176,markup,0.8334342533900863,24.518664080184237,3,0,0.25,0.0,0.06945285444917386,0.07427295783106007,4,1.0,-23.68522982679415,markup,0.7751109440958359,40.470859768274295,8,1,0.3333333333333333,0.041666666666666664,0.0322962893373265,,5,0.46675746490060277,-39.69574882417846,markup
2026-08-16-seven-token-pilot,community-signals-v1,base,PRISMA,0xadf0d31463cb2f2a88dbf0bcb22964a7d5960c25,2026-08-13T16:00:00Z,0.0,0.14922136125474772,0,0,0.0,0.0,0.0,-0.639351418773626,0,,-0.14922136125474772,flat,0.639351418773626,11.559371286124364,1,0,0.25,0.0,0.1598378546934065,0.1598378546934065,2,1.0,-10.920019867350739,markup,0.8334342533900863,23.443138502000593,3,0,0.25,0.0,0.06945285444917386,0.07427295783106007,4,1.0,-22.609704248610505,markup,0.7751109440958359,30.334462329786493,8,1,0.3333333333333333,0.041666666666666664,0.0322962893373265,,5,0.46675746490060277,-29.559351385690658,markup
2026-08-16-seven-token-pilot,community-signals-v1,base,PRISMA,0xadf0d31463cb2f2a88dbf0bcb22964a7d5960c25,2026-08-13T17:00:00Z,0.05400124326069289,7.440916784833118,1,0,1.0,0.0,0.05400124326069289,0.05400124326069289,1,1.0,-7.386915541572425,markup,0.6936979197492477,22.26636863558522,2,0,0.5,0.0,0.17342447993731192,0.17342447993731192,3,1.0,-21.572670715835972,markup,0.7668118085637943,50.82280412823652,3,0,0.25,0.0,0.06390098404698286,0.05871417805951573,3,1.0,-50.055992319672725,markup,0.8295307569029964,23.675491771214972,9,1,0.375,0.041666666666666664,0.03456378153762485,,6,0.48367765988561007,-22.845961014311975,markup
2026-08-16-seven-token-pilot,community-signals-v1,base,PRISMA,0xadf0d31463cb2f2a88dbf0bcb22964a7d5960c25,2026-08-13T18:00:00Z,0.0,4.962267656364339,0,0,0.0,0.0,0.0,-0.05400124326069289,0,,-4.962267656364339,flat,0.6936979197492477,15.785405089288318,2,0,0.5,0.0,0.17342447993731192,0.17342447993731192,3,1.0,-15.09170716953907,markup,0.7668118085637943,46.31077338830036,3,0,0.25,0.0,0.06390098404698286,0.05871417805951573,3,1.0,-45.54396157973657,markup,0.8295307569029964,52.11167195253914,9,1,0.375,0.041666666666666664,0.03456378153762485,,6,0.48367765988561007,-51.28214119563614,markup
2026-08-16-seven-token-pilot,community-signals-v1,base,PRISMA,0xadf0d31463cb2f2a88dbf0bcb22964a7d5960c25,2026-08-13T19:00:00Z,-0.008684272213854705,-6.510537273079208,0,1,0.0,1.0,-0.008684272213854705,-0.008684272213854705,-1,,6.501853000865354,markdown,0.04531228143187516,5.587656614528469,1,1,0.25,0.25,0.01132807035796879,-0.1485097843354377,0,0.8390970039917239,-5.542344333096594,markup,0.7580609443251118,28.47500013758062,3,1,0.25,0.08333333333333333,0.06317174536042598,0.05798493937295886,2,0.9885879897245377,-27.716939193255506,markup,0.8207744459801214,40.4153446077316,9,2,0.375,0.08333333333333333,0.034198935249171725,,5,0.4785720843042765,-39.59457016175148,markup
2026-08-16-seven-token-pilot,community-signals-v1,base,PRISMA,0xadf0d31463cb2f2a88dbf0bcb22964a7d5960c25,2026-08-13T20:00:00Z,0.017790881080714804,-1.5515450045401336,1,0,1.0,0.0,0.017790881080714804,0.02647515329456951,1,1.0,1.5693358856208484,accumulation_divergence,0.06311122396667201,3.7945329878822154,2,1,0.5,0.25,0.015777805991668004,-0.1440600487017385,1,0.8789841316906324,-3.7314217639155434,markup,0.7028661452461504,20.176685785075456,3,1,0.25,0.08333333333333333,0.05857217877051254,-0.02722213138110311,3,0.9877116584669839,-19.473819639829305,markup,1.7396340969927593,42.665243136744536,10,1,0.4166666666666667,0.041666666666666664,0.07248475404136497,,6,0.9949472686071251,-40.92560903975178,markup
2026-08-16-seven-token-pilot,community-signals-v1,base,PRISMA,0xadf0d31463cb2f2a88dbf0bcb22964a7d5960c25,2026-08-13T21:00:00Z,0.0,-3.08645190696214,0,0,0.0,0.0,0.0,-0.017790881080714804,0,,3.08645190696214,flat,0.009105063858316775,-6.37555257779111,1,1,0.25,0.25,0.002276265964579194,-0.17114821397273272,0,0.5118270755792457,6.384657641649427,accumulation_divergence,0.7028661452461504,10.744175912958,3,1,0.25,0.08333333333333333,0.05857217877051254,0.03188995407560532,3,0.9877116584669839,-10.041309767711848,markup,1.0253033254751687,35.68674528349587,9,1,0.375,0.041666666666666664,0.0427209718947987,,6,0.9915165665116868,-34.661441958020696,markup
2026-08-16-seven-token-pilot,community-signals-v1,base,PRISMA,0xadf0d31463cb2f2a88dbf0bcb22964a7d5960c25,2026-08-13T22:00:00Z,0.0,-2.198733216592652,0,0,0.0,0.0,0.0,0.0,0,,2.198733216592652,flat,0.009105063858316775,-12.763036048665821,1,1,0.25,0.25,0.002276265964579194,-0.17114821397273272,0,0.5118270755792457,12.772141112524139,accumulation_divergence,0.7028661452461504,9.100467260604095,3,1,0.25,0.08333333333333333,0.05857217877051254,0.034362254568807524,3,0.9877116584669839,-8.397601115357944,markup,0.9954271959986549,22.44781046153923,8,1,0.3333333333333333,0.041666666666666664,0.04147613316661062,,6,0.9912667352049156,-21.452383265540576,markup
2026-08-16-seven-token-pilot,community-signals-v1,base,PRISMA,0xadf0d31463cb2f2a88dbf0bcb22964a7d5960c25,2026-08-13T23:00:00Z,0.03486769967642189,3.7440556857239793,1,0,1.0,0.0,0.03486769967642189,0.03486769967642189,0,1.0,-3.7091879860475574,markup,0.052664784028100264,-3.1942618768027065,2,0,0.5,0.0,0.013166196007025066,0.001838125649056277,1,1.0,3.2469266608308067,accumulation_divergence,0.7379789181792162,12.839020153427349,4,1,0.3333333333333333,0.08333333333333333,0.06149824318160135,0.04178185823595082,3,0.9882894865180392,-12.101041235248132,markup,0.9763215706989348,8.868091533987354,8,1,0.3333333333333333,0.041666666666666664,0.04068006544578895,,5,0.9911020995503765,-7.891769963288419,markup
2026-08-16-seven-token-pilot,community-signals-v1,base,PRISMA,0xadf0d31463cb2f2a88dbf0bcb22964a7d5960c25,2026-08-14T00:00:00Z,0.0,6.05319917948699,0,0,0.0,0.0,0.0,-0.03486769967642189,0,,-6.05319917948699,flat,0.03486769967642189,4.283589085985762,1,0,0.25,0.0,0.008716924919105473,-0.00706088107256253,0,1.0,-4.24872138630934,markup,0.7379789181792162,20.752604540892673,4,1,0.3333333333333333,0.08333333333333333,0.06149824318160135,0.04178185823595082,3,0.9882894865180392,-20.014625622713456,markup,0.9763215706989348,8.130991113240738,8,1,0.3333333333333333,0.041666666666666664,0.04068006544578895,,5,0.9911020995503765,-7.154669542541803,markup
2026-08-16-seven-token-pilot,community-signals-v1,base,PRISMA,0xadf0d31463cb2f2a88dbf0bcb22964a7d5960c25,2026-08-14T01:00:00Z,-0.15947284108381865,-5.243753865950529,0,1,0.0,1.0,-0.15947284108381865,-0.15947284108381865,0,,5.08428102486671,markdown,-0.12466074591869214,1.9622295294296155,1,1,0.25,0.25,-0.031165186479673035,-0.03344145244425223,0,0.0,-2.0868902753483076,distribution_divergence,0.5773292011479692,16.717399943186017,4,2,0.3333333333333333,0.16666666666666666,0.04811076676233076,0.02973151456318786,3,0.7731499717663287,-16.14007074203805,markup,0.7991535330164723,21.212640295950578,7,2,0.2916666666666667,0.08333333333333333,0.033298063875686346,,5,0.8247867798088327,-20.413486762934106,markup
2026-08-16-seven-token-pilot,community-signals-v1,base,PRISMA,0xadf0d31463cb2f2a88dbf0bcb22964a7d5960c25,2026-08-14T02:00:00Z,0.0,-0.0672845508736919,0,0,0.0,0.0,0.0,0.15947284108381865,0,,0.0672845508736919,flat,-0.12466074591869214,4.184360849727642,1,1,0.25,0.25,-0.031165186479673035,-0.03344145244425223,0,0.0,-4.309021595646334,distribution_divergence,0.5773292011479692,5.234197585165834,4,2,0.3333333333333333,0.16666666666666666,0.04811076676233076,0.02973151456318786,3,0.7731499717663287,-4.656868384017865,markup,0.7991535330164723,27.848318983934295,7,2,0.2916666666666667,0.08333333333333333,0.033298063875686346,,5,0.8247867798088327,-27.049165450917823,markup
2026-08-16-seven-token-pilot,community-signals-v1,base,PRISMA,0xadf0d31463cb2f2a88dbf0bcb22964a7d5960c25,2026-08-14T03:00:00Z,0.0,-9.671359854957595,0,0,0.0,0.0,0.0,0.0,0,,9.671359854957595,flat,-0.15947284108381865,-9.287991704846188,0,1,0.0,0.25,-0.03986821027095466,-0.05303440627797973,0,,9.12851886376237,markdown,-0.06162819687457466,-7.2788020419917725,3,2,0.25,0.16666666666666666,-0.005135683072881221,-0.07458853752205508,1,0.0,7.217173845117198,markdown,0.771292426013015,15.455197016454903,6,2,0.25,0.08333333333333333,0.032137184417208954,,5,0.8196402726994493,-14.683904590441887,markup
2026-08-16-seven-token-pilot,community-signals-v1,base,PRISMA,0xadf0d31463cb2f2a88dbf0bcb22964a7d5960c25,2026-08-14T04:00:00Z,0.06080313805962856,-2.7575213293152046,1,0,1.0,0.0,0.06080313805962856,0.06080313805962856,1,1.0,2.818324467374833,accumulation_divergence,-0.0987666675159149,-16.824192008696492,1,1,0.25,0.25,-0.024691666878978724,-0.0334085917980842,1,0.0,16.72542534118058,markdown,-0.0008625306925691412,-9.969952914280034,4,2,0.3333333333333333,0.16666666666666666,-7.18775577140951e-05,-0.06952473200688795,2,0.0,9.969090383587465,markdown,0.8325645340712784,11.135915717441659,7,2,0.2916666666666667,0.08333333333333333,0.0346901889196366,,6,0.8306660945187585,-10.303351183370381,markup
2026-08-16-seven-token-pilot,community-signals-v1,base,PRISMA,0xadf0d31463cb2f2a88dbf0bcb22964a7d5960c25,2026-08-14T05:00:00Z,0.0,1.3666294502590937,0,0,0.0,0.0,0.0,-0.06080313805962856,0,,-1.3666294502590937,flat,0.06080313805962856,-11.021682982746439,1,0,0.25,0.0,0.01520078451490714,0.046365970994580175,1,1.0,11.082486120806067,accumulation_divergence,-0.05483416282359155,-15.059898077714195,3,2,0.25,0.16666666666666666,-0.004569513568632629,-0.06847049761561548,1,0.0,15.005063914890602,markdown,0.7115571709045421,28.1090435485736,6,2,0.25,0.08333333333333333,0.02964821545435592,,4,0.8076016857451719,-27.397486377669058,markup
2026-08-16-seven-token-pilot,community-signals-v1,base,PRISMA,0xadf0d31463cb2f2a88dbf0bcb22964a7d5960c25,2026-08-14T06:00:00Z,-0.6385220112471224,-0.1075908188486907,0,1,0.0,1.0,-0.6385220112471224,-0.6385220112471224,0,,-0.5309311923984317,markdown,-0.578107114607529,-11.057570968713225,1,1,0.25,0.25,-0.14452677865188224,-0.1133615921722092,1,0.0,10.479463854105695,markdown,-0.6930060458714027,-19.162651431195577,3,3,0.25,0.25,-0.05775050382261689,-0.12165148786959976,1,0.0,18.469645385324174,markdown,0.06849171049858604,18.27374987761392,6,3,0.25,0.125,0.0028538212707744184,,4,0.07773657988424233,-18.205258167115332,markup
2026-08-16-seven-token-pilot,community-signals-v1,base,PRISMA,0xadf0d31463cb2f2a88dbf0bcb22964a7d5960c25,2026-08-14T07:00:00Z,-0.4337046678981826,-1.022214201320082,0,1,0.0,1.0,-0.4337046678981826,0.20481734334893975,0,,0.5885095334218993,markdown,-1.0093045049642035,-2.54115776638143,1,2,0.25,0.5,-0.2523261262410509,-0.21245791597009622,1,0.0,1.5318532614172264,markdown,-1.1151176818409714,-14.41707399103077,3,3,0.25,0.25,-0.09292647348674761,-0.1560982188471736,2,0.0,13.3019563091898,markdown,-0.3655100091451535,9.952664307768755,6,4,0.25,0.16666666666666666,-0.015229583714381397,,4,0.0,-10.318174316913908,distribution_divergence
2026-08-16-seven-token-pilot,community-signals-v1,base,PRISMA,0xadf0d31463cb2f2a88dbf0bcb22964a7d5960c25,2026-08-14T08:00:00Z,-0.0545854774587462,-1.951522571209774,0,1,0.0,1.0,-0.0545854774587462,0.3791191904394364,-1,,1.8969370937510277,markdown,-1.1234590884189655,-1.7333656689308086,0,3,0.0,0.75,-0.28086477210474137,-0.25617310522576264,-1,,0.6099065805118431,markdown,-1.1866742282687914,-14.764781331842913,2,4,0.16666666666666666,0.3333333333333333,-0.09888951902239929,-0.15746169779291183,0,0.0,13.578107103574123,markdown,-0.4921488144275177,2.4328609170531257,5,5,0.20833333333333334,0.20833333333333334,-0.02050620060114657,,3,0.0,-2.9250097314806434,distribution_divergence
2026-08-16-seven-token-pilot,community-signals-v1,base,PRISMA,0xadf0d31463cb2f2a88dbf0bcb22964a7d5960c25,2026-08-14T09:00:00Z,0.029697916521387313,-7.830541743084662,1,0,1.0,0.0,0.029697916521387313,0.08428339398013351,1,1.0,7.86023965960605,accumulation_divergence,-1.0940948158397967,-10.649268895051566,1,3,0.25,0.75,-0.2735237039599492,-0.2887244884748563,0,0.0,9.55517407921177,markdown,-1.1573287292690915,-18.937196257515552,3,4,0.25,0.3333333333333333,-0.09644406077242429,-0.15501623954293683,1,0.0,17.77986752824646,markdown,-0.46259705585018907,-10.227666023447135,6,5,0.25,0.20833333333333334,-0.01927487732709121,,4,0.0,9.765068967596946,markdown
2026-08-16-seven-token-pilot,community-signals-v1,base,PRISMA,0xadf0d31463cb2f2a88dbf0bcb22964a7d5960c25,2026-08-14T10:00:00Z,0.0,-9.099977012139803,0,0,0.0,0.0,0.0,-0.029697916521387313,0,,9.099977012139803,flat,-0.4585004307647744,-18.692685680520526,1,2,0.25,0.5,-0.1146251076911936,0.02990167096068863,0,0.0,18.23418524975575,markdown,-1.1573287292690915,-24.65730796748361,3,4,0.25,0.3333333333333333,-0.09644406077242429,-0.15501623954293683,1,0.0,23.499979238214518,markdown,-0.46259705585018907,-17.800770945806676,6,5,0.25,0.20833333333333334,-0.01927487732709121,,4,0.0,17.338173889956487,markdown
2026-08-16-seven-token-pilot,community-signals-v1,base,PRISMA,0xadf0d31463cb2f2a88dbf0bcb22964a7d5960c25,2026-08-14T11:00:00Z,0.0,10.145607632693988,0,0,0.0,0.0,0.0,0.0,0,,-10.145607632693988,flat,-0.024903771686879406,-9.518651398029665,1,1,0.25,0.25,-0.006225942921719851,0.24610018331933103,0,0.0,9.493747626342785,markdown,-1.1917808823666332,-20.008269006332924,2,4,0.16666666666666666,0.3333333333333333,-0.09931507353055276,-0.1608133167121541,1,0.0,18.81648812396629,markdown,-0.46259705585018907,-9.738114542980625,6,5,0.25,0.20833333333333334,-0.01927487732709121,-0.02497869597346362,4,0.0,9.275517487130436,markdown
2026-08-16-seven-token-pilot,community-signals-v1,base,PRISMA,0xadf0d31463cb2f2a88dbf0bcb22964a7d5960c25,2026-08-14T12:00:00Z,0.06038163935557783,-0.6150994771075391,1,0,1.0,0.0,0.06038163935557783,0.06038163935557783,1,1.0,0.6754811164631169,accumulation_divergence,0.0900974879658456,-8.28536999450139,2,0,0.5,0.0,0.0225243719914614,0.30338914409620277,2,1.0,8.375467482467236,accumulation_divergence,-1.1321188598453547,-25.037902779294253,3,4,0.25,0.3333333333333333,-0.09434323832044622,-0.15584148150204757,2,0.0,23.905783919448897,markdown,-0.40249474018052567,-9.481315187521687,7,5,0.2916666666666667,0.20833333333333334,-0.01677061417418857,-0.02247443282056098,5,0.0,9.078820447341162,markdown
2026-08-16-seven-token-pilot,community-signals-v1,base,PRISMA,0xadf0d31463cb2f2a88dbf0bcb22964a7d5960c25,2026-08-14T13:00:00Z,0.0,5.034012499746199,0,0,0.0,0.0,0.0,-0.06038163935557783,0,,-5.034012499746199,flat,0.06038163935557783,4.5157015847424375,1,0,0.25,0.0,0.015095409838894458,0.28861911379884364,1,1.0,-4.45531994538686,markup,-0.9741996025455446,-16.90711506924577,3,3,0.25,0.25,-0.08118330021212872,-0.12929406697445947,2,0.0,15.932915466700225,markdown,-0.40249474018052567,-3.016145171040241,7,5,0.2916666666666667,0.20833333333333334,-0.01677061417418857,-0.02247443282056098,5,0.0,2.6136504308597153,markdown
2026-08-16-seven-token-pilot,community-signals-v1,base,PRISMA,0xadf0d31463cb2f2a88dbf0bcb22964a7d5960c25,2026-08-14T14:00:00Z,0.0,1.014067457909218,0,0,0.0,0.0,0.0,0.0,0,,-1.014067457909218,flat,0.06038163935557783,16.144702534364107,1,0,0.25,0.0,0.015095409838894458,0.12972051753008806,1,1.0,-16.08432089500853,markup,-0.9741996025455446,-16.007983512261514,3,3,0.25,0.25,-0.08118330021212872,-0.12929406697445947,2,0.0,15.03378390971597,markdown,-0.40249474018052567,-11.61167541352821,7,5,0.2916666666666667,0.20833333333333334,-0.01677061417418857,-0.022391324968406196,5,0.0,11.209180673347685,markdown
2026-08-16-seven-token-pilot,community-signals-v1,base,PRISMA,0xadf0d31463cb2f2a88dbf0bcb22964a7d5960c25,2026-08-14T15:00:00Z,0.0,9.288201042473654,0,0,0.0,0.0,0.0,0.0,0,,-9.288201042473654,flat,0.06038163935557783,15.240597182253946,1,0,0.25,0.0,0.015095409838894458,0.02132135276061431,1,1.0,-15.180215542898368,markup,-0.9741996025455446,1.621549589756821,3,3,0.25,0.25,-0.08118330021212872,-0.0760476171392475,2,0.0,-2.5957491923023657,distribution_divergence,-1.0352274177711007,-5.775281836886082,6,5,0.25,0.20833333333333334,-0.04313447574046253,-0.07543076507778904,3,0.0,4.740054419114982,markdown
2026-08-16-seven-token-pilot,community-signals-v1,base,PRISMA,0xadf0d31463cb2f2a88dbf0bcb22964a7d5960c25,2026-08-14T16:00:00Z,0.0,5.545012896043389,0,0,0.0,0.0,0.0,0.0,0,,-5.545012896043389,flat,0.0,22.38348332347604,0,0,0.0,0.0,0.0,-0.0225243719914614,0,,-22.38348332347604,flat,-1.0343738088701149,10.29796760209698,2,3,0.16666666666666666,0.25,-0.08619781740584291,-0.08612593984812882,1,0.0,-11.332341410967095,distribution_divergence,-1.0352274177711007,-0.6986878332399415,6,5,0.25,0.20833333333333334,-0.04313447574046253,-0.07543076507778904,3,0.0,-0.3365395845311592,markdown
2026-08-16-seven-token-pilot,community-signals-v1,base,PRISMA,0xadf0d31463cb2f2a88dbf0bcb22964a7d5960c25,2026-08-14T17:00:00Z,0.0,8.562214661314037,0,0,0.0,0.0,0.0,0.0,0,,-8.562214661314037,flat,0.0,26.49447232718696,0,0,0.0,0.0,0.0,-0.015095409838894458,0,,-26.49447232718696,flat,-1.0343738088701149,18.127550461774856,2,3,0.16666666666666666,0.25,-0.08619781740584291,-0.08162830383721029,1,0.0,-19.16192427064497,distribution_divergence,-1.0886407814751475,0.3376617605311605,5,5,0.20833333333333334,0.20833333333333334,-0.04536003256146448,-0.07992381409908933,2,0.0,-1.426302542006308,distribution_divergence
2026-08-16-seven-token-pilot,community-signals-v1,base,PRISMA,0xadf0d31463cb2f2a88dbf0bcb22964a7d5960c25,2026-08-14T18:00:00Z,0.0018622050114602828,-11.053976487720796,1,0,1.0,0.0,0.0018622050114602828,0.0018622050114602828,0,1.0,11.055838692732255,accumulation_divergence,0.0018622050114602828,11.382311324860694,1,0,0.25,0.0,0.0004655512528650707,-0.014629858586029387,0,1.0,-11.380449119849235,markup,-0.39654085541787065,5.182925979560182,3,2,0.25,0.16666666666666666,-0.03304507128482256,0.024705432537794336,1,0.0,-5.579466834978053,distribution_divergence,-1.0867988491868763,-14.9729114910354,6,5,0.25,0.20833333333333334,-0.04528328538278651,-0.07984706692041135,2,0.0,13.886112641848523,markdown
2026-08-16-seven-token-pilot,community-signals-v1,base,PRISMA,0xadf0d31463cb2f2a88dbf0bcb22964a7d5960c25,2026-08-14T19:00:00Z,0.0,10.044026104504745,0,0,0.0,0.0,0.0,-0.0018622050114602828,0,,-10.044026104504745,flat,0.0018622050114602828,12.152619021055289,1,0,0.25,0.0,0.0004655512528650707,-0.014629858586029387,0,1.0,-12.150756816043828,markup,0.03732569576517797,16.942933799164493,3,1,0.25,0.08333333333333333,0.003110474647098164,0.09603694813384578,1,0.40610618334982607,-16.905608103399317,markup,-1.0782082115091463,0.08318450605682148,6,4,0.25,0.16666666666666666,-0.04492534214621443,-0.07912427739538616,3,0.0,-1.1613927175659677,distribution_divergence
2026-08-16-seven-token-pilot,community-signals-v1,base,PRISMA,0xadf0d31463cb2f2a88dbf0bcb22964a7d5960c25,2026-08-14T20:00:00Z,0.0,-0.8324012056175722,0,0,0.0,0.0,0.0,0.0,0,,0.8324012056175722,flat,0.0018622050114602828,5.375949290695137,1,0,0.25,0.0,0.0004655512528650707,0.0004655512528650707,0,1.0,-5.374087085683676,markup,0.0919613707772271,18.277715727468568,3,0,0.25,0.0,0.0076634475647689255,0.10655296658716822,2,1.0,-18.18575435669134,markup,-1.0958041393785312,0.8142696360090573,5,4,0.20833333333333334,0.16666666666666666,-0.0456585058074388,-0.11814325984880376,2,0.0,-1.9100737753875885,distribution_divergence
2026-08-16-seven-token-pilot,community-signals-v1,base,PRISMA,0xadf0d31463cb2f2a88dbf0bcb22964a7d5960c25,2026-08-14T21:00:00Z,0.0,-5.358932788887016,0,0,0.0,0.0,0.0,0.0,0,,5.358932788887016,flat,0.0018622050114602828,-8.136617050708207,1,0,0.25,0.0,0.0004655512528650707,0.0004655512528650707,0,1.0,8.138479255719666,accumulation_divergence,0.06224496879696506,21.449441663615332,2,0,0.16666666666666666,0.0,0.005187080733080422,0.10163114150550472,1,1.0,-21.387196694818368,markup,-1.0958041393785312,-1.5496774578803718,5,4,0.20833333333333334,0.16666666666666666,-0.0456585058074388,-0.0883794777022375,2,0.0,0.45387331850184065,markdown
2026-08-16-seven-token-pilot,community-signals-v1,base,PRISMA,0xadf0d31463cb2f2a88dbf0bcb22964a7d5960c25,2026-08-14T22:00:00Z,0.0,-8.809375570099398,0,0,0.0,0.0,0.0,0.0,0,,8.809375570099398,flat,0.0,-5.818394992862985,0,0,0.0,0.0,0.0,-0.0004655512528650707,0,,5.818394992862985,flat,0.06224496879696506,21.837707603736845,2,0,0.16666666666666666,0.0,0.005187080733080422,0.10163114150550472,1,1.0,-21.77546263493988,markup,-1.0958041393785312,-8.204191180638743,5,4,0.20833333333333334,0.16666666666666666,-0.0456585058074388,-0.08713463897404941,2,0.0,7.108387041260212,markdown
2026-08-16-seven-token-pilot,community-signals-v1,base,PRISMA,0xadf0d31463cb2f2a88dbf0bcb22964a7d5960c25,2026-08-14T23:00:00Z,0.00035906990818457274,8.74673266270458,1,0,1.0,0.0,0.00035906990818457274,0.00035906990818457274,0,1.0,-8.746373592796395,markup,0.00035906990818457274,-6.928688598423549,1,0,0.25,0.0,8.976747704614318e-05,-0.0003757837758189275,0,1.0,6.929047668331734,accumulation_divergence,0.06260426220809912,20.29034023039491,3,0,0.25,0.0,0.005217021850674926,0.10453209538122768,1,1.0,-20.227735968186813,markup,-1.1299227257870692,-3.7776746315356324,5,4,0.20833333333333334,0.16666666666666666,-0.047080113574461215,-0.08776017902025016,2,0.0,2.6477519057485632,markdown
2026-08-16-seven-token-pilot,community-signals-v1,base,PRISMA,0xadf0d31463cb2f2a88dbf0bcb22964a7d5960c25,2026-08-15T00:00:00Z,0.0,-13.587204023544796,0,0,0.0,0.0,0.0,-0.00035906990818457274,0,,13.587204023544796,flat,0.00035906990818457274,-18.899395153438537,1,0,0.25,0.0,8.976747704614318e-05,-0.0003757837758189275,0,1.0,18.899754223346722,accumulation_divergence,0.002221281606273884,4.589576219107694,2,0,0.16666666666666666,0.0,0.00018510680052282366,0.09452834512096904,0,1.0,-4.58735493750142,markup,-1.1299227257870692,-21.597460191908358,5,4,0.20833333333333334,0.16666666666666666,-0.047080113574461215,-0.08776017902025016,2,0.0,20.46753746612129,markdown
2026-08-16-seven-token-pilot,community-signals-v1,base,PRISMA,0xadf0d31463cb2f2a88dbf0bcb22964a7d5960c25,2026-08-15T01:00:00Z,-0.05385493269683961,-2.3453315307815137,0,1,0.0,1.0,-0.05385493269683961,-0.05385493269683961,-1,,2.291476598084674,markdown,-0.053496056165514005,-16.316955077466776,1,1,0.25,0.25,-0.013374014041378501,-0.013839565294243572,-1,0.0,16.263459021301262,markdown,-0.05163484736028234,-2.75854318107005,2,1,0.16666666666666666,0.08333333333333333,-0.004302903946690195,0.07688039626543852,-1,0.0,2.7069083337097677,markdown,-1.0253314234280664,-19.199268180457473,5,4,0.20833333333333334,0.16666666666666666,-0.0427221426428361,-0.07602020651852245,1,0.0,18.173936757029406,markdown
2026-08-16-seven-token-pilot,community-signals-v1,base,PRISMA,0xadf0d31463cb2f2a88dbf0bcb22964a7d5960c25,2026-08-15T02:00:00Z,0.0,-0.03191017145207642,0,0,0.0,0.0,0.0,0.05385493269683961,0,,0.03191017145207642,flat,-0.053496056165514005,-8.262124486569522,1,1,0.25,0.25,-0.013374014041378501,-0.013374014041378501,-1,0.0,8.208628430404008,markdown,-0.05163484736028234,-3.7654562877171394,2,1,0.16666666666666666,0.08333333333333333,-0.004302903946690195,0.07688039626543852,-1,0.0,3.713821440356857,markdown,-1.0253314234280664,-19.170666178279472,5,4,0.20833333333333334,0.16666666666666666,-0.0427221426428361,-0.07602020651852245,1,0.0,18.145334754851405,markdown
2026-08-16-seven-token-pilot,community-signals-v1,base,PRISMA,0xadf0d31463cb2f2a88dbf0bcb22964a7d5960c25,2026-08-15T03:00:00Z,0.0,-7.492271538781781,0,0,0.0,0.0,0.0,0.0,0,,7.492271538781781,flat,-0.05385493269683961,-21.961218789647784,0,1,0.0,0.25,-0.013463733174209902,-0.013553500651256045,-1,,21.907363856950944,markdown,-0.05163484736028234,-18.54162706122994,2,1,0.16666666666666666,0.08333333333333333,-0.004302903946690195,0.07688039626543852,-1,0.0,18.489992213869655,markdown,-1.0253314234280664,-17.220739149018726,5,4,0.20833333333333334,0.16666666666666666,-0.0427221426428361,-0.07485932706004506,1,0.0,16.19540772559066,markdown
2026-08-16-seven-token-pilot,community-signals-v1,base,PRISMA,0xadf0d31463cb2f2a88dbf0bcb22964a7d5960c25,2026-08-15T04:00:00Z,0.0,-4.504459788726011,0,0,0.0,0.0,0.0,0.0,0,,4.504459788726011,flat,-0.05385493269683961,-13.758657095847958,0,1,0.0,0.25,-0.013463733174209902,-0.013553500651256045,-1,,13.704802163151118,markdown,-0.05163484736028234,-26.297689345292785,2,1,0.16666666666666666,0.08333333333333333,-0.004302903946690195,0.08189491345915272,-1,0.0,26.2460544979325,markdown,-1.0854745588930625,-18.707849272074174,4,4,0.16666666666666666,0.16666666666666666,-0.04522810662054427,-0.07991829554018087,0,0.0,17.622374713181113,markdown
2026-08-16-seven-token-pilot,community-signals-v1,base,PRISMA,0xadf0d31463cb2f2a88dbf0bcb22964a7d5960c25,2026-08-15T05:00:00Z,-0.6800174819113103,-2.07789803044105,0,1,0.0,1.0,-0.6800174819113103,-0.6800174819113103,1,,1.3978805485297396,markdown,-0.6800174819113103,-13.52247971110584,0,1,0.0,0.25,-0.17000437047782757,-0.15663035643644907,1,,12.84246222919453,markdown,-0.7313012032827859,-33.52120531220015,2,2,0.16666666666666666,0.16666666666666666,-0.06094176694023216,0.025256050465610753,0,0.0,32.78990410891737,markdown,-1.7581106240421973,-21.470228258789536,4,5,0.16666666666666666,0.20833333333333334,-0.07325460933509155,-0.10290282478944747,1,0.0,19.71211763474734,markdown
2026-08-16-seven-token-pilot,community-signals-v1,base,PRISMA,0xadf0d31463cb2f2a88dbf0bcb22964a7d5960c25,2026-08-15T06:00:00Z,0.0,-6.706996123566212,0,0,0.0,0.0,0.0,0.6800174819113103,0,,6.706996123566212,flat,-0.6800174819113103,-19.2967711059307,0,1,0.0,0.25,-0.17000437047782757,-0.15663035643644907,1,,18.61675362401939,markdown,-0.7331497555427613,-30.272245957646938,1,2,0.08333333333333333,0.16666666666666666,-0.06109581296189678,-0.02805074167707422,0,0.0,29.539096202104176,markdown,-1.12678337264851,-26.65830807842201,4,4,0.16666666666666666,0.16666666666666666,-0.046949307193687916,-0.04980312846446233,1,0.0,25.5315247057735,markdown
2026-08-16-seven-token-pilot,community-signals-v1,base,PRISMA,0xadf0d31463cb2f2a88dbf0bcb22964a7d5960c25,2026-08-15T07:00:00Z,0.0,-5.999328713699869,0,0,0.0,0.0,0.0,0.0,0,,5.999328713699869,flat,-0.6800174819113103,-17.99433607112325,0,1,0.0,0.25,-0.17000437047782757,-0.15654063730361767,1,,17.31431858921194,markdown,-0.7331497555427613,-40.437878190291855,1,2,0.08333333333333333,0.16666666666666666,-0.06109581296189678,-0.06420628760899494,0,0.0,39.70472843474909,markdown,-0.6960977130248458,-30.346307322695274,4,3,0.16666666666666666,0.125,-0.02900407137603524,-0.013774487661653843,1,0.0,29.65020960967043,markdown
2026-08-16-seven-token-pilot,community-signals-v1,base,PRISMA,0xadf0d31463cb2f2a88dbf0bcb22964a7d5960c25,2026-08-15T08:00:00Z,0.0,10.671136216581424,0,0,0.0,0.0,0.0,0.0,0,,-10.671136216581424,flat,-0.6800174819113103,-4.962472769671145,0,1,0.0,0.25,-0.17000437047782757,-0.15654063730361767,1,,4.282455287759834,markdown,-0.7331497555427613,-33.528614423562765,1,2,0.08333333333333333,0.16666666666666666,-0.06109581296189678,-0.0687592605266657,0,0.0,32.79546466802,markdown,-0.6418625993305671,-21.379163527792024,4,2,0.16666666666666666,0.08333333333333333,-0.026744274972106963,-0.006238074370960394,2,0.0,20.73730092846146,markdown
2026-08-16-seven-token-pilot,community-signals-v1,base,PRISMA,0xadf0d31463cb2f2a88dbf0bcb22964a7d5960c25,2026-08-15T09:00:00Z,4.927984178504374e-05,0.09165464778191357,1,0,1.0,0.0,4.927984178504374e-05,4.927984178504374e-05,0,1.0,-0.09160536794012852,markup,4.927984178504374e-05,-2.856830452083381,1,0,0.25,0.0,1.2319960446260936e-05,0.17001669043827383,0,1.0,2.856879731925166,accumulation_divergence,-0.7331008369960146,-29.700380974834694,2,2,0.16666666666666666,0.16666666666666666,-0.06109173641633455,-0.06627881714941497,0,0.0,28.967280137838678,markdown,-0.6713121865862814,-14.621505202288043,4,2,0.16666666666666666,0.08333333333333333,-0.027971341107761727,-0.008696463780670516,1,0.0,13.950193015701762,markdown
2026-08-16-seven-token-pilot,community-signals-v1,base,PRISMA,0xadf0d31463cb2f2a88dbf0bcb22964a7d5960c25,2026-08-15T10:00:00Z,0.03784280472871604,-10.537846971028097,1,0,1.0,0.0,0.03784280472871604,0.037793524886930996,1,1.0,10.575689775756814,accumulation_divergence,0.03789210321938352,-6.84577901119151,2,0,0.5,0.0,0.00947302580484588,0.17947739628267345,1,1.0,6.883671114410894,accumulation_divergence,-0.6955354581855033,-31.03287410930805,3,2,0.25,0.16666666666666666,-0.05796128818212528,-0.0631483689152057,1,0.0,30.337338651122547,markdown,-0.6337234252174584,-15.972034814597658,5,2,0.20833333333333334,0.08333333333333333,-0.0264051427173941,-0.0071302653903028874,2,0.0,15.338311389380198,markdown
2026-08-16-seven-token-pilot,community-signals-v1,base,PRISMA,0xadf0d31463cb2f2a88dbf0bcb22964a7d5960c25,2026-08-15T11:00:00Z,0.0,5.636801944882652,0,0,0.0,0.0,0.0,-0.03784280472871604,0,,-5.636801944882652,flat,0.03789210321938352,4.685571478028061,2,0,0.5,0.0,0.00947302580484588,0.17947739628267345,1,1.0,-4.6476793748086775,markup,-0.6958920293548276,-33.00519068448838,2,2,0.16666666666666666,0.16666666666666666,-0.05799100244623564,-0.06320802429691057,1,0.0,32.30929865513355,markdown,-0.6337234252174584,-19.411715937666774,5,2,0.20833333333333334,0.08333333333333333,-0.0264051427173941,-0.0071302653903028874,2,0.0,18.777992512449316,markdown
2026-08-16-seven-token-pilot,community-signals-v1,base,PRISMA,0xadf0d31463cb2f2a88dbf0bcb22964a7d5960c25,2026-08-15T12:00:00Z,0.02359167739003354,11.513300721131525,1,0,1.0,0.0,0.02359167739003354,0.02359167739003354,1,1.0,-11.489709043741492,markup,0.061492719992162215,5.482188151998102,3,0,0.75,0.0,0.015373179998040554,0.18537755047586812,2,1.0,-5.42069543200594,markup,-0.6724645245673289,-13.545068950308291,3,2,0.25,0.16666666666666666,-0.056038710380610736,-0.05622381718113356,2,0.0,12.872604425740963,markdown,-0.6702581802918495,-9.577153994605691,5,2,0.20833333333333334,0.08333333333333333,-0.02792742417882706,-0.01115681000463849,2,0.0,8.906895814313842,markdown
2026-08-16-seven-token-pilot,community-signals-v1,base,PRISMA,0xadf0d31463cb2f2a88dbf0bcb22964a7d5960c25,2026-08-15T13:00:00Z,0.0,8.27346581948043,0,0,0.0,0.0,0.0,-0.02359167739003354,0,,-8.27346581948043,flat,0.0614434098711536,14.104638729663211,2,0,0.5,0.0,0.0153608524677884,0.015348532507342139,2,1.0,-14.043195319792058,markup,-0.6189429231651888,-4.144111401239137,3,1,0.25,0.08333333333333333,-0.051578576930432406,-0.04727567298374221,3,0.0,3.525168478073948,markdown,-0.6702581802918495,-6.78833747983435,5,2,0.20833333333333334,0.08333333333333333,-0.02792742417882706,-0.01115681000463849,2,0.0,6.118079299542501,markdown
2026-08-16-seven-token-pilot,community-signals-v1,base,PRISMA,0xadf0d31463cb2f2a88dbf0bcb22964a7d5960c25,2026-08-15T14:00:00Z,0.10156664900380363,4.334338565378282,1,0,1.0,0.0,0.10156664900380363,0.10156664900380363,1,1.0,-4.232771916374478,markup,0.1251822876700226,33.07339032233516,2,0,0.5,0.0,0.03129557191750565,0.02182254611265977,2,1.0,-32.948208034665136,markup,-0.5180049137476939,0.042531088678399165,4,1,0.3333333333333333,0.08333333333333333,-0.04316707614564116,-0.03886417219895096,4,0.0,-0.560536002426093,distribution_divergence,-0.569372290061454,-3.7245266885916117,6,2,0.25,0.08333333333333333,-0.023723845419227247,-0.0069532312450386775,3,0.0,3.1551543985301578,markdown
2026-08-16-seven-token-pilot,community-signals-v1,base,PRISMA,0xadf0d31463cb2f2a88dbf0bcb22964a7d5960c25,2026-08-15T15:00:00Z,0.6337451635352487,10.973435763664918,1,0,1.0,0.0,0.6337451635352487,0.532178514531445,1,1.0,-10.33969060012967,markup,0.7597207878989876,39.79608489562154,3,0,0.75,0.0,0.1899301969747469,0.180457171169901,3,1.0,-39.036364107722555,markup,0.1124574186998073,20.01227986111662,5,1,0.4166666666666667,0.08333333333333333,0.009371451558317275,0.01367435550500747,5,0.1419065999605662,-19.899822442416813,markup,0.060764504123023144,-2.2399494984111756,7,2,0.2916666666666667,0.08333333333333333,0.0025318543384592975,0.045666330078921825,4,0.07650195076040484,2.3007140025341988,accumulation_divergence
2026-08-16-seven-token-pilot,community-signals-v1,base,PRISMA,0xadf0d31463cb2f2a88dbf0bcb22964a7d5960c25,2026-08-15T16:00:00Z,0.0,1.667750743920382,0,0,0.0,0.0,0.0,-0.6337451635352487,0,,-1.667750743920382,flat,0.7359554862648832,27.45343759204768,2,0,0.5,0.0,0.1839888715662208,0.16861569156818024,2,1.0,-26.7174821057828,markup,0.1124574186998073,27.769092966387056,5,1,0.4166666666666667,0.08333333333333333,0.009371451558317275,0.01367435550500747,5,0.1419065999605662,-27.656635547687248,markup,0.060764504123023144,-5.8312261812117345,7,2,0.2916666666666667,0.08333333333333333,0.0025318543384592975,0.045666330078921825,4,0.07650195076040484,5.891990685334758,accumulation_divergence
2026-08-16-seven-token-pilot,community-signals-v1,base,PRISMA,0xadf0d31463cb2f2a88dbf0bcb22964a7d5960c25,2026-08-15T17:00:00Z,0.0,6.281332342799262,0,0,0.0,0.0,0.0,0.0,0,,-6.281332342799262,flat,0.7359554862648832,25.108410046993047,2,0,0.5,0.0,0.1839888715662208,0.1686280190984324,2,1.0,-24.372454560728166,markup,0.7979007653034831,38.67624529669562,5,0,0.4166666666666667,0.0,0.06649173044195693,0.1274334973821891,4,1.0,-37.87834453139214,markup,0.060764504123023144,-7.809703608460017,7,2,0.2916666666666667,0.08333333333333333,0.0025318543384592975,0.047891886899923776,4,0.07650195076040484,7.8704681125830405,accumulation_divergence
2026-08-16-seven-token-pilot,community-signals-v1,base,PRISMA,0xadf0d31463cb2f2a88dbf0bcb22964a7d5960c25,2026-08-15T18:00:00Z,0.019749187441786553,26.291457748502456,1,0,1.0,0.0,0.019749187441786553,0.019749187441786553,1,1.0,-26.27170856106067,markup,0.6536195104972942,51.437424137513666,2,0,0.5,0.0,0.16340487762432354,0.1321093057068179,2,1.0,-50.78380462701637,markup,0.8178075316630284,87.72710113188471,6,0,0.5,0.0,0.0681506276385857,0.1292464406004825,5,1.0,-86.90929360022167,markup,0.07866202220105922,30.897891348079966,7,2,0.2916666666666667,0.08333333333333333,0.0032775842583774675,0.048560869641163976,5,0.09685403314890285,-30.819229325878908,markup
2026-08-16-seven-token-pilot,community-signals-v1,base,PRISMA,0xadf0d31463cb2f2a88dbf0bcb22964a7d5960c25,2026-08-15T19:00:00Z,0.0,-5.6865285604537075,0,0,0.0,0.0,0.0,-0.019749187441786553,0,,5.6865285604537075,flat,0.019749187441786553,28.702775380306633,1,0,0.25,0.0,0.004937296860446638,-0.18499290011430025,1,1.0,-28.683026192864848,markup,0.8178075316630284,88.35178886229104,6,0,0.5,0.0,0.0681506276385857,0.1292464406004825,5,1.0,-87.53398133062802,markup,0.07866202220105922,12.186321912922104,7,2,0.2916666666666667,0.08333333333333333,0.0032775842583774675,0.048202926404591895,5,0.09685403314890285,-12.107659890721045,markup
2026-08-16-seven-token-pilot,community-signals-v1,base,PRISMA,0xadf0d31463cb2f2a88dbf0bcb22964a7d5960c25,2026-08-15T20:00:00Z,-0.1220219342103146,-2.4519590448030426,0,1,0.0,1.0,-0.1220219342103146,-0.1220219342103146,-1,,2.329937110592728,markdown,-0.10229684510902892,23.487571151921284,1,1,0.25,0.25,-0.02557421127725723,-0.20956308284347802,0,0.0,-23.58986799703031,distribution_divergence,0.6947876928844465,66.01752400885329,6,1,0.5,0.08333333333333333,0.05789897440703721,0.11899478736893399,4,0.8495736050163215,-65.32273631596884,markup,-0.04345589693023344,10.354148508379124,7,3,0.2916666666666667,0.125,-0.00181066237209306,0.043847843435345736,4,0.0,-10.397604405309357,distribution_divergence
2026-08-16-seven-token-pilot,community-signals-v1,base,PRISMA,0xadf0d31463cb2f2a88dbf0bcb22964a7d5960c25,2026-08-15T21:00:00Z,0.10539721114588563,17.151365148692356,1,0,1.0,0.0,0.10539721114588563,0.22741914535620023,1,1.0,-17.04596793754647,markup,0.002992548015012808,36.11738976589904,2,1,0.5,0.25,0.000748137003753202,-0.1832407345624676,1,0.023932997331513235,-36.114397217884026,markup,0.800867516373982,94.313698226728,6,1,0.5,0.08333333333333333,0.06673895969783183,0.1278306961141664,5,0.8668454703477809,-93.51283071035401,markup,0.0618955129122023,36.60178956709916,8,3,0.3333333333333333,0.125,0.002578979704675096,0.048237485512113897,5,0.0674594130078413,-36.53989405418696,markup
2026-08-16-seven-token-pilot,community-signals-v1,base,PRISMA,0xadf0d31463cb2f2a88dbf0bcb22964a7d5960c25,2026-08-15T22:00:00Z,0.0,1.6809041792175572,0,0,0.0,0.0,0.0,-0.10539721114588563,0,,-1.6809041792175572,flat,-0.016753330780072684,9.59204614989655,1,1,0.25,0.25,-0.004188332695018171,-0.1675932103193417,0,0.0,-9.608799480676623,distribution_divergence,0.7627360709233644,120.85308547965296,5,1,0.4166666666666667,0.08333333333333333,0.0635613392436137,0.12152262742573897,4,0.8611584637444103,-120.0903494087296,markup,0.0618955129122023,52.316025496229756,8,3,0.3333333333333333,0.125,0.002578979704675096,0.048237485512113897,5,0.0674594130078413,-52.254129983317554,markup
2026-08-16-seven-token-pilot,community-signals-v1,base,PRISMA,0xadf0d31463cb2f2a88dbf0bcb22964a7d5960c25,2026-08-15T23:00:00Z,-0.011241833901776133,11.85336083944426,0,1,0.0,1.0,-0.011241833901776133,-0.011241833901776133,-1,,-11.864602673346036,distribution_divergence,-0.02799328130024259,29.97335901260698,1,2,0.25,0.5,-0.006998320325060647,-0.011935617185507286,-1,0.0,-30.001352293907225,distribution_divergence,0.7514084914993724,133.84994062532715,5,2,0.4166666666666667,0.16666666666666666,0.06261737429161436,0.12060837673784999,3,0.8483691893589871,-133.09853213382777,markup,0.050287470344301255,56.667321806375085,7,4,0.2916666666666667,0.16666666666666666,0.0020953112643458858,0.0491754248388071,4,0.05482955660685495,-56.617034336030784,markup
2026-08-16-seven-token-pilot,community-signals-v1,base,PRISMA,0xadf0d31463cb2f2a88dbf0bcb22964a7d5960c25,2026-08-16T00:00:00Z,0.05111261006578438,9.112416315745108,1,0,1.0,0.0,0.05111261006578438,0.06235444396756051,0,1.0,-9.061303705679324,markup,0.14530425794518909,45.38177414606328,2,1,0.5,0.25,0.03632606448629727,0.0619002757635545,0,0.9281180983184604,-45.23646988811809,markup,0.7791296789070756,128.8151450268009,5,2,0.4166666666666667,0.16666666666666666,0.0649274732422563,0.12096618362286704,2,0.8530005280940446,-128.03601534789382,markup,0.10142578364873422,97.82197586417279,8,4,0.3333333333333333,0.16666666666666666,0.004226074318697259,0.051306187893158474,4,0.10474643332796386,-97.72055008052405,markup
2026-08-16-seven-token-pilot,community-signals-v1,base,PRISMA,0xadf0d31463cb2f2a88dbf0bcb22964a7d5960c25,2026-08-16T01:00:00Z,0.0,6.578109450443503,0,0,0.0,0.0,0.0,-0.05111261006578438,0,,-6.578109450443503,flat,0.03986503016928378,32.260640901389806,1,1,0.25,0.25,0.009966257542320944,0.009218120538567742,-1,0.7800327978224526,-32.220775871220525,markup,0.7791296789070756,125.23233542042824,5,2,0.4166666666666667,0.16666666666666666,0.0649274732422563,0.1165060501726887,2,0.8530005280940446,-124.45320574152117,markup,0.15536438773202654,115.89845652899311,8,3,0.3333333333333333,0.125,0.006473516155501106,0.049195658798337205,5,0.1603645603384408,-115.74309214126109,markup
2026-08-16-seven-token-pilot,community-signals-v1,base,PRISMA,0xadf0d31463cb2f2a88dbf0bcb22964a7d5960c25,2026-08-16T02:00:00Z,0.0,10.560481712333791,0,0,0.0,0.0,0.0,0.0,0,,-10.560481712333791,flat,0.03986503016928378,43.810681933613125,1,1,0.25,0.25,0.009966257542320944,0.014154590237339115,-1,0.7800327978224526,-43.770816903443844,markup,0.6768755500891288,138.67305667225227,4,2,0.3333333333333333,0.16666666666666666,0.056406295840760734,0.0995733719864019,1,0.8346097273427664,-137.99618112216314,markup,0.15536438773202654,138.77456692163696,8,3,0.3333333333333333,0.125,0.006473516155501106,0.049195658798337205,5,0.1603645603384408,-138.61920253390494,markup
2026-08-16-seven-token-pilot,community-signals-v1,base,PRISMA,0xadf0d31463cb2f2a88dbf0bcb22964a7d5960c25,2026-08-16T03:00:00Z,0.0,5.995931780972974,0,0,0.0,0.0,0.0,0.0,0,,-5.995931780972974,flat,0.05111261006578438,36.2797426667488,1,0,0.25,0.0,0.012778152516446095,0.019776472841506743,0,1.0,-36.228630056683016,markup,0.042858771164477893,127.96782724529807,3,2,0.25,0.16666666666666666,0.0035715642637064913,-0.005799887294610784,0,0.24331255986327682,-127.92496847413359,markup,0.15536438773202654,173.589386826934,8,3,0.3333333333333333,0.125,0.006473516155501106,0.049195658798337205,5,0.1603645603384408,-173.43402243920198,markup
2026-08-16-seven-token-pilot,community-signals-v1,base,PRISMA,0xadf0d31463cb2f2a88dbf0bcb22964a7d5960c25,2026-08-16T04:00:00Z,0.0,-9.314553778694368,0,0,0.0,0.0,0.0,0.0,0,,9.314553778694368,flat,0.0,13.26473825761527,0,0,0.0,0.0,0.0,-0.03632606448629727,0,,-13.26473825761527,flat,0.042858771164477893,103.34239703908877,3,2,0.25,0.16666666666666666,0.0035715642637064913,-0.005799887294610784,0,0.24331255986327682,-103.29953826792429,markup,0.15536438773202654,159.80873631295322,8,3,0.3333333333333333,0.125,0.006473516155501106,0.051701622776045376,5,0.1603645603384408,-159.6533719252212,markup
2026-08-16-seven-token-pilot,community-signals-v1,base,PRISMA,0xadf0d31463cb2f2a88dbf0bcb22964a7d5960c25,2026-08-16T05:00:00Z,0.0,-3.887699517339116,0,0,0.0,0.0,0.0,0.0,0,,3.887699517339116,flat,0.0,2.1423124658414894,0,0,0.0,0.0,0.0,-0.009966257542320944,0,,-2.1423124658414894,flat,0.042858771164477893,83.88653147524782,3,2,0.25,0.16666666666666666,0.0035715642637064913,-0.06292016617825044,0,0.24331255986327682,-83.84367270408335,markup,0.8411015069310857,155.00693745620012,8,2,0.3333333333333333,0.08333333333333333,0.03504589612212857,0.10830050545722011,4,0.8622673972823796,-154.16583594926902,markup
2026-08-16-seven-token-pilot,community-signals-v1,base,PRISMA,0xadf0d31463cb2f2a88dbf0bcb22964a7d5960c25,2026-08-16T06:00:00Z,0.0,8.160403469395705,0,0,0.0,0.0,0.0,0.0,0,,-8.160403469395705,flat,0.0,-0.0750217754338145,0,0,0.0,0.0,0.0,-0.009966257542320944,0,,0.0750217754338145,flat,0.02310502066882325,57.48683079229391,2,2,0.16666666666666666,0.16666666666666666,0.0019254183890686043,-0.0662252092495171,-1,0.14776157787243802,-57.463725771625086,markup,0.8411015069310857,195.6454621108497,8,2,0.3333333333333333,0.08333333333333333,0.03504589612212857,0.08199520331581649,4,0.8622673972823796,-194.8043606039186,markup
2026-08-16-seven-token-pilot,community-signals-v1,base,PRISMA,0xadf0d31463cb2f2a88dbf0bcb22964a7d5960c25,2026-08-16T07:00:00Z,0.0,-2.0591398271801675,0,0,0.0,0.0,0.0,0.0,0,,2.0591398271801675,flat,0.0,-7.6687363786060665,0,0,0.0,0.0,0.0,-0.012778152516446095,0,,7.6687363786060665,flat,0.02310502066882325,63.54392896645131,2,2,0.16666666666666666,0.16666666666666666,0.0019254183890686043,-0.0662252092495171,-1,0.14776157787243802,-63.52082394578249,markup,0.8411015069310857,208.0379157839856,8,2,0.3333333333333333,0.08333333333333333,0.03504589612212857,0.06404996749816382,4,0.8622673972823796,-207.1968142770545,markup
2026-08-16-seven-token-pilot,community-signals-v1,base,PRISMA,0xadf0d31463cb2f2a88dbf0bcb22964a7d5960c25,2026-08-16T08:00:00Z,0.01570932550072346,-4.079053384218323,1,0,1.0,0.0,0.01570932550072346,0.01570932550072346,1,1.0,4.094762709719046,accumulation_divergence,0.01570932550072346,-2.3382187789836806,1,0,0.25,0.0,0.003927331375180865,0.003927331375180865,1,1.0,2.353928104484404,accumulation_divergence,0.16103640976476985,60.81602793982519,3,1,0.25,0.08333333333333333,0.01341970081373082,-0.04447927359330639,1,0.9346817780727192,-60.65499153006042,markup,0.8569429638053183,166.98278779508348,9,2,0.375,0.08333333333333333,0.035705956825221596,0.06245023179732856,5,0.864468443190091,-166.12584483127816,markup
2026-08-16-seven-token-pilot,community-signals-v1,base,PRISMA,0xadf0d31463cb2f2a88dbf0bcb22964a7d5960c25,2026-08-16T09:00:00Z,0.0,0.8179036422757191,0,0,0.0,0.0,0.0,-0.01570932550072346,0,,-0.8179036422757191,flat,0.01570932550072346,2.4432460697339398,1,0,0.25,0.0,0.003927331375180865,0.003927331375180865,1,1.0,-2.4275367442332163,markup,0.05558061819737059,38.39475782798243,2,1,0.16666666666666666,0.08333333333333333,0.004631718183114216,-0.062107241514717616,0,0.8317656184615955,-38.33917720978506,markup,0.8568932616878966,168.91997208747676,8,2,0.3333333333333333,0.08333333333333333,0.03570388590366236,0.06367522701142408,5,0.8644617052282149,-168.06307882578886,markup
2026-08-16-seven-token-pilot,community-signals-v1,ethereum,CDXR,0x40aaf75454036bed56f3266ccf18f6b7befd6aca,2026-08-12T11:00:00Z,,,,,,,,,,,,unavailable,,,,,,,,,,,,unavailable,,,,,,,,,,,,unavailable,,,,,,,,,,,,unavailable
2026-08-16-seven-token-pilot,community-signals-v1,ethereum,CDXR,0x40aaf75454036bed56f3266ccf18f6b7befd6aca,2026-08-12T12:00:00Z,0.0,-0.05130567713033107,0,0,0.0,0.0,0.0,,0,,0.05130567713033107,flat,,,,,,,,,,,,unavailable,,,,,,,,,,,,unavailable,,,,,,,,,,,,unavailable
2026-08-16-seven-token-pilot,community-signals-v1,ethereum,CDXR,0x40aaf75454036bed56f3266ccf18f6b7befd6aca,2026-08-12T13:00:00Z,0.0,0.245136553631653,0,0,0.0,0.0,0.0,0.0,0,,-0.245136553631653,flat,,,,,,,,,,,,unavailable,,,,,,,,,,,,unavailable,,,,,,,,,,,,unavailable
2026-08-16-seven-token-pilot,community-signals-v1,ethereum,CDXR,0x40aaf75454036bed56f3266ccf18f6b7befd6aca,2026-08-12T14:00:00Z,0.0,-0.345382533362637,0,0,0.0,0.0,0.0,0.0,0,,0.345382533362637,flat,,,,,,,,,,,,unavailable,,,,,,,,,,,,unavailable,,,,,,,,,,,,unavailable
2026-08-16-seven-token-pilot,community-signals-v1,ethereum,CDXR,0x40aaf75454036bed56f3266ccf18f6b7befd6aca,2026-08-12T15:00:00Z,0.0,-0.4564258786397546,0,0,0.0,0.0,0.0,0.0,0,,0.4564258786397546,flat,0.0,-0.6080769794570395,0,0,0.0,0.0,0.0,,0,,0.6080769794570395,flat,,,,,,,,,,,,unavailable,,,,,,,,,,,,unavailable
2026-08-16-seven-token-pilot,community-signals-v1,ethereum,CDXR,0x40aaf75454036bed56f3266ccf18f6b7befd6aca,2026-08-12T16:00:00Z,0.0,-0.38477644251663223,0,0,0.0,0.0,0.0,0.0,0,,0.38477644251663223,flat,0.0,-0.9396901222541776,0,0,0.0,0.0,0.0,,0,,0.9396901222541776,flat,,,,,,,,,,,,unavailable,,,,,,,,,,,,unavailable
2026-08-16-seven-token-pilot,community-signals-v1,ethereum,CDXR,0x40aaf75454036bed56f3266ccf18f6b7befd6aca,2026-08-12T17:00:00Z,0.0,0.07349830795306822,0,0,0.0,0.0,0.0,0.0,0,,-0.07349830795306822,flat,0.0,-1.1092997251569314,0,0,0.0,0.0,0.0,,0,,1.1092997251569314,flat,,,,,,,,,,,,unavailable,,,,,,,,,,,,unavailable
2026-08-16-seven-token-pilot,community-signals-v1,ethereum,CDXR,0x40aaf75454036bed56f3266ccf18f6b7befd6aca,2026-08-12T18:00:00Z,0.3366283229388367,-0.4031512371937884,1,0,1.0,0.0,0.3366283229388367,0.3366283229388367,0,1.0,0.7397795601326251,accumulation_divergence,0.3366283229388367,-1.1666255944549064,1,0,0.25,0.0,0.08415708073470918,,0,1.0,1.5032539173937431,accumulation_divergence,,,,,,,,,,,,unavailable,,,,,,,,,,,,unavailable
2026-08-16-seven-token-pilot,community-signals-v1,ethereum,CDXR,0x40aaf75454036bed56f3266ccf18f6b7befd6aca,2026-08-12T19:00:00Z,0.0,0.03342245989295112,0,0,0.0,0.0,0.0,-0.3366283229388367,0,,-0.03342245989295112,flat,0.3366283229388367,-0.6802721088435382,1,0,0.25,0.0,0.08415708073470918,0.08415708073470918,0,1.0,1.0169004317823749,accumulation_divergence,,,,,,,,,,,,unavailable,,,,,,,,,,,,unavailable
2026-08-16-seven-token-pilot,community-signals-v1,ethereum,CDXR,0x40aaf75454036bed56f3266ccf18f6b7befd6aca,2026-08-12T20:00:00Z,0.0,-0.1442519317558233,0,0,0.0,0.0,0.0,0.0,0,,0.1442519317558233,flat,0.3366283229388367,-0.4404610829100264,1,0,0.25,0.0,0.08415708073470918,0.08415708073470918,0,1.0,0.7770894058488631,accumulation_divergence,,,,,,,,,,,,unavailable,,,,,,,,,,,,unavailable
2026-08-16-seven-token-pilot,community-signals-v1,ethereum,CDXR,0x40aaf75454036bed56f3266ccf18f6b7befd6aca,2026-08-12T21:00:00Z,0.0,0.005576593179523748,0,0,0.0,0.0,0.0,0.0,0,,-0.005576593179523748,flat,0.3366283229388367,-0.5080339640388565,1,0,0.25,0.0,0.08415708073470918,0.08415708073470918,0,1.0,0.8446622869776932,accumulation_divergence,,,,,,,,,,,,unavailable,,,,,,,,,,,,unavailable
2026-08-16-seven-token-pilot,community-signals-v1,ethereum,CDXR,0x40aaf75454036bed56f3266ccf18f6b7befd6aca,2026-08-12T22:00:00Z,0.0,0.04806224193092401,0,0,0.0,0.0,0.0,0.0,0,,-0.04806224193092401,flat,0.0,-0.057295645530841544,0,0,0.0,0.0,0.0,-0.08415708073470918,0,,0.057295645530841544,flat,,,,,,,,,,,,unavailable,,,,,,,,,,,,unavailable
2026-08-16-seven-token-pilot,community-signals-v1,ethereum,CDXR,0x40aaf75454036bed56f3266ccf18f6b7befd6aca,2026-08-12T23:00:00Z,0.0,-0.3296388304985909,0,0,0.0,0.0,0.0,0.0,0,,0.3296388304985909,flat,0.0,-0.42002768364242105,0,0,0.0,0.0,0.0,-0.08415708073470918,0,,0.42002768364242105,flat,0.3366283229388367,-1.698846145791777,1,0,0.08333333333333333,0.0,0.028052360244903058,,0,1.0,2.0354744687306137,accumulation_divergence,,,,,,,,,,,,unavailable
2026-08-16-seven-token-pilot,community-signals-v1,ethereum,CDXR,0x40aaf75454036bed56f3266ccf18f6b7befd6aca,2026-08-13T00:00:00Z,0.0,-0.08947259103060379,0,0,0.0,0.0,0.0,0.0,0,,0.08947259103060379,flat,0.0,-0.36539962928947567,0,0,0.0,0.0,0.0,-0.08415708073470918,0,,0.36539962928947567,flat,0.3366283229388367,-1.736383921556317,1,0,0.08333333333333333,0.0,0.028052360244903058,,0,1.0,2.0730122444951538,accumulation_divergence,,,,,,,,,,,,unavailable
2026-08-16-seven-token-pilot,community-signals-v1,ethereum,CDXR,0x40aaf75454036bed56f3266ccf18f6b7befd6aca,2026-08-13T01:00:00Z,0.0,0.21961737535913795,0,0,0.0,0.0,0.0,0.0,0,,-0.21961737535913795,flat,0.0,-0.15215284324020528,0,0,0.0,0.0,0.0,-0.08415708073470918,0,,0.15215284324020528,flat,0.3366283229388367,-1.7613986686315086,1,0,0.08333333333333333,0.0,0.028052360244903058,,0,1.0,2.0980269915703453,accumulation_divergence,,,,,,,,,,,,unavailable
2026-08-16-seven-token-pilot,community-signals-v1,ethereum,CDXR,0x40aaf75454036bed56f3266ccf18f6b7befd6aca,2026-08-13T02:00:00Z,0.0,-0.0526564935029894,0,0,0.0,0.0,0.0,0.0,0,,0.0526564935029894,flat,0.0,-0.25267002144512274,0,0,0.0,0.0,0.0,0.0,0,,0.25267002144512274,flat,0.3366283229388367,-1.4728320426173225,1,0,0.08333333333333333,0.0,0.028052360244903058,,0,1.0,1.8094603655561592,accumulation_divergence,,,,,,,,,,,,unavailable
2026-08-16-seven-token-pilot,community-signals-v1,ethereum,CDXR,0x40aaf75454036bed56f3266ccf18f6b7befd6aca,2026-08-13T03:00:00Z,0.0,-0.052684235173861005,0,0,0.0,0.0,0.0,0.0,0,,0.052684235173861005,flat,0.0,0.024498447543908064,0,0,0.0,0.0,0.0,0.0,0,,-0.024498447543908064,flat,0.3366283229388367,-1.0732128701265276,1,0,0.08333333333333333,0.0,0.028052360244903058,,0,1.0,1.4098411930653643,accumulation_divergence,,,,,,,,,,,,unavailable
2026-08-16-seven-token-pilot,community-signals-v1,ethereum,CDXR,0x40aaf75454036bed56f3266ccf18f6b7befd6aca,2026-08-13T04:00:00Z,0.0,0.1778364649942077,0,0,0.0,0.0,0.0,0.0,0,,-0.1778364649942077,flat,0.0,0.2921124313028045,0,0,0.0,0.0,0.0,0.0,0,,-0.2921124313028045,flat,0.3366283229388367,-0.5144881556683356,1,0,0.08333333333333333,0.0,0.028052360244903058,,0,1.0,0.8511164786071723,accumulation_divergence,,,,,,,,,,,,unavailable
2026-08-16-seven-token-pilot,community-signals-v1,ethereum,CDXR,0x40aaf75454036bed56f3266ccf18f6b7befd6aca,2026-08-13T05:00:00Z,1.5574270257372236,0.17858376694814826,1,0,1.0,0.0,1.5574270257372236,1.5574270257372236,0,1.0,1.3788432587890753,markup,1.5574270257372236,0.25104914074158824,1,0,0.25,0.0,0.3893567564343059,0.3893567564343059,0,1.0,1.3063778849956353,markup,1.8992980891537892,-0.4100201311434848,2,0,0.16666666666666666,0.0,0.15827484076281575,,0,1.0,2.309318220297274,accumulation_divergence,,,,,,,,,,,,unavailable
2026-08-16-seven-token-pilot,community-signals-v1,ethereum,CDXR,0x40aaf75454036bed56f3266ccf18f6b7befd6aca,2026-08-13T06:00:00Z,0.0,0.5459378299373263,0,0,0.0,0.0,0.0,-1.5574270257372236,0,,-0.5459378299373263,flat,1.5574270257372236,0.8514623866492599,1,0,0.25,0.0,0.3893567564343059,0.3893567564343059,0,1.0,0.7059646390879637,markup,1.5574270257372236,0.5390034801802335,1,0,0.08333333333333333,0.0,0.12978558547810196,,0,1.0,1.01842354555699,markup,,,,,,,,,,,,unavailable
2026-08-16-seven-token-pilot,community-signals-v1,ethereum,CDXR,0x40aaf75454036bed56f3266ccf18f6b7befd6aca,2026-08-13T07:00:00Z,0.0,-0.1556629659339559,0,0,0.0,0.0,0.0,0.0,0,,0.1556629659339559,flat,1.5574270257372236,0.7475520863835294,1,0,0.25,0.0,0.3893567564343059,0.3893567564343059,0,1.0,0.8098749393536941,markup,1.5574270257372236,0.34896239373349847,1,0,0.08333333333333333,0.0,0.12978558547810196,,0,1.0,1.2084646320037251,markup,,,,,,,,,,,,unavailable
2026-08-16-seven-token-pilot,community-signals-v1,ethereum,CDXR,0x40aaf75454036bed56f3266ccf18f6b7befd6aca,2026-08-13T08:00:00Z,0.0,1.5250812999604513,0,0,0.0,0.0,0.0,0.0,0,,-1.5250812999604513,flat,1.5574270257372236,2.102458760089787,1,0,0.25,0.0,0.3893567564343059,0.3893567564343059,0,1.0,-0.5450317343525635,markup,1.5574270257372236,2.0265409100711063,1,0,0.08333333333333333,0.0,0.12978558547810196,,0,1.0,-0.4691138843338827,markup,,,,,,,,,,,,unavailable
2026-08-16-seven-token-pilot,community-signals-v1,ethereum,CDXR,0x40aaf75454036bed56f3266ccf18f6b7befd6aca,2026-08-13T09:00:00Z,0.0,-0.11621095548877136,0,0,0.0,0.0,0.0,0.0,0,,0.11621095548877136,flat,0.0,1.8020026659975485,0,0,0.0,0.0,0.0,-0.3893567564343059,0,,-1.8020026659975485,flat,1.5574270257372236,1.9022922157498678,1,0,0.08333333333333333,0.0,0.12978558547810196,,0,1.0,-0.34486519001264426,markup,,,,,,,,,,,,unavailable
2026-08-16-seven-token-pilot,community-signals-v1,ethereum,CDXR,0x40aaf75454036bed56f3266ccf18f6b7befd6aca,2026-08-13T10:00:00Z,0.0,-0.29709424727155653,0,0,0.0,0.0,0.0,0.0,0,,0.29709424727155653,flat,0.0,0.948439054937511,0,0,0.0,0.0,0.0,-0.3893567564343059,0,,-0.948439054937511,flat,1.5574270257372236,1.5507388059714522,1,0,0.08333333333333333,0.0,0.12978558547810196,,0,1.0,0.006688219765771386,markup,,,,,,,,,,,,unavailable
2026-08-16-seven-token-pilot,community-signals-v1,ethereum,CDXR,0x40aaf75454036bed56f3266ccf18f6b7befd6aca,2026-08-13T11:00:00Z,0.0,-0.30012547241902165,0,0,0.0,0.0,0.0,0.0,0,,0.30012547241902165,flat,0.0,0.8023790482827975,0,0,0.0,0.0,0.0,-0.3893567564343059,0,,-0.8023790482827975,flat,1.5574270257372236,1.5808089620585664,1,0,0.08333333333333333,0.0,0.12978558547810196,0.1017332252331989,0,1.0,-0.023381936321342778,markup,1.8992980891537892,-0.14489269585747921,2,0,0.08333333333333333,0.0,0.07913742038140788,,0,1.0,2.0441907850112684,accumulation_divergence
2026-08-16-seven-token-pilot,community-signals-v1,ethereum,CDXR,0x40aaf75454036bed56f3266ccf18f6b7befd6aca,2026-08-13T12:00:00Z,0.0,0.10542660797743242,0,0,0.0,0.0,0.0,0.0,0,,-0.10542660797743242,flat,0.0,-0.6071698882616272,0,0,0.0,0.0,0.0,-0.3893567564343059,0,,0.6071698882616272,flat,1.5574270257372236,1.7789664417028561,1,0,0.08333333333333333,0.0,0.12978558547810196,0.1017332252331989,0,1.0,-0.22153941596563254,markup,1.8992980891537892,0.011692832882936877,2,0,0.08333333333333333,0.0,0.07913742038140788,,0,1.0,1.8876052562708523,markup
2026-08-16-seven-token-pilot,community-signals-v1,ethereum,CDXR,0x40aaf75454036bed56f3266ccf18f6b7befd6aca,2026-08-13T13:00:00Z,0.0,0.18970964517202038,0,0,0.0,0.0,0.0,0.0,0,,-0.18970964517202038,flat,0.0,-0.30275297957177427,0,0,0.0,0.0,0.0,0.0,0,,0.30275297957177427,flat,1.5574270257372236,1.7485933675804421,1,0,0.08333333333333333,0.0,0.12978558547810196,0.1017332252331989,0,1.0,-0.19116634184321857,markup,1.8992980891537892,-0.043605001347413186,2,0,0.08333333333333333,0.0,0.07913742038140788,,0,1.0,1.9429030905012024,accumulation_divergence
2026-08-16-seven-token-pilot,community-signals-v1,ethereum,CDXR,0x40aaf75454036bed56f3266ccf18f6b7befd6aca,2026-08-13T14:00:00Z,0.0,1.0337971475008478,0,0,0.0,0.0,0.0,0.0,0,,-1.0337971475008478,flat,0.0,1.028062879206293,0,0,0.0,0.0,0.0,0.0,0,,-1.028062879206293,flat,1.5574270257372236,2.8546270634539184,1,0,0.08333333333333333,0.0,0.12978558547810196,0.1017332252331989,0,1.0,-1.2972000377166948,markup,1.8992980891537892,1.3397511587488253,2,0,0.08333333333333333,0.0,0.07913742038140788,,0,1.0,0.5595469304049638,markup
2026-08-16-seven-token-pilot,community-signals-v1,ethereum,CDXR,0x40aaf75454036bed56f3266ccf18f6b7befd6aca,2026-08-13T15:00:00Z,0.0,-0.17249958310607827,0,0,0.0,0.0,0.0,0.0,0,,0.17249958310607827,flat,0.0,1.1573889834929796,0,0,0.0,0.0,0.0,0.0,0,,-1.1573889834929796,flat,1.5574270257372236,2.7313264742010457,1,0,0.08333333333333333,0.0,0.12978558547810196,0.1017332252331989,0,1.0,-1.173899448463822,markup,1.8992980891537892,1.628800656828222,2,0,0.08333333333333333,0.0,0.07913742038140788,,0,1.0,0.2704974323255671,markup
2026-08-16-seven-token-pilot,community-signals-v1,ethereum,CDXR,0x40aaf75454036bed56f3266ccf18f6b7befd6aca,2026-08-13T16:00:00Z,0.0,-0.7467076886796709,0,0,0.0,0.0,0.0,0.0,0,,0.7467076886796709,flat,0.0,0.29629999527374107,0,0,0.0,0.0,0.0,0.0,0,,-0.29629999527374107,flat,1.5574270257372236,1.7832160872885305,1,0,0.08333333333333333,0.0,0.12978558547810196,0.1017332252331989,0,1.0,-0.22578906155130696,markup,1.8992980891537892,1.2595534960611277,2,0,0.08333333333333333,0.0,0.07913742038140788,,0,1.0,0.6397445930926615,markup
2026-08-16-seven-token-pilot,community-signals-v1,ethereum,CDXR,0x40aaf75454036bed56f3266ccf18f6b7befd6aca,2026-08-13T17:00:00Z,0.0,-0.752325359986572,0,0,0.0,0.0,0.0,0.0,0,,0.752325359986572,flat,0.0,-0.646737226992411,0,0,0.0,0.0,0.0,0.0,0,,0.646737226992411,flat,0.0,0.8373959203269887,0,0,0.0,0.0,0.0,-0.15827484076281575,0,,-0.8373959203269887,flat,1.8992980891537892,0.42394229733278,2,0,0.08333333333333333,0.0,0.07913742038140788,,0,1.0,1.4753557918210092,markup
2026-08-16-seven-token-pilot,community-signals-v1,ethereum,CDXR,0x40aaf75454036bed56f3266ccf18f6b7befd6aca,2026-08-13T18:00:00Z,0.0,0.0,0,0,0.0,0.0,0.0,0.0,0,,0.0,flat,0.0,-1.663338825165428,0,0,0.0,0.0,0.0,0.0,0,,1.663338825165428,flat,0.0,0.28987555010189237,0,0,0.0,0.0,0.0,-0.12978558547810196,0,,-0.28987555010189237,flat,1.5574270257372236,0.8304414695853746,1,0,0.041666666666666664,0.0,0.06489279273905098,,0,1.0,0.726985556151849,markup
2026-08-16-seven-token-pilot,community-signals-v1,ethereum,CDXR,0x40aaf75454036bed56f3266ccf18f6b7befd6aca,2026-08-13T19:00:00Z,0.0,0.25218767879333637,0,0,0.0,0.0,0.0,0.0,0,,-0.25218767879333637,flat,0.0,-1.2449939081409123,0,0,0.0,0.0,0.0,0.0,0,,1.2449939081409123,flat,0.0,0.6995461595504127,0,0,0.0,0.0,0.0,-0.12978558547810196,0,,-0.6995461595504127,flat,1.5574270257372236,1.050949706307569,1,0,0.041666666666666664,0.0,0.06489279273905098,,0,1.0,0.5064773194296546,markup
2026-08-16-seven-token-pilot,community-signals-v1,ethereum,CDXR,0x40aaf75454036bed56f3266ccf18f6b7befd6aca,2026-08-13T20:00:00Z,0.0,0.0,0,0,0.0,0.0,0.0,0.0,0,,0.0,flat,0.0,-0.5020349530555634,0,0,0.0,0.0,0.0,0.0,0,,0.5020349530555634,flat,0.0,-0.8131341830408867,0,0,0.0,0.0,0.0,-0.12978558547810196,0,,0.8131341830408867,flat,1.5574270257372236,1.1969282301571127,1,0,0.041666666666666664,0.0,0.06489279273905098,,0,1.0,0.3604987955801109,markup
2026-08-16-seven-token-pilot,community-signals-v1,ethereum,CDXR,0x40aaf75454036bed56f3266ccf18f6b7befd6aca,2026-08-13T21:00:00Z,0.0,0.0,0,0,0.0,0.0,0.0,0.0,0,,0.0,flat,0.0,0.25218767879333637,0,0,0.0,0.0,0.0,0.0,0,,-0.25218767879333637,flat,0.0,-0.6977340709827806,0,0,0.0,0.0,0.0,-0.12978558547810196,0,,0.6977340709827806,flat,1.5574270257372236,1.191285203848147,1,0,0.041666666666666664,0.0,0.06489279273905098,,0,1.0,0.3661418218890766,markup
2026-08-16-seven-token-pilot,community-signals-v1,ethereum,CDXR,0x40aaf75454036bed56f3266ccf18f6b7befd6aca,2026-08-13T22:00:00Z,1.4020721240656897,0.0,1,0,1.0,0.0,1.4020721240656897,1.4020721240656897,0,1.0,1.4020721240656897,accumulation_divergence,1.4020721240656897,0.25218767879333637,1,0,0.25,0.0,0.3505180310164224,0.3505180310164224,0,1.0,1.1498844452723533,markup,1.4020721240656897,-0.40183364836411384,1,0,0.08333333333333333,0.0,0.11683934367214081,-0.012946241805961142,0,1.0,1.8039057724298035,accumulation_divergence,2.9813353999834646,1.142673767286717,2,0,0.08333333333333333,0.0,0.12422230833264436,,0,1.0,1.8386616326967475,markup
2026-08-16-seven-token-pilot,community-signals-v1,ethereum,CDXR,0x40aaf75454036bed56f3266ccf18f6b7befd6aca,2026-08-13T23:00:00Z,0.0,1.0830198417881132,0,0,0.0,0.0,0.0,-1.4020721240656897,0,,-1.0830198417881132,flat,1.4020721240656897,1.0830198417881132,1,0,0.25,0.0,0.3505180310164224,0.3505180310164224,0,1.0,0.31905228227757654,markup,1.4020721240656897,0.9799006591828752,1,0,0.08333333333333333,0.0,0.11683934367214081,-0.012946241805961142,0,1.0,0.42217146488281454,markup,2.9813353999834646,2.576199978681082,2,0,0.08333333333333333,0.0,0.12422230833264436,,0,1.0,0.4051354213023828,markup
2026-08-16-seven-token-pilot,community-signals-v1,ethereum,CDXR,0x40aaf75454036bed56f3266ccf18f6b7befd6aca,2026-08-14T00:00:00Z,0.0,-0.9816347423360017,0,0,0.0,0.0,0.0,0.0,0,,0.9816347423360017,flat,1.4020721240656897,0.09075380041874137,1,0,0.25,0.0,0.3505180310164224,0.3505180310164224,0,1.0,1.3113183236469483,markup,1.4020721240656897,-0.11665674918782676,1,0,0.08333333333333333,0.0,0.11683934367214081,-0.012946241805961142,0,1.0,1.5187288732535165,accumulation_divergence,2.9813353999834646,1.660234408094996,2,0,0.08333333333333333,0.0,0.12422230833264436,,0,1.0,1.3211009918884686,markup
2026-08-16-seven-token-pilot,community-signals-v1,ethereum,CDXR,0x40aaf75454036bed56f3266ccf18f6b7befd6aca,2026-08-14T01:00:00Z,0.0,-0.11896635726773575,0,0,0.0,0.0,0.0,0.0,0,,0.11896635726773575,flat,1.4020721240656897,-0.02832052333944235,1,0,0.25,0.0,0.3505180310164224,0.3505180310164224,0,1.0,1.430392647405132,accumulation_divergence,1.4020721240656897,-0.4243888627369241,1,0,0.08333333333333333,0.0,0.11683934367214081,-0.012946241805961142,0,1.0,1.8264609868026138,accumulation_divergence,2.9813353999834646,1.3167836693369406,2,0,0.08333333333333333,0.0,0.12422230833264436,,0,1.0,1.664551730646524,markup
2026-08-16-seven-token-pilot,community-signals-v1,ethereum,CDXR,0x40aaf75454036bed56f3266ccf18f6b7befd6aca,2026-08-14T02:00:00Z,0.0,0.57549275250246,0,0,0.0,0.0,0.0,0.0,0,,-0.57549275250246,flat,0.0,0.5470092466037357,0,0,0.0,0.0,0.0,-0.3505180310164224,0,,-0.5470092466037357,flat,1.4020721240656897,-0.8760787081876886,1,0,0.08333333333333333,0.0,0.11683934367214081,-0.012946241805961142,0,1.0,2.2781508322533783,accumulation_divergence,2.9813353999834646,1.9535395753651486,2,0,0.08333333333333333,0.0,0.12422230833264436,,0,1.0,1.027795824618316,markup
2026-08-16-seven-token-pilot,community-signals-v1,ethereum,CDXR,0x40aaf75454036bed56f3266ccf18f6b7befd6aca,2026-08-14T03:00:00Z,0.0,0.47951843441735864,0,0,0.0,0.0,0.0,0.0,0,,-0.47951843441735864,flat,0.0,-0.05329198778973865,0,0,0.0,0.0,0.0,-0.3505180310164224,0,,0.05329198778973865,flat,1.4020721240656897,-0.22865608035536056,1,0,0.08333333333333333,0.0,0.11683934367214081,-0.012946241805961142,0,1.0,1.6307282044210503,accumulation_divergence,2.9813353999834646,2.4964250497880647,2,0,0.08333333333333333,0.0,0.12422230833264436,,0,1.0,0.48491035019539996,markup
2026-08-16-seven-token-pilot,community-signals-v1,ethereum,CDXR,0x40aaf75454036bed56f3266ccf18f6b7befd6aca,2026-08-14T04:00:00Z,0.0,-0.9180763503838452,0,0,0.0,0.0,0.0,0.0,0,,0.9180763503838452,flat,0.0,0.01086229334423816,0,0,0.0,0.0,0.0,-0.3505180310164224,0,,-0.01086229334423816,flat,1.4020721240656897,-0.4009191991475092,1,0,0.08333333333333333,0.0,0.11683934367214081,-0.012946241805961142,0,1.0,1.8029913232131989,accumulation_divergence,2.9813353999834646,1.3751476324847856,2,0,0.08333333333333333,0.0,0.12422230833264436,,0,1.0,1.606187767498679,markup
2026-08-16-seven-token-pilot,community-signals-v1,ethereum,CDXR,0x40aaf75454036bed56f3266ccf18f6b7befd6aca,2026-08-14T05:00:00Z,0.0,-0.06724424030358778,0,0,0.0,0.0,0.0,0.0,0,,0.06724424030358778,flat,0.0,0.06265164041612259,0,0,0.0,0.0,0.0,-0.3505180310164224,0,,-0.06265164041612259,flat,1.4020721240656897,0.2865875866984835,1,0,0.08333333333333333,0.0,0.11683934367214081,0.11683934367214081,0,1.0,1.1154845373672062,markup,1.4020721240656897,1.1263833797846345,1,0,0.041666666666666664,0.0,0.05841967183607041,,0,1.0,0.27568874428105516,markup
2026-08-16-seven-token-pilot,community-signals-v1,ethereum,CDXR,0x40aaf75454036bed56f3266ccf18f6b7befd6aca,2026-08-14T06:00:00Z,0.0,0.2586556396616979,0,0,0.0,0.0,0.0,0.0,0,,-0.2586556396616979,flat,0.0,-0.2525698989598646,0,0,0.0,0.0,0.0,0.0,0,,0.2525698989598646,flat,1.4020721240656897,0.5459845013157327,1,0,0.08333333333333333,0.0,0.11683934367214081,0.11683934367214081,0,1.0,0.856087622749957,markup,1.4020721240656897,0.8374427269942863,1,0,0.041666666666666664,0.0,0.05841967183607041,,0,1.0,0.5646293970714034,markup
2026-08-16-seven-token-pilot,community-signals-v1,ethereum,CDXR,0x40aaf75454036bed56f3266ccf18f6b7befd6aca,2026-08-14T07:00:00Z,0.0,0.011947668959488844,0,0,0.0,0.0,0.0,0.0,0,,-0.011947668959488844,flat,0.0,-0.7167339691254715,0,0,0.0,0.0,0.0,0.0,0,,0.7167339691254715,flat,1.4020721240656897,0.3050404494737702,1,0,0.08333333333333333,0.0,0.11683934367214081,0.11683934367214081,0,1.0,1.0970316745919195,markup,1.4020721240656897,1.0067205077735508,1,0,0.041666666666666664,0.0,0.05841967183607041,,0,1.0,0.3953516162921389,markup
2026-08-16-seven-token-pilot,community-signals-v1,ethereum,CDXR,0x40aaf75454036bed56f3266ccf18f6b7befd6aca,2026-08-14T08:00:00Z,0.0,0.165557386536741,0,0,0.0,0.0,0.0,0.0,0,,-0.165557386536741,flat,0.0,0.369101798084448,0,0,0.0,0.0,0.0,0.0,0,,-0.369101798084448,flat,1.4020721240656897,0.4711028530065331,1,0,0.08333333333333333,0.0,0.11683934367214081,0.11683934367214081,0,1.0,0.9309692710591566,markup,1.4020721240656897,-0.3458620283694369,1,0,0.041666666666666664,0.0,0.05841967183607041,,0,1.0,1.7479341524351266,accumulation_divergence
2026-08-16-seven-token-pilot,community-signals-v1,ethereum,CDXR,0x40aaf75454036bed56f3266ccf18f6b7befd6aca,2026-08-14T09:00:00Z,0.0,0.38127068082731697,0,0,0.0,0.0,0.0,0.0,0,,-0.38127068082731697,flat,0.0,0.8195751132124673,0,0,0.0,0.0,0.0,0.0,0,,-0.8195751132124673,flat,1.4020721240656897,0.8541697108888968,1,0,0.08333333333333333,0.0,0.11683934367214081,0.11683934367214081,0,1.0,0.5479024131767929,markup,1.4020721240656897,0.1504758068092471,1,0,0.041666666666666664,0.0,0.05841967183607041,,0,1.0,1.2515963172564426,markup
2026-08-16-seven-token-pilot,community-signals-v1,ethereum,CDXR,0x40aaf75454036bed56f3266ccf18f6b7befd6aca,2026-08-14T10:00:00Z,0.0,0.1510685251504329,0,0,0.0,0.0,0.0,0.0,0,,-0.1510685251504329,flat,0.0,0.7113860785253667,0,0,0.0,0.0,0.0,0.0,0,,-0.7113860785253667,flat,0.0,1.0065286176238697,0,0,0.0,0.0,0.0,-0.11683934367214081,0,,-1.0065286176238697,flat,1.4020721240656897,0.6006503985937162,1,0,0.041666666666666664,0.0,0.05841967183607041,,0,1.0,0.8014217254719735,markup
2026-08-16-seven-token-pilot,community-signals-v1,ethereum,CDXR,0x40aaf75454036bed56f3266ccf18f6b7befd6aca,2026-08-14T11:00:00Z,0.0,0.04642500760410062,0,0,0.0,0.0,0.0,0.0,0,,-0.04642500760410062,flat,0.0,0.7461045361109475,0,0,0.0,0.0,0.0,0.0,0,,-0.7461045361109475,flat,0.0,-0.029281807784553582,0,0,0.0,0.0,0.0,-0.11683934367214081,0,,0.029281807784553582,flat,1.4020721240656897,0.9503319187708303,1,0,0.041666666666666664,0.0,0.05841967183607041,-0.02071774854533747,0,1.0,0.45174020529485936,markup
2026-08-16-seven-token-pilot,community-signals-v1,ethereum,CDXR,0x40aaf75454036bed56f3266ccf18f6b7befd6aca,2026-08-14T12:00:00Z,1.3983193465371135,-0.5503465445248934,1,0,1.0,0.0,1.3983193465371135,1.3983193465371135,0,1.0,1.948665891062007,accumulation_divergence,1.3983193465371135,0.026051314640618273,1,0,0.25,0.0,0.3495798366342784,0.3495798366342784,0,1.0,1.3722680318964953,markup,1.3983193465371135,0.40615449507508394,1,0,0.08333333333333333,0.0,0.11652661221142613,-0.00031273146071468527,0,1.0,0.9921648514620296,markup,2.81999691636603,0.2890239392566274,2,0,0.08333333333333333,0.0,0.11749987151525125,0.03836245113384337,0,1.0,2.5309729771094025,markup
2026-08-16-seven-token-pilot,community-signals-v1,ethereum,CDXR,0x40aaf75454036bed56f3266ccf18f6b7befd6aca,2026-08-14T13:00:00Z,0.0,0.10829054975962649,0,0,0.0,0.0,0.0,-1.3983193465371135,0,,-0.10829054975962649,flat,1.3983193465371135,-0.2459628211922804,1,0,0.25,0.0,0.3495798366342784,0.3495798366342784,0,1.0,1.644282167729394,accumulation_divergence,1.3983193465371135,0.6346061969134897,1,0,0.08333333333333333,0.0,0.11652661221142613,-0.00031273146071468527,0,1.0,0.7637131496236238,markup,2.81999691636603,0.20752413615463539,2,0,0.08333333333333333,0.0,0.11749987151525125,0.03836245113384337,0,1.0,2.6124727802113945,markup
2026-08-16-seven-token-pilot,community-signals-v1,ethereum,CDXR,0x40aaf75454036bed56f3266ccf18f6b7befd6aca,2026-08-14T14:00:00Z,0.0,-0.4298167423795407,0,0,0.0,0.0,0.0,0.0,0,,0.4298167423795407,flat,1.3983193465371135,-0.8245452709567225,1,0,0.25,0.0,0.3495798366342784,0.3495798366342784,0,1.0,2.222864617493836,accumulation_divergence,1.3983193465371135,-0.37129417060870473,1,0,0.08333333333333333,0.0,0.11652661221142613,-0.00031273146071468527,0,1.0,1.7696135171458183,accumulation_divergence,2.81999691636603,-1.2441200496229432,2,0,0.08333333333333333,0.0,0.11749987151525125,0.03836245113384337,0,1.0,4.064116965988973,accumulation_divergence
2026-08-16-seven-token-pilot,community-signals-v1,ethereum,CDXR,0x40aaf75454036bed56f3266ccf18f6b7befd6aca,2026-08-14T15:00:00Z,0.0,-0.515945017138908,0,0,0.0,0.0,0.0,0.0,0,,0.515945017138908,flat,1.3983193465371135,-1.3820194928055418,1,0,0.25,0.0,0.3495798366342784,0.3495798366342784,0,1.0,2.7803388393426554,accumulation_divergence,1.3983193465371135,-1.3583285127740985,1,0,0.08333333333333333,0.0,0.11652661221142613,-0.00031273146071468527,0,1.0,2.756647859311212,accumulation_divergence,2.81999691636603,-1.583878692393803,2,0,0.08333333333333333,0.0,0.11749987151525125,0.03836245113384337,0,1.0,4.403875608759833,accumulation_divergence
2026-08-16-seven-token-pilot,community-signals-v1,ethereum,CDXR,0x40aaf75454036bed56f3266ccf18f6b7befd6aca,2026-08-14T16:00:00Z,0.0,0.9254594210484246,0,0,0.0,0.0,0.0,0.0,0,,-0.9254594210484246,flat,0.0,0.08144467110402509,0,0,0.0,0.0,0.0,-0.3495798366342784,0,,-0.08144467110402509,flat,1.3983193465371135,0.4770158491667065,1,0,0.08333333333333333,0.0,0.11652661221142613,-0.00031273146071468527,0,1.0,0.9213034973704071,markup,2.81999691636603,0.07418420189690966,2,0,0.08333333333333333,0.0,0.11749987151525125,0.03836245113384337,0,1.0,2.7458127144691202,markup
2026-08-16-seven-token-pilot,community-signals-v1,ethereum,CDXR,0x40aaf75454036bed56f3266ccf18f6b7befd6aca,2026-08-14T17:00:00Z,0.0,0.0650908917810833,0,0,0.0,0.0,0.0,0.0,0,,-0.0650908917810833,flat,0.0,0.038256597908015166,0,0,0.0,0.0,0.0,-0.3495798366342784,0,,-0.038256597908015166,flat,1.3983193465371135,0.6100717132104139,1,0,0.08333333333333333,0.0,0.11652661221142613,-0.00031273146071468527,0,1.0,0.7882476333266997,markup,2.81999691636603,0.8984076897089022,2,0,0.08333333333333333,0.0,0.11749987151525125,0.03836245113384337,0,1.0,1.9215892266571277,markup
2026-08-16-seven-token-pilot,community-signals-v1,ethereum,CDXR,0x40aaf75454036bed56f3266ccf18f6b7befd6aca,2026-08-14T18:00:00Z,0.0,0.6052369940128699,0,0,0.0,0.0,0.0,0.0,0,,-0.6052369940128699,flat,0.0,1.0781760585957922,0,0,0.0,0.0,0.0,-0.3495798366342784,0,,-1.0781760585957922,flat,1.3983193465371135,0.9578678679988517,1,0,0.08333333333333333,0.0,0.11652661221142613,-0.00031273146071468527,0,1.0,0.44045147853826183,markup,2.81999691636603,1.509082179416943,2,0,0.08333333333333333,0.0,0.11749987151525125,0.05260707877620027,0,1.0,1.310914736949087,markup
2026-08-16-seven-token-pilot,community-signals-v1,ethereum,CDXR,0x40aaf75454036bed56f3266ccf18f6b7befd6aca,2026-08-14T19:00:00Z,0.0,-1.6886485740228885,0,0,0.0,0.0,0.0,0.0,0,,1.6886485740228885,flat,0.0,-0.11331876545096486,0,0,0.0,0.0,0.0,-0.3495798366342784,0,,0.11331876545096486,flat,1.3983193465371135,-0.7588127366437214,1,0,0.08333333333333333,0.0,0.11652661221142613,-0.00031273146071468527,0,1.0,2.157132083180835,accumulation_divergence,2.81999691636603,-0.45608697295247413,2,0,0.08333333333333333,0.0,0.11749987151525125,0.05260707877620027,0,1.0,3.276083889318504,accumulation_divergence
2026-08-16-seven-token-pilot,community-signals-v1,ethereum,CDXR,0x40aaf75454036bed56f3266ccf18f6b7befd6aca,2026-08-14T20:00:00Z,0.0,-0.05333248001370139,0,0,0.0,0.0,0.0,0.0,0,,0.05333248001370139,flat,0.0,-1.082036422791266,0,0,0.0,0.0,0.0,0.0,0,,1.082036422791266,flat,1.3983193465371135,-0.9756825949379655,1,0,0.08333333333333333,0.0,0.11652661221142613,-0.00031273146071468527,0,1.0,2.374001941475079,accumulation_divergence,2.81999691636603,-0.509176210472484,2,0,0.08333333333333333,0.0,0.11749987151525125,0.05260707877620027,0,1.0,3.329173126838514,accumulation_divergence
2026-08-16-seven-token-pilot,community-signals-v1,ethereum,CDXR,0x40aaf75454036bed56f3266ccf18f6b7befd6aca,2026-08-14T21:00:00Z,0.0,0.2209142863238256,0,0,0.0,0.0,0.0,0.0,0,,-0.2209142863238256,flat,0.0,-0.9279993582317014,0,0,0.0,0.0,0.0,0.0,0,,0.9279993582317014,flat,1.3983193465371135,-1.1338712928847694,1,0,0.08333333333333333,0.0,0.11652661221142613,-0.00031273146071468527,0,1.0,2.532190639421883,accumulation_divergence,2.81999691636603,-0.289386767140154,2,0,0.08333333333333333,0.0,0.11749987151525125,0.05260707877620027,0,1.0,3.109383683506184,accumulation_divergence
2026-08-16-seven-token-pilot,community-signals-v1,ethereum,CDXR,0x40aaf75454036bed56f3266ccf18f6b7befd6aca,2026-08-14T22:00:00Z,0.0,-0.0037270321642912663,0,0,0.0,0.0,0.0,0.0,0,,0.0037270321642912663,flat,0.0,-1.5276826967424717,0,0,0.0,0.0,0.0,0.0,0,,1.5276826967424717,flat,1.3983193465371135,-1.2866808207124603,1,0,0.08333333333333333,0.0,0.11652661221142613,0.11652661221142613,0,1.0,2.685000167249574,accumulation_divergence,1.3983193465371135,-0.2931030137665491,1,0,0.041666666666666664,0.0,0.058263306105713064,-0.0659590022269313,0,1.0,1.6914223603036627,accumulation_divergence
2026-08-16-seven-token-pilot,community-signals-v1,ethereum,CDXR,0x40aaf75454036bed56f3266ccf18f6b7befd6aca,2026-08-14T23:00:00Z,0.0,-0.05990096374001164,0,0,0.0,0.0,0.0,0.0,0,,0.05990096374001164,flat,0.0,0.10373167362613955,0,0,0.0,0.0,0.0,0.0,0,,-0.10373167362613955,flat,1.3983193465371135,-1.391590012075783,1,0,0.08333333333333333,0.0,0.11652661221142613,0.11652661221142613,0,1.0,2.7899093586128965,accumulation_divergence,1.3983193465371135,-1.420464337147842,1,0,0.041666666666666664,0.0,0.058263306105713064,-0.0659590022269313,0,1.0,2.8187836836849556,accumulation_divergence
2026-08-16-seven-token-pilot,community-signals-v1,ethereum,CDXR,0x40aaf75454036bed56f3266ccf18f6b7befd6aca,2026-08-15T00:00:00Z,0.0,0.07911666378090931,0,0,0.0,0.0,0.0,0.0,0,,-0.07911666378090931,flat,0.0,0.23638895855428999,0,0,0.0,0.0,0.0,0.0,0,,-0.23638895855428999,flat,0.0,-0.7674514257636322,0,0,0.0,0.0,0.0,-0.11652661221142613,0,,0.7674514257636322,flat,1.3983193465371135,-0.3644139691518111,1,0,0.041666666666666664,0.0,0.058263306105713064,-0.0659590022269313,0,1.0,1.7627333156889247,accumulation_divergence
2026-08-16-seven-token-pilot,community-signals-v1,ethereum,CDXR,0x40aaf75454036bed56f3266ccf18f6b7befd6aca,2026-08-15T01:00:00Z,0.0,0.11764956400466264,0,0,0.0,0.0,0.0,0.0,0,,-0.11764956400466264,flat,0.0,0.13310829158184045,0,0,0.0,0.0,0.0,0.0,0,,-0.13310829158184045,flat,0.0,-0.7581742836750283,0,0,0.0,0.0,0.0,-0.11652661221142613,0,,0.7581742836750283,flat,1.3983193465371135,-0.12837950774913232,1,0,0.041666666666666664,0.0,0.058263306105713064,-0.0659590022269313,0,1.0,1.5266988542862459,accumulation_divergence
2026-08-16-seven-token-pilot,community-signals-v1,ethereum,CDXR,0x40aaf75454036bed56f3266ccf18f6b7befd6aca,2026-08-15T02:00:00Z,0.0,0.05476771576091721,0,0,0.0,0.0,0.0,0.0,0,,-0.05476771576091721,flat,0.0,0.19168308396801947,0,0,0.0,0.0,0.0,0.0,0,,-0.19168308396801947,flat,0.0,-0.2751878637827554,0,0,0.0,0.0,0.0,-0.11652661221142613,0,,0.2751878637827554,flat,1.3983193465371135,-0.6454602778950158,1,0,0.041666666666666664,0.0,0.058263306105713064,-0.0659590022269313,0,1.0,2.0437796244321293,accumulation_divergence
2026-08-16-seven-token-pilot,community-signals-v1,ethereum,CDXR,0x40aaf75454036bed56f3266ccf18f6b7befd6aca,2026-08-15T03:00:00Z,0.0,0.1448739891565909,0,0,0.0,0.0,0.0,0.0,0,,-0.1448739891565909,flat,0.0,0.3969735267632224,0,0,0.0,0.0,0.0,0.0,0,,-0.3969735267632224,flat,0.0,0.3872303626376805,0,0,0.0,0.0,0.0,-0.11652661221142613,0,,-0.3872303626376805,flat,1.3983193465371135,-0.9763580105622394,1,0,0.041666666666666664,0.0,0.058263306105713064,-0.0659590022269313,0,1.0,2.374677357099353,accumulation_divergence
2026-08-16-seven-token-pilot,community-signals-v1,ethereum,CDXR,0x40aaf75454036bed56f3266ccf18f6b7befd6aca,2026-08-15T04:00:00Z,0.0,1.0535567666740908,0,0,0.0,0.0,0.0,0.0,0,,-1.0535567666740908,flat,0.0,1.374508505836336,0,0,0.0,0.0,0.0,0.0,0,,-1.374508505836336,flat,0.0,0.5146445732633564,0,0,0.0,0.0,0.0,-0.11652661221142613,0,,-0.5146445732633564,flat,1.3983193465371135,0.9941153586114027,1,0,0.041666666666666664,0.0,0.058263306105713064,-0.0659590022269313,0,1.0,0.4042039879257109,markup
2026-08-16-seven-token-pilot,community-signals-v1,ethereum,CDXR,0x40aaf75454036bed56f3266ccf18f6b7befd6aca,2026-08-15T05:00:00Z,0.0,0.013021698401693982,0,0,0.0,0.0,0.0,0.0,0,,-0.013021698401693982,flat,0.0,1.2685671608516413,0,0,0.0,0.0,0.0,0.0,0,,-1.2685671608516413,flat,0.0,0.4623414531731873,0,0,0.0,0.0,0.0,-0.11652661221142613,0,,-0.4623414531731873,flat,1.3983193465371135,1.0752337808078494,1,0,0.041666666666666664,0.0,0.058263306105713064,-0.00015636573035734264,0,1.0,0.32308556572926417,markup
2026-08-16-seven-token-pilot,community-signals-v1,ethereum,CDXR,0x40aaf75454036bed56f3266ccf18f6b7befd6aca,2026-08-15T06:00:00Z,0.0,0.0021257147712283597,0,0,0.0,0.0,0.0,0.0,0,,-0.0021257147712283597,flat,0.0,1.2152865413028513,0,0,0.0,0.0,0.0,0.0,0,,-1.2152865413028513,flat,0.0,-0.1399131916127505,0,0,0.0,0.0,0.0,-0.11652661221142613,0,,0.1399131916127505,flat,1.3983193465371135,0.8166144928805519,1,0,0.041666666666666664,0.0,0.058263306105713064,-0.00015636573035734264,0,1.0,0.5817048536565617,markup
2026-08-16-seven-token-pilot,community-signals-v1,ethereum,CDXR,0x40aaf75454036bed56f3266ccf18f6b7befd6aca,2026-08-15T07:00:00Z,0.0,-0.14348269704932415,0,0,0.0,0.0,0.0,0.0,0,,0.14348269704932415,flat,0.0,0.9238477141533696,0,0,0.0,0.0,0.0,0.0,0,,-0.9238477141533696,flat,0.0,1.4295942596617595,0,0,0.0,0.0,0.0,-0.11652661221142613,0,,-1.4295942596617595,flat,1.3983193465371135,0.6599335796934058,1,0,0.041666666666666664,0.0,0.058263306105713064,-0.00015636573035734264,0,1.0,0.7383857668437077,markup
2026-08-16-seven-token-pilot,community-signals-v1,ethereum,CDXR,0x40aaf75454036bed56f3266ccf18f6b7befd6aca,2026-08-15T08:00:00Z,0.0,0.026609049205461588,0,0,0.0,0.0,0.0,0.0,0,,-0.026609049205461588,flat,0.0,-0.10178184668936385,0,0,0.0,0.0,0.0,0.0,0,,0.10178184668936385,flat,0.0,1.5107218957740587,0,0,0.0,0.0,0.0,-0.11652661221142613,0,,-1.5107218957740587,flat,1.3983193465371135,0.5202994502411018,1,0,0.041666666666666664,0.0,0.058263306105713064,-0.00015636573035734264,0,1.0,0.8780198962960117,markup
2026-08-16-seven-token-pilot,community-signals-v1,ethereum,CDXR,0x40aaf75454036bed56f3266ccf18f6b7befd6aca,2026-08-15T09:00:00Z,0.0,-0.06171657196374358,0,0,0.0,0.0,0.0,0.0,0,,0.06171657196374358,flat,0.0,-0.17643432604232956,0,0,0.0,0.0,0.0,0.0,0,,0.17643432604232956,flat,0.0,1.224453678615034,0,0,0.0,0.0,0.0,-0.11652661221142613,0,,-1.224453678615034,flat,1.3983193465371135,0.07669865697377265,1,0,0.041666666666666664,0.0,0.058263306105713064,-0.00015636573035734264,0,1.0,1.321620689563341,markup
2026-08-16-seven-token-pilot,community-signals-v1,ethereum,CDXR,0x40aaf75454036bed56f3266ccf18f6b7befd6aca,2026-08-15T10:00:00Z,0.0,-0.05962521294713419,0,0,0.0,0.0,0.0,0.0,0,,0.05962521294713419,flat,0.0,-0.23807499362276108,0,0,0.0,0.0,0.0,0.0,0,,0.23807499362276108,flat,0.0,1.1678689415699717,0,0,0.0,0.0,0.0,-0.11652661221142613,0,,-1.1678689415699717,flat,1.3983193465371135,-0.13383862482474473,1,0,0.041666666666666664,0.0,0.058263306105713064,-0.00015636573035734264,0,1.0,1.5321579713618583,accumulation_divergence
2026-08-16-seven-token-pilot,community-signals-v1,ethereum,CDXR,0x40aaf75454036bed56f3266ccf18f6b7befd6aca,2026-08-15T11:00:00Z,0.0,0.013317139691482183,0,0,0.0,0.0,0.0,0.0,0,,-0.013317139691482183,flat,0.0,-0.08142369056869381,0,0,0.0,0.0,0.0,0.0,0,,0.08142369056869381,flat,0.0,1.2419865336429803,0,0,0.0,0.0,0.0,-0.11652661221142613,0,,-1.2419865336429803,flat,1.3983193465371135,-0.16688683898629098,1,0,0.041666666666666664,0.0,0.058263306105713064,-0.00015636573035734264,0,1.0,1.5652061855234045,accumulation_divergence
2026-08-16-seven-token-pilot,community-signals-v1,ethereum,CDXR,0x40aaf75454036bed56f3266ccf18f6b7befd6aca,2026-08-15T12:00:00Z,0.0,0.035685182127309645,0,0,0.0,0.0,0.0,0.0,0,,-0.035685182127309645,flat,0.0,-0.07235736023354367,0,0,0.0,0.0,0.0,0.0,0,,0.07235736023354367,flat,0.0,1.1980503996393166,0,0,0.0,0.0,0.0,0.0,0,,-1.1980503996393166,flat,0.0,0.4214045190022775,0,0,0.0,0.0,0.0,-0.11749987151525125,0,,-0.4214045190022775,flat
2026-08-16-seven-token-pilot,community-signals-v1,ethereum,CDXR,0x40aaf75454036bed56f3266ccf18f6b7befd6aca,2026-08-15T13:00:00Z,0.0,-0.06335853476689968,0,0,0.0,0.0,0.0,0.0,0,,0.06335853476689968,flat,0.0,-0.0739991482110236,0,0,0.0,0.0,0.0,0.0,0,,0.0739991482110236,flat,0.0,1.0150889859225742,0,0,0.0,0.0,0.0,0.0,0,,-1.0150889859225742,flat,0.0,0.24921855859985076,0,0,0.0,0.0,0.0,-0.11749987151525125,0,,-0.24921855859985076,flat
2026-08-16-seven-token-pilot,community-signals-v1,ethereum,CDXR,0x40aaf75454036bed56f3266ccf18f6b7befd6aca,2026-08-15T14:00:00Z,0.0,0.20458068950039987,0,0,0.0,0.0,0.0,0.0,0,,-0.20458068950039987,flat,0.0,0.19016875479387352,0,0,0.0,0.0,0.0,0.0,0,,-0.19016875479387352,flat,0.0,1.1663398580102458,0,0,0.0,0.0,0.0,0.0,0,,-1.1663398580102458,flat,0.0,0.8879423684877708,0,0,0.0,0.0,0.0,-0.11749987151525125,0,,-0.8879423684877708,flat
2026-08-16-seven-token-pilot,community-signals-v1,ethereum,CDXR,0x40aaf75454036bed56f3266ccf18f6b7befd6aca,2026-08-15T15:00:00Z,0.4639886342970856,0.05263577637804051,1,0,1.0,0.0,0.4639886342970856,0.4639886342970856,0,1.0,0.4113528579190451,markup,0.4639886342970856,0.22955691786552546,1,0,0.25,0.0,0.1159971585742714,0.1159971585742714,0,1.0,0.23443171643156013,markup,0.4639886342970856,1.0731608263719439,1,0,0.08333333333333333,0.0,0.038665719524757135,0.038665719524757135,0,1.0,-0.6091721920748583,markup,0.4639886342970856,1.4645467935692658,1,0,0.041666666666666664,0.0,0.019332859762378567,-0.09816701175287268,0,1.0,-1.0005581592721802,markup
2026-08-16-seven-token-pilot,community-signals-v1,ethereum,CDXR,0x40aaf75454036bed56f3266ccf18f6b7befd6aca,2026-08-15T16:00:00Z,0.0,0.036666241550897816,0,0,0.0,0.0,0.0,-0.4639886342970856,0,,-0.036666241550897816,flat,0.4639886342970856,0.23053987860757186,1,0,0.25,0.0,0.1159971585742714,0.1159971585742714,0,1.0,0.23344875568951373,markup,0.4639886342970856,0.056073027810787934,1,0,0.08333333333333333,0.0,0.038665719524757135,0.038665719524757135,0,1.0,0.40791560648629765,markup,0.4639886342970856,0.5710061778688269,1,0,0.041666666666666664,0.0,0.019332859762378567,-0.09816701175287268,0,1.0,-0.10701754357174131,markup
2026-08-16-seven-token-pilot,community-signals-v1,ethereum,CDXR,0x40aaf75454036bed56f3266ccf18f6b7befd6aca,2026-08-15T17:00:00Z,0.0,0.014342400917732867,0,0,0.0,0.0,0.0,0.0,0,,-0.014342400917732867,flat,0.4639886342970856,0.308469320887772,1,0,0.25,0.0,0.1159971585742714,0.1159971585742714,0,1.0,0.15551931340931358,markup,0.4639886342970856,0.057394298832780244,1,0,0.08333333333333333,0.0,0.038665719524757135,0.038665719524757135,0,1.0,0.40659433546430535,markup,0.4639886342970856,0.5200011096412105,1,0,0.041666666666666664,0.0,0.019332859762378567,-0.09816701175287268,0,1.0,-0.0560124753441249,markup
2026-08-16-seven-token-pilot,community-signals-v1,ethereum,CDXR,0x40aaf75454036bed56f3266ccf18f6b7befd6aca,2026-08-15T18:00:00Z,0.0,-0.03292967920112133,0,0,0.0,0.0,0.0,0.0,0,,0.03292967920112133,flat,0.4639886342970856,0.07071270967944354,1,0,0.25,0.0,0.1159971585742714,0.1159971585742714,0,1.0,0.39327592461764205,markup,0.4639886342970856,0.022319530652392672,1,0,0.08333333333333333,0.0,0.038665719524757135,0.038665719524757135,0,1.0,0.4416691036446929,markup,0.4639886342970856,-0.11762488892804734,1,0,0.041666666666666664,0.0,0.019332859762378567,-0.09816701175287268,0,1.0,0.5816135232251329,accumulation_divergence
2026-08-16-seven-token-pilot,community-signals-v1,ethereum,CDXR,0x40aaf75454036bed56f3266ccf18f6b7befd6aca,2026-08-15T19:00:00Z,0.0,-0.05366118012111176,0,0,0.0,0.0,0.0,0.0,0,,0.05366118012111176,flat,0.0,-0.03560345194087988,0,0,0.0,0.0,0.0,-0.1159971585742714,0,,0.03560345194087988,flat,0.4639886342970856,0.11229018764682408,1,0,0.08333333333333333,0.0,0.038665719524757135,0.038665719524757135,0,1.0,0.3516984466502615,markup,0.4639886342970856,1.54348974138534,1,0,0.041666666666666664,0.0,0.019332859762378567,-0.09816701175287268,0,1.0,-1.0795011070882543,markup
2026-08-16-seven-token-pilot,community-signals-v1,ethereum,CDXR,0x40aaf75454036bed56f3266ccf18f6b7befd6aca,2026-08-15T20:00:00Z,0.0,0.06272691994866353,0,0,0.0,0.0,0.0,0.0,0,,-0.06272691994866353,flat,0.0,-0.009561600612317811,0,0,0.0,0.0,0.0,-0.1159971585742714,0,,0.009561600612317811,flat,0.4639886342970856,0.1484389963605448,1,0,0.08333333333333333,0.0,0.038665719524757135,0.038665719524757135,0,1.0,0.3155496379365408,markup,0.4639886342970856,1.6614033925544947,1,0,0.041666666666666664,0.0,0.019332859762378567,-0.09816701175287268,0,1.0,-1.197414758257409,markup
2026-08-16-seven-token-pilot,community-signals-v1,ethereum,CDXR,0x40aaf75454036bed56f3266ccf18f6b7befd6aca,2026-08-15T21:00:00Z,0.0,-0.044625069726633715,0,0,0.0,0.0,0.0,0.0,0,,0.044625069726633715,flat,0.0,-0.06851497769295722,0,0,0.0,0.0,0.0,-0.1159971585742714,0,,0.06851497769295722,flat,0.4639886342970856,0.16556643952283512,1,0,0.08333333333333333,0.0,0.038665719524757135,0.038665719524757135,0,1.0,0.29842219477425047,markup,0.4639886342970856,1.3920474024971652,1,0,0.041666666666666664,0.0,0.019332859762378567,-0.09816701175287268,0,1.0,-0.9280587682000796,markup
2026-08-16-seven-token-pilot,community-signals-v1,ethereum,CDXR,0x40aaf75454036bed56f3266ccf18f6b7befd6aca,2026-08-15T22:00:00Z,28.633165919776935,0.06803046489256559,1,0,1.0,0.0,28.633165919776935,28.633165919776935,0,1.0,28.56513545488437,markup,28.633165919776935,0.032409227597551826,1,0,0.25,0.0,7.158291479944234,7.042294321369963,0,1.0,28.600756692179385,markup,29.230009189581207,0.29350975879975927,2,0,0.16666666666666666,0.0,2.435834099131767,2.435834099131767,0,1.0,28.936499430781446,markup,29.230009189581207,1.4648065096832141,2,0,0.08333333333333333,0.0,1.2179170495658835,1.1596537434601704,0,1.0,27.765202679897993,markup
2026-08-16-seven-token-pilot,community-signals-v1,ethereum,CDXR,0x40aaf75454036bed56f3266ccf18f6b7befd6aca,2026-08-15T23:00:00Z,12.630865161210014,0.018058307087032155,1,0,1.0,0.0,12.630865161210014,-16.00230075856692,0,1.0,12.612806854122983,markup,44.88064765969953,0.10419047720318098,2,0,0.5,0.0,11.220161914924882,11.220161914924882,0,1.0,44.776457182496344,markup,45.55287739813654,0.2982642088275256,3,0,0.25,0.0,3.796073116511378,3.796073116511378,0,1.0,45.25461318930901,markup,45.55287739813654,1.5439551437788301,3,0,0.125,0.0,1.898036558255689,1.8397732521499761,0,1.0,44.00892225435771,markup
2026-08-16-seven-token-pilot,community-signals-v1,ethereum,CDXR,0x40aaf75454036bed56f3266ccf18f6b7befd6aca,2026-08-16T00:00:00Z,0.0,-0.0892131716877298,0,0,0.0,0.0,0.0,-12.630865161210014,0,,0.0892131716877298,flat,44.88064765969953,-0.04781257470707345,2,0,0.5,0.0,11.220161914924882,11.220161914924882,0,1.0,44.9284602344066,accumulation_divergence,45.55287739813654,0.17303801512094097,3,0,0.25,0.0,3.796073116511378,3.796073116511378,0,1.0,45.37983938301559,markup,45.55287739813654,1.3731614973919282,3,0,0.125,0.0,1.898036558255689,1.8397732521499761,0,1.0,44.17971590074461,markup
2026-08-16-seven-token-pilot,community-signals-v1,ethereum,CDXR,0x40aaf75454036bed56f3266ccf18f6b7befd6aca,2026-08-16T01:00:00Z,0.0,-0.0302957825077943,0,0,0.0,0.0,0.0,0.0,0,,0.0302957825077943,flat,44.88064765969953,-0.03348374443890023,2,0,0.5,0.0,11.220161914924882,11.220161914924882,0,1.0,44.91413140413843,accumulation_divergence,45.55287739813654,0.20617897613759428,3,0,0.25,0.0,3.796073116511378,3.796073116511378,0,1.0,45.346698421998944,markup,45.55287739813654,1.223360862138212,3,0,0.125,0.0,1.898036558255689,1.8397732521499761,0,1.0,44.32951653599832,markup
2026-08-16-seven-token-pilot,community-signals-v1,ethereum,CDXR,0x40aaf75454036bed56f3266ccf18f6b7befd6aca,2026-08-16T02:00:00Z,0.0,-0.11058653396315288,0,0,0.0,0.0,0.0,0.0,0,,0.11058653396315288,flat,12.630865161210014,-0.2119195449305833,1,0,0.25,0.0,3.1577162903025036,-4.00057518964173,0,1.0,12.842784706140598,accumulation_divergence,45.55287739813654,-0.10899327431731498,3,0,0.25,0.0,3.796073116511378,3.796073116511378,0,1.0,45.66187067245385,accumulation_divergence,45.55287739813654,1.0560753516920096,3,0,0.125,0.0,1.898036558255689,1.8397732521499761,0,1.0,44.49680204644453,markup
2026-08-16-seven-token-pilot,community-signals-v1,ethereum,CDXR,0x40aaf75454036bed56f3266ccf18f6b7befd6aca,2026-08-16T03:00:00Z,0.0,0.16233766233753055,0,0,0.0,0.0,0.0,0.0,0,,-0.16233766233753055,flat,0.0,-0.06797194033364429,0,0,0.0,0.0,0.0,-11.220161914924882,0,,0.06797194033364429,flat,44.88064765969953,0.0005313948047591666,2,0,0.16666666666666666,0.0,3.7400539716416272,3.70138825211687,0,1.0,44.88011626489477,markup,45.55287739813654,1.0736979238975763,3,0,0.125,0.0,1.898036558255689,1.8397732521499761,0,1.0,44.47917947423896,markup
2026-08-16-seven-token-pilot,community-signals-v1,ethereum,CDXR,0x40aaf75454036bed56f3266ccf18f6b7befd6aca,2026-08-16T04:00:00Z,0.0,0.008502271700772113,0,0,0.0,0.0,0.0,0.0,0,,-0.008502271700772113,flat,0.0,0.029764277551858065,0,0,0.0,0.0,0.0,-11.220161914924882,0,,-0.029764277551858065,flat,44.88064765969953,-0.027622401768168103,2,0,0.16666666666666666,0.0,3.7400539716416272,3.70138825211687,0,1.0,44.9082700614677,accumulation_divergence,45.55287739813654,0.028435137325577564,3,0,0.125,0.0,1.898036558255689,1.8397732521499761,0,1.0,45.52444226081096,markup
2026-08-16-seven-token-pilot,community-signals-v1,ethereum,CDXR,0x40aaf75454036bed56f3266ccf18f6b7befd6aca,2026-08-16T05:00:00Z,0.0,-0.029755421065746912,0,0,0.0,0.0,0.0,0.0,0,,0.029755421065746912,flat,0.0,0.030304963633676074,0,0,0.0,0.0,0.0,-11.220161914924882,0,,-0.030304963633676074,flat,44.88064765969953,-0.07170172084142168,2,0,0.16666666666666666,0.0,3.7400539716416272,3.70138825211687,0,1.0,44.95234938054095,accumulation_divergence,45.55287739813654,-0.014348574708578088,3,0,0.125,0.0,1.898036558255689,1.8397732521499761,0,1.0,45.567225972845115,accumulation_divergence
2026-08-16-seven-token-pilot,community-signals-v1,ethereum,CDXR,0x40aaf75454036bed56f3266ccf18f6b7befd6aca,2026-08-16T06:00:00Z,0.0,-0.11879135772921989,0,0,0.0,0.0,0.0,0.0,0,,0.11879135772921989,flat,0.0,0.022088567170674978,0,0,0.0,0.0,0.0,-3.1577162903025036,0,,-0.022088567170674978,flat,44.88064765969953,-0.15753009807777385,2,0,0.16666666666666666,0.0,3.7400539716416272,3.70138825211687,0,1.0,45.0381777577773,accumulation_divergence,45.55287739813654,-0.13524572740390983,3,0,0.125,0.0,1.898036558255689,1.8397732521499761,0,1.0,45.68812312554045,accumulation_divergence
2026-08-16-seven-token-pilot,community-signals-v1,ethereum,CDXR,0x40aaf75454036bed56f3266ccf18f6b7befd6aca,2026-08-16T07:00:00Z,0.0,-0.02953360844810682,0,0,0.0,0.0,0.0,0.0,0,,0.02953360844810682,flat,0.0,-0.1695140420327257,0,0,0.0,0.0,0.0,0.0,0,,0.1695140420327257,flat,44.88064765969953,-0.13342760090766514,2,0,0.16666666666666666,0.0,3.7400539716416272,3.70138825211687,0,1.0,45.01407526060719,accumulation_divergence,45.55287739813654,-0.02128723936427601,3,0,0.125,0.0,1.898036558255689,1.8397732521499761,0,1.0,45.574164637500814,accumulation_divergence
2026-08-16-seven-token-pilot,community-signals-v1,ethereum,CDXR,0x40aaf75454036bed56f3266ccf18f6b7befd6aca,2026-08-16T08:00:00Z,0.0,0.040720513557301885,0,0,0.0,0.0,0.0,0.0,0,,-0.040720513557301885,flat,0.0,-0.13735314902676432,0,0,0.0,0.0,0.0,0.0,0,,0.13735314902676432,flat,44.88064765969953,-0.15539086779811084,2,0,0.16666666666666666,0.0,3.7400539716416272,3.70138825211687,0,1.0,45.03603852749764,accumulation_divergence,45.55287739813654,-0.007182532082150583,3,0,0.125,0.0,1.898036558255689,1.8397732521499761,0,1.0,45.560059930218685,accumulation_divergence
2026-08-16-seven-token-pilot,community-signals-v1,ethereum,CDXR,0x40aaf75454036bed56f3266ccf18f6b7befd6aca,2026-08-16T09:00:00Z,0.0,-0.016228367718740255,0,0,0.0,0.0,0.0,0.0,0,,0.016228367718740255,flat,0.0,-0.1238406548139448,0,0,0.0,0.0,0.0,0.0,0,,0.1238406548139448,flat,44.88064765969953,-0.12702563366638886,2,0,0.16666666666666666,0.0,3.7400539716416272,3.70138825211687,0,1.0,45.00767329336592,accumulation_divergence,45.55287739813654,0.038330494037519536,3,0,0.125,0.0,1.898036558255689,1.8397732521499761,0,1.0,45.51454690409902,markup
2026-08-16-seven-token-pilot,community-signals-v1,solana,CATE,Ai66LHZG9MCzg1WKdawwqduVAXpNDUuV8M3uyq5ppump,2026-08-12T11:00:00Z,,,,,,,,,,,,unavailable,,,,,,,,,,,,unavailable,,,,,,,,,,,,unavailable,,,,,,,,,,,,unavailable
2026-08-16-seven-token-pilot,community-signals-v1,solana,CATE,Ai66LHZG9MCzg1WKdawwqduVAXpNDUuV8M3uyq5ppump,2026-08-12T12:00:00Z,0.10923874720922822,-0.9682261619219812,1,0,1.0,0.0,0.10923874720922822,,0,1.0,1.0774649091312094,accumulation_divergence,,,,,,,,,,,,unavailable,,,,,,,,,,,,unavailable,,,,,,,,,,,,unavailable
2026-08-16-seven-token-pilot,community-signals-v1,solana,CATE,Ai66LHZG9MCzg1WKdawwqduVAXpNDUuV8M3uyq5ppump,2026-08-12T13:00:00Z,0.1107040427144712,0.57726610422697,1,0,1.0,0.0,0.1107040427144712,0.0014652955052429917,0,1.0,-0.4665620615124988,markup,,,,,,,,,,,,unavailable,,,,,,,,,,,,unavailable,,,,,,,,,,,,unavailable
2026-08-16-seven-token-pilot,community-signals-v1,solana,CATE,Ai66LHZG9MCzg1WKdawwqduVAXpNDUuV8M3uyq5ppump,2026-08-12T14:00:00Z,-0.0859534171400167,-4.413010827090613,0,1,0.0,1.0,-0.0859534171400167,-0.1966574598544879,0,,4.327057409950596,markdown,,,,,,,,,,,,unavailable,,,,,,,,,,,,unavailable,,,,,,,,,,,,unavailable
2026-08-16-seven-token-pilot,community-signals-v1,solana,CATE,Ai66LHZG9MCzg1WKdawwqduVAXpNDUuV8M3uyq5ppump,2026-08-12T15:00:00Z,0.263025021668839,-0.2776931126558524,1,0,1.0,0.0,0.263025021668839,0.3489784388088557,0,1.0,0.5407181343246914,accumulation_divergence,0.3972984200128815,-5.056446253799097,3,1,0.75,0.25,0.09932460500322038,,0,0.8218136829312678,5.453744673811978,accumulation_divergence,,,,,,,,,,,,unavailable,,,,,,,,,,,,unavailable
2026-08-16-seven-token-pilot,community-signals-v1,solana,CATE,Ai66LHZG9MCzg1WKdawwqduVAXpNDUuV8M3uyq5ppump,2026-08-12T16:00:00Z,0.0,0.8101157459597275,0,0,0.0,0.0,0.0,-0.263025021668839,0,,-0.8101157459597275,flat,0.2877453433953736,-3.3515176842457306,2,1,0.5,0.25,0.0719363358488434,,0,0.7697967577244706,3.639263027641104,accumulation_divergence,,,,,,,,,,,,unavailable,,,,,,,,,,,,unavailable
2026-08-16-seven-token-pilot,community-signals-v1,solana,CATE,Ai66LHZG9MCzg1WKdawwqduVAXpNDUuV8M3uyq5ppump,2026-08-12T17:00:00Z,-2.9662722805547603,-1.3261253681261298,0,1,0.0,1.0,-2.9662722805547603,-2.9662722805547603,-3,,-1.6401469124286305,markdown,-2.7946724748233343,-5.180558223735455,1,2,0.25,0.5,-0.6986681187058336,,-3,0.0,2.3858857489121204,markdown,,,,,,,,,,,,unavailable,,,,,,,,,,,,unavailable
2026-08-16-seven-token-pilot,community-signals-v1,solana,CATE,Ai66LHZG9MCzg1WKdawwqduVAXpNDUuV8M3uyq5ppump,2026-08-12T18:00:00Z,0.0027022602832715847,-7.399889504025059,1,0,1.0,0.0,0.0027022602832715847,2.968974540838032,0,1.0,7.4025917643083305,accumulation_divergence,-2.7084202965197424,-8.143452768808324,2,1,0.5,0.25,-0.6771050741299356,,-3,0.0,5.435032472288581,markdown,,,,,,,,,,,,unavailable,,,,,,,,,,,,unavailable
2026-08-16-seven-token-pilot,community-signals-v1,solana,CATE,Ai66LHZG9MCzg1WKdawwqduVAXpNDUuV8M3uyq5ppump,2026-08-12T19:00:00Z,0.12888478395787217,-3.0544622491653017,1,0,1.0,0.0,0.12888478395787217,0.1261825236746006,0,1.0,3.183347033123174,accumulation_divergence,-2.8385850868388074,-10.701199709280129,2,1,0.5,0.25,-0.7096462717097018,-0.8089708767129222,-3,0.0,7.862614622441321,markdown,,,,,,,,,,,,unavailable,,,,,,,,,,,,unavailable
2026-08-16-seven-token-pilot,community-signals-v1,solana,CATE,Ai66LHZG9MCzg1WKdawwqduVAXpNDUuV8M3uyq5ppump,2026-08-12T20:00:00Z,0.08899008172704725,-0.9543683936049319,1,0,1.0,0.0,0.08899008172704725,-0.03989470223082492,0,1.0,1.0433584753319791,accumulation_divergence,-2.752121064300439,-12.26420075961313,3,1,0.75,0.25,-0.6880302660751098,-0.7599666019239532,-3,0.0,9.512079695312691,markdown,,,,,,,,,,,,unavailable,,,,,,,,,,,,unavailable
2026-08-16-seven-token-pilot,community-signals-v1,solana,CATE,Ai66LHZG9MCzg1WKdawwqduVAXpNDUuV8M3uyq5ppump,2026-08-12T21:00:00Z,0.11445815237369761,-0.7264314866264221,1,0,1.0,0.0,0.11445815237369761,0.025468070646650354,0,1.0,0.8408896390001197,accumulation_divergence,0.33540847018445064,-11.730983409131678,4,0,1.0,0.0,0.08385211754611266,0.7825202362519462,0,1.0,12.066391879316129,accumulation_divergence,,,,,,,,,,,,unavailable,,,,,,,,,,,,unavailable
2026-08-16-seven-token-pilot,community-signals-v1,solana,CATE,Ai66LHZG9MCzg1WKdawwqduVAXpNDUuV8M3uyq5ppump,2026-08-12T22:00:00Z,0.17701292922327472,-0.9717256579586997,1,0,1.0,0.0,0.17701292922327472,0.06255477684957711,0,1.0,1.1487385871819744,accumulation_divergence,0.5102990658733875,-5.60347774916905,4,0,1.0,0.0,0.12757476646834687,0.8046798405982825,0,1.0,6.113776815042438,accumulation_divergence,,,,,,,,,,,,unavailable,,,,,,,,,,,,unavailable
2026-08-16-seven-token-pilot,community-signals-v1,solana,CATE,Ai66LHZG9MCzg1WKdawwqduVAXpNDUuV8M3uyq5ppump,2026-08-12T23:00:00Z,1.729329120590406,0.29133809583197223,1,0,1.0,0.0,1.729329120590406,1.5523161913671313,1,1.0,1.4379910247584338,markup,2.116839868363085,-2.345649446384135,4,0,1.0,0.0,0.5292099670907713,1.2388562388004731,1,1.0,4.46248931474722,accumulation_divergence,-0.38764131149774395,-17.205268181169806,9,2,0.75,0.16666666666666666,-0.032303442624811995,,-2,0.0,16.81762686967206,markdown,,,,,,,,,,,,unavailable
2026-08-16-seven-token-pilot,community-signals-v1,solana,CATE,Ai66LHZG9MCzg1WKdawwqduVAXpNDUuV8M3uyq5ppump,2026-08-13T00:00:00Z,0.0,7.932756265279672,0,0,0.0,0.0,0.0,-1.729329120590406,0,,-7.932756265279672,flat,2.026046805927617,6.416638932989116,3,0,0.75,0.0,0.5065117014819043,1.1945419675570141,1,1.0,-4.390592127061499,markup,-0.49633786544083236,-9.763672171900728,8,2,0.6666666666666666,0.16666666666666666,-0.04136148878673603,,-2,0.0,9.267334306459896,markdown,,,,,,,,,,,,unavailable
2026-08-16-seven-token-pilot,community-signals-v1,solana,CATE,Ai66LHZG9MCzg1WKdawwqduVAXpNDUuV8M3uyq5ppump,2026-08-13T01:00:00Z,0.04238935031581903,-5.406045798931258,1,0,1.0,0.0,0.04238935031581903,0.04238935031581903,0,1.0,5.448435149247077,accumulation_divergence,1.9526019198671696,1.400310477433453,3,0,0.75,0.0,0.4881504799667924,0.40429836242067974,1,1.0,0.5522914424337166,markup,-0.5642383176078902,-15.13180470626143,8,2,0.6666666666666666,0.16666666666666666,-0.04701985980065752,,-2,0.0,14.56756638865354,markdown,,,,,,,,,,,,unavailable
2026-08-16-seven-token-pilot,community-signals-v1,solana,CATE,Ai66LHZG9MCzg1WKdawwqduVAXpNDUuV8M3uyq5ppump,2026-08-13T02:00:00Z,0.0,-2.820967895848181,0,0,0.0,0.0,0.0,-0.04238935031581903,0,,2.820967895848181,flat,1.7724515222852455,-0.49322688162735107,2,0,0.5,0.0,0.4431128805713114,0.3155381141029645,1,1.0,2.2656784039125966,accumulation_divergence,-0.4786963563438662,-13.718287954935693,8,1,0.6666666666666666,0.08333333333333333,-0.039891363028655515,,-2,0.0,13.239591598591828,markdown,,,,,,,,,,,,unavailable
2026-08-16-seven-token-pilot,community-signals-v1,solana,CATE,Ai66LHZG9MCzg1WKdawwqduVAXpNDUuV8M3uyq5ppump,2026-08-13T03:00:00Z,-0.15114248966157096,-2.3387352135554096,0,1,0.0,1.0,-0.15114248966157096,-0.15114248966157096,0,,2.1875927238938386,markdown,-0.10881720766516834,-3.1027254988641007,1,1,0.25,0.25,-0.027204301916292084,-0.5564142690070634,0,0.0,2.9939082911989323,markdown,-0.8897999575522286,-15.501542340170326,7,2,0.5833333333333334,0.16666666666666666,-0.07414999646268572,,-2,0.0,14.611742382618097,markdown,,,,,,,,,,,,unavailable
2026-08-16-seven-token-pilot,community-signals-v1,solana,CATE,Ai66LHZG9MCzg1WKdawwqduVAXpNDUuV8M3uyq5ppump,2026-08-13T04:00:00Z,0.0,0.28476547112374906,0,0,0.0,0.0,0.0,0.15114248966157096,0,,-0.28476547112374906,flat,-0.10881720766516834,-9.968754765661181,1,1,0.25,0.25,-0.027204301916292084,-0.5337160033981964,0,0.0,9.859937557996012,markdown,-0.8897999575522286,-15.941887910913177,7,2,0.5833333333333334,0.16666666666666666,-0.07414999646268572,,-2,0.0,15.05208795336095,markdown,,,,,,,,,,,,unavailable
2026-08-16-seven-token-pilot,community-signals-v1,solana,CATE,Ai66LHZG9MCzg1WKdawwqduVAXpNDUuV8M3uyq5ppump,2026-08-13T05:00:00Z,0.23089755456608962,-0.45800073910787775,1,0,1.0,0.0,0.23089755456608962,0.23089755456608962,1,1.0,0.6888982936739674,accumulation_divergence,0.07940608059198162,-5.259377068386694,1,1,0.25,0.25,0.019851520147995405,-0.468298959818797,1,0.3444223510241701,5.338783148978676,accumulation_divergence,2.375787682702968,-15.202351557997517,8,1,0.6666666666666666,0.08333333333333333,0.19798230689191398,,2,0.9388987304445633,17.578139240700484,accumulation_divergence,,,,,,,,,,,,unavailable
2026-08-16-seven-token-pilot,community-signals-v1,solana,CATE,Ai66LHZG9MCzg1WKdawwqduVAXpNDUuV8M3uyq5ppump,2026-08-13T06:00:00Z,0.0,2.219013659287006,0,0,0.0,0.0,0.0,-0.23089755456608962,0,,-2.219013659287006,flat,0.07940608059198162,-0.34585836215389465,1,1,0.25,0.25,0.019851520147995405,-0.42326136042331597,1,0.3444223510241701,0.42526444274587627,accumulation_divergence,2.373021297207667,-6.393934759448916,7,1,0.5833333333333334,0.08333333333333333,0.19775177476730557,,2,0.9388334094818518,8.766956056656582,accumulation_divergence,,,,,,,,,,,,unavailable
2026-08-16-seven-token-pilot,community-signals-v1,solana,CATE,Ai66LHZG9MCzg1WKdawwqduVAXpNDUuV8M3uyq5ppump,2026-08-13T07:00:00Z,0.0,0.001442677607288445,0,0,0.0,0.0,0.0,0.0,0,,-0.001442677607288445,flat,0.23089755456608962,2.04207322498704,1,0,0.25,0.0,0.057724388641522406,0.08492869055781449,1,1.0,-1.8111756704209503,markup,2.2412478857542606,-3.443296260959239,6,1,0.5,0.08333333333333333,0.18677065714618837,,2,0.935546920182951,5.684544146713499,accumulation_divergence,,,,,,,,,,,,unavailable
2026-08-16-seven-token-pilot,community-signals-v1,solana,CATE,Ai66LHZG9MCzg1WKdawwqduVAXpNDUuV8M3uyq5ppump,2026-08-13T08:00:00Z,-0.2923875145915855,-0.419097073180863,0,1,0.0,1.0,-0.2923875145915855,-0.2923875145915855,-1,,0.12670955858927746,markdown,-0.062165075646547496,1.3258767723270504,1,1,0.25,0.25,-0.015541268911636874,0.01166303300465521,0,0.0,-1.3880418479735979,distribution_divergence,1.8516693583713106,-2.9214758286196907,5,2,0.4166666666666667,0.16666666666666666,0.15430577986427588,,1,0.8034617205855538,4.773145186991002,accumulation_divergence,,,,,,,,,,,,unavailable
2026-08-16-seven-token-pilot,community-signals-v1,solana,CATE,Ai66LHZG9MCzg1WKdawwqduVAXpNDUuV8M3uyq5ppump,2026-08-13T09:00:00Z,0.0,-5.117590568329156,0,0,0.0,0.0,0.0,0.2923875145915855,-1,,5.117590568329156,flat,-0.2923875145915855,-3.4172168801103187,0,1,0.0,0.25,-0.07309687864789638,-0.09294839879589178,-2,,3.124829365518733,markdown,1.73522509940931,-7.215541705742135,4,2,0.3333333333333333,0.16666666666666666,0.1446020916174425,,0,0.7931905768977917,8.950766805151446,accumulation_divergence,,,,,,,,,,,,unavailable
2026-08-16-seven-token-pilot,community-signals-v1,solana,CATE,Ai66LHZG9MCzg1WKdawwqduVAXpNDUuV8M3uyq5ppump,2026-08-13T10:00:00Z,0.0,-2.2139210307965507,0,0,0.0,0.0,0.0,0.0,0,,2.2139210307965507,flat,-0.2923875145915855,-7.605725010154063,0,1,0.0,0.25,-0.07309687864789638,-0.09294839879589178,-2,,7.313337495562477,markdown,1.555458806988952,-8.379415614786545,3,2,0.25,0.16666666666666666,0.12962156724907933,,0,0.7749834611000721,9.934874421775497,accumulation_divergence,,,,,,,,,,,,unavailable
2026-08-16-seven-token-pilot,community-signals-v1,solana,CATE,Ai66LHZG9MCzg1WKdawwqduVAXpNDUuV8M3uyq5ppump,2026-08-13T11:00:00Z,0.0,0.728846778808645,0,0,0.0,0.0,0.0,0.0,0,,-0.728846778808645,flat,-0.2923875145915855,-6.933654960406788,0,1,0.0,0.25,-0.07309687864789638,-0.13082126728941879,-2,,6.641267445815203,markdown,-0.17091463701225384,-7.979732033243092,2,2,0.16666666666666666,0.16666666666666666,-0.01424288641768782,0.018060556207124177,-1,0.0,7.808817396230838,markdown,-0.5578934127695279,-23.812065917954705,11,4,0.4583333333333333,0.16666666666666666,-0.023245558865396993,,-3,0.0,23.254172505185178,markdown
2026-08-16-seven-token-pilot,community-signals-v1,solana,CATE,Ai66LHZG9MCzg1WKdawwqduVAXpNDUuV8M3uyq5ppump,2026-08-13T12:00:00Z,0.5315864563049999,2.09795740440768,1,0,1.0,0.0,0.5315864563049999,0.5315864563049999,1,1.0,-1.56637094810268,markup,0.5315864563049999,-4.58126556033418,1,0,0.25,0.0,0.13289661407624997,0.14843788298788685,0,1.0,5.11285201663918,accumulation_divergence,0.35976326023055005,-12.954308550032057,3,2,0.25,0.16666666666666666,0.029980271685879172,0.0713417604726152,0,0.4476262246502357,13.314071810262607,accumulation_divergence,-0.13836024649673817,-21.453164502971145,11,4,0.4583333333333333,0.16666666666666666,-0.005765010270697424,,-2,0.0,21.314804256474407,markdown
2026-08-16-seven-token-pilot,community-signals-v1,solana,CATE,Ai66LHZG9MCzg1WKdawwqduVAXpNDUuV8M3uyq5ppump,2026-08-13T13:00:00Z,0.0002309783540876964,2.194362669195682,1,0,1.0,0.0,0.0002309783540876964,-0.5313554779509122,0,1.0,-2.194131690841594,markup,0.5318186625087318,2.7720186615328712,2,0,0.5,0.0,0.13295466562718294,0.20605154427507932,1,1.0,-2.2401999990241395,markup,0.3174711452881507,-5.96038577771576,3,2,0.25,0.16666666666666666,0.026455928774012556,0.07347578857467008,0,0.41704840775253305,6.2778569230039105,accumulation_divergence,-0.24855846616880228,-20.19027654835346,11,4,0.4583333333333333,0.16666666666666666,-0.010356602757033428,,-2,0.0,19.941718082184657,markdown
2026-08-16-seven-token-pilot,community-signals-v1,solana,CATE,Ai66LHZG9MCzg1WKdawwqduVAXpNDUuV8M3uyq5ppump,2026-08-13T14:00:00Z,0.2818622481402633,5.8005115775964455,1,0,1.0,0.0,0.2818622481402633,0.2816312697861756,1,1.0,-5.518649329456182,markup,0.8151799066871801,11.195093052835192,3,0,0.75,0.0,0.20379497667179503,0.2768918553196914,2,1.0,-10.379913146148013,markup,0.6002282247357327,2.3825724320258423,4,2,0.3333333333333333,0.16666666666666666,0.050019018727977725,0.08991038175663324,1,0.5749365351679704,-1.7823442072901097,markup,0.11865859775028742,-11.662563669870075,12,3,0.5,0.125,0.004944108239595309,,-1,0.03357276408200273,11.781222267620361,accumulation_divergence
2026-08-16-seven-token-pilot,community-signals-v1,solana,CATE,Ai66LHZG9MCzg1WKdawwqduVAXpNDUuV8M3uyq5ppump,2026-08-13T15:00:00Z,0.5913427079841771,6.0196631561225455,1,0,1.0,0.0,0.5913427079841771,0.3094804598439138,0,1.0,-5.4283204481383684,markup,1.4113431216064898,17.03565251732273,4,0,1.0,0.0,0.35283578040162245,0.4259326590495188,2,1.0,-15.624309395716242,markup,1.3483006834407618,11.145046769938173,5,1,0.4166666666666667,0.08333333333333333,0.11235839028673016,0.1865083867494159,1,0.8214516994654099,-9.79674608649741,markup,0.44650354697961525,-6.084149714105913,12,3,0.5,0.125,0.018604314457483968,,-1,0.11587697370707901,6.530653261085528,accumulation_divergence
2026-08-16-seven-token-pilot,community-signals-v1,solana,CATE,Ai66LHZG9MCzg1WKdawwqduVAXpNDUuV8M3uyq5ppump,2026-08-13T16:00:00Z,0.2039993727475542,4.005604198381785,1,0,1.0,0.0,0.2039993727475542,-0.3873433352366229,0,1.0,-3.8016048256342305,markup,1.0808893079954807,19.222402311160437,4,0,1.0,0.0,0.27022232699887017,0.1373257129226202,1,1.0,-18.141513003164956,markup,1.5550505811252835,15.268831598288513,6,1,0.5,0.08333333333333333,0.12958754842710696,0.20373754488979268,1,0.8414260401285271,-13.713781017163228,markup,0.6514137841622913,-3.107196331329909,13,3,0.5416666666666666,0.125,0.02714224100676214,,-1,0.16051927909384545,3.7586101154922003,accumulation_divergence
2026-08-16-seven-token-pilot,community-signals-v1,solana,CATE,Ai66LHZG9MCzg1WKdawwqduVAXpNDUuV8M3uyq5ppump,2026-08-13T17:00:00Z,0.0,10.028347747133326,0,0,0.0,0.0,0.0,-0.2039993727475542,1,,-10.028347747133326,flat,1.08065583356034,28.36171779067311,3,0,0.75,0.0,0.270163958390085,0.13720929276290206,2,1.0,-27.281061957112772,markup,1.3211026328865394,27.411938495041355,5,1,0.4166666666666667,0.08333333333333333,0.11009188607387828,-0.0878904208180357,1,0.8187856832912255,-26.090835862154815,markup,3.7282769092175094,8.042327678165616,13,2,0.5416666666666666,0.08333333333333333,0.15534487121739624,,3,0.8914585064284606,-4.314050768948107,markup
2026-08-16-seven-token-pilot,community-signals-v1,solana,CATE,Ai66LHZG9MCzg1WKdawwqduVAXpNDUuV8M3uyq5ppump,2026-08-13T18:00:00Z,-0.057708827697589005,13.133569473746821,0,1,0.0,1.0,-0.057708827697589005,-0.057708827697589005,-1,,-13.19127830144441,distribution_divergence,0.7383799096962074,37.25849810083221,2,1,0.5,0.25,0.18459497742405184,-0.019199999247743182,0,0.9269742990238179,-36.52011819113601,markup,1.2626314123468374,41.016498589584046,5,2,0.4166666666666667,0.16666666666666666,0.10521928436223645,-0.09253249040506913,0,0.7825467136073415,-39.75386717723721,markup,3.6656152218747184,31.99999566970686,12,3,0.5,0.125,0.15273396757811328,,2,0.8770660184701188,-28.33438044783214,markup
2026-08-16-seven-token-pilot,community-signals-v1,solana,CATE,Ai66LHZG9MCzg1WKdawwqduVAXpNDUuV8M3uyq5ppump,2026-08-13T19:00:00Z,8.76356983869897e-05,-8.793853911565863,1,0,1.0,0.0,8.76356983869897e-05,0.057796463395975994,0,1.0,8.79394154726425,accumulation_divergence,0.14626058320141855,18.080158500679122,2,1,0.5,0.25,0.03656514580035464,-0.3162706346012678,0,0.7166575300976347,-17.933897917477704,markup,1.2627201545611033,28.613858229078136,6,2,0.5,0.16666666666666666,0.10522667954675861,-0.08154397759942976,0,0.78255867291485,-27.35113807451703,markup,3.532268729082455,24.18530205760088,12,3,0.5,0.125,0.14717786371176897,,2,0.8731571893833113,-20.653033328518426,markup
2026-08-16-seven-token-pilot,community-signals-v1,solana,CATE,Ai66LHZG9MCzg1WKdawwqduVAXpNDUuV8M3uyq5ppump,2026-08-13T20:00:00Z,0.0,-2.9992374704976177,0,0,0.0,0.0,0.0,-8.76356983869897e-05,0,,2.9992374704976177,flat,-0.05762124257272516,10.127386908143032,1,1,0.25,0.25,-0.01440531064318129,-0.28462763764205146,0,0.0,-10.185008150715758,distribution_divergence,1.5596679434885408,25.281474192397123,6,1,0.5,0.08333333333333333,0.12997232862404506,-0.024333451240230813,1,0.9637630233555841,-23.72180624890858,markup,3.4402171952617744,21.6214062061278,11,3,0.4583333333333333,0.125,0.14334238313590728,,2,0.8703041592938963,-18.181189010866028,markup
2026-08-16-seven-token-pilot,community-signals-v1,solana,CATE,Ai66LHZG9MCzg1WKdawwqduVAXpNDUuV8M3uyq5ppump,2026-08-13T21:00:00Z,-0.03951822976849817,-2.114731640387424,0,1,0.0,1.0,-0.03951822976849817,-0.03951822976849817,0,,2.0752134106189257,markdown,-0.09711670144618711,-2.02662275706742,1,2,0.25,0.5,-0.02427917536154678,-0.2944431337516318,-1,0.0,1.929506055621233,markdown,1.5195333605585004,29.24640926874824,6,2,0.5,0.16666666666666666,0.1266277800465417,-0.01797431157090079,2,0.9389627271468626,-27.72687590818974,markup,3.28112578423414,19.92058070478755,10,4,0.4166666666666667,0.16666666666666666,0.13671357434308917,,2,0.8557871686523649,-16.639454920553412,markup
2026-08-16-seven-token-pilot,community-signals-v1,solana,CATE,Ai66LHZG9MCzg1WKdawwqduVAXpNDUuV8M3uyq5ppump,2026-08-13T22:00:00Z,-0.040210078030811225,2.400339584475031,0,1,0.0,1.0,-0.040210078030811225,-0.0006918482623130551,-1,,-2.440549662505842,distribution_divergence,-0.07962485164642041,-11.321571956215305,1,2,0.25,0.5,-0.019906212911605103,-0.20450119033565695,-1,0.0,11.241947104568885,markdown,1.4787122769777117,35.34519778998426,6,3,0.5,0.25,0.12322602308147597,-0.006395544167603365,1,0.9137382227305691,-33.86648551300655,markup,3.057171844308937,24.004061152506594,9,5,0.375,0.20833333333333334,0.12738216017953904,,1,0.837450722228591,-20.946889308197658,markup
2026-08-16-seven-token-pilot,community-signals-v1,solana,CATE,Ai66LHZG9MCzg1WKdawwqduVAXpNDUuV8M3uyq5ppump,2026-08-13T23:00:00Z,-0.01581389410910683,5.28916023230217,0,1,0.0,1.0,-0.01581389410910683,0.024396183921704395,0,,-5.3049741264112775,distribution_divergence,-0.09551370596009301,2.3711407605976786,0,3,0.0,0.75,-0.023878426490023252,-0.06044357229037789,-1,,-2.4666544665577717,distribution_divergence,1.4626645408749361,41.47270292962675,6,4,0.5,0.3333333333333333,0.121888711739578,0.13613159815726583,1,0.9038218717989592,-40.01003838875181,markup,1.2892499960719395,30.18356033565648,8,6,0.3333333333333333,0.25,0.05371874983633081,,0,0.6826556245079821,-28.894310339584543,markup
2026-08-16-seven-token-pilot,community-signals-v1,solana,CATE,Ai66LHZG9MCzg1WKdawwqduVAXpNDUuV8M3uyq5ppump,2026-08-14T00:00:00Z,0.0,-10.73622879015187,0,0,0.0,0.0,0.0,0.01581389410910683,0,,10.73622879015187,flat,-0.09551370596009301,-5.794203580968205,0,3,0.0,0.75,-0.023878426490023252,-0.009473115846841962,-1,,5.698689875008112,markdown,0.9261547712416052,23.688928826737055,5,4,0.4166666666666667,0.3333333333333333,0.07717956427013377,0.04719929258425459,0,0.8567749838396531,-22.76277405549545,markup,1.2892499960719395,7.6658833442919905,8,6,0.3333333333333333,0.25,0.05371874983633081,,0,0.6826556245079821,-6.376633348220051,markup
2026-08-16-seven-token-pilot,community-signals-v1,solana,CATE,Ai66LHZG9MCzg1WKdawwqduVAXpNDUuV8M3uyq5ppump,2026-08-14T01:00:00Z,0.0004992977226114803,-2.8175791750529866,1,0,1.0,0.0,0.0004992977226114803,0.0004992977226114803,-1,1.0,2.818078472775598,accumulation_divergence,-0.055518595332815224,-6.470631330249854,1,2,0.25,0.5,-0.013879648833203806,0.010399526528342973,-2,0.0,6.415112734917039,markdown,0.9264255750372596,17.62282398626056,5,4,0.4166666666666667,0.3333333333333333,0.07720213125310497,0.05074620247909242,-1,0.85681113859449,-16.6963984112233,markup,1.2468378542087155,10.612049914035836,8,6,0.3333333333333333,0.25,0.05195157725869648,,-1,0.6754581623878281,-9.36521205982712,markup
2026-08-16-seven-token-pilot,community-signals-v1,solana,CATE,Ai66LHZG9MCzg1WKdawwqduVAXpNDUuV8M3uyq5ppump,2026-08-14T02:00:00Z,-0.039555813679426066,-1.8930687679988623,0,1,0.0,1.0,-0.039555813679426066,-0.040055111402037546,0,,1.8535129543194362,markdown,-0.05486443117990181,-10.39210048042829,1,2,0.25,0.5,-0.013716107794975452,0.006190105116629652,-1,0.0,10.33723604924839,markdown,0.6029415933133331,9.069551102032513,4,5,0.3333333333333333,0.4166666666666667,0.05024513277611109,0.00022611404813336483,-2,0.7563818097906171,-8.46660950871918,markup,1.206788843670803,11.668212158323875,8,7,0.3333333333333333,0.2916666666666667,0.05028286848628346,,-1,0.6537621327300135,-10.461423314653072,markup
2026-08-16-seven-token-pilot,community-signals-v1,solana,CATE,Ai66LHZG9MCzg1WKdawwqduVAXpNDUuV8M3uyq5ppump,2026-08-14T03:00:00Z,1.6124943654926671,-1.0417939707220825,1,0,1.0,0.0,1.6124943654926671,1.6520501791720932,1,1.0,2.6542883362147496,accumulation_divergence,1.5728078647307075,-15.780152838676297,2,1,0.5,0.25,0.3932019661826769,0.41708039267270014,0,0.975467069331141,17.352960703407007,accumulation_divergence,1.6242109967496532,1.8049556862083094,4,5,0.3333333333333333,0.4166666666666667,0.13535091639580443,0.022992526109074277,-1,0.8937657541598129,-0.18074468945865618,markup,2.9944109281601294,13.151165611551052,9,6,0.375,0.25,0.12476712200667206,,0,0.8596890614940961,-10.156754683390922,markup
2026-08-16-seven-token-pilot,community-signals-v1,solana,CATE,Ai66LHZG9MCzg1WKdawwqduVAXpNDUuV8M3uyq5ppump,2026-08-14T04:00:00Z,-0.08567571028798016,-3.0761580071056005,0,1,0.0,1.0,-0.08567571028798016,-1.6981700757806473,0,,2.9904822968176203,markdown,1.4857846401331587,-8.552920761774041,2,2,0.5,0.5,0.3714461600332897,0.3953245865233129,0,0.9214946218596514,10.038705401907201,accumulation_divergence,1.3304302899597165,-5.12696392588049,3,6,0.25,0.5,0.11086919082997637,-0.018718357597130586,-1,0.8263628116276648,6.457394215840207,accumulation_divergence,2.906169735040498,9.359040184460344,9,7,0.375,0.2916666666666667,0.12109040562668742,,0,0.8343552010727607,-6.452870449419846,markup
2026-08-16-seven-token-pilot,community-signals-v1,solana,CATE,Ai66LHZG9MCzg1WKdawwqduVAXpNDUuV8M3uyq5ppump,2026-08-14T05:00:00Z,0.0,-2.7729603439899497,0,0,0.0,0.0,0.0,0.08567571028798016,0,,2.7729603439899497,flat,1.485277926451678,-8.510935166590238,1,2,0.25,0.5,0.3713194816129195,0.3851991304461233,1,0.9214703037146605,9.996213093041916,accumulation_divergence,1.3304302899597165,-16.165019019793327,3,6,0.25,0.5,0.11086919082997637,0.0007773047560980934,-2,0.8263628116276648,17.49544930975304,accumulation_divergence,2.6691092724356436,6.8157744038305434,8,7,0.3333333333333333,0.2916666666666667,0.11121288635148514,,-1,0.8225949871300515,-4.1466651313949,markup
2026-08-16-seven-token-pilot,community-signals-v1,solana,CATE,Ai66LHZG9MCzg1WKdawwqduVAXpNDUuV8M3uyq5ppump,2026-08-14T06:00:00Z,0.0,0.395405435505114,0,0,0.0,0.0,0.0,0.0,0,,-0.395405435505114,flat,1.5254371392037003,-6.376831468260857,1,1,0.25,0.25,0.38135928480092507,0.3950753925959005,1,0.9460108338038291,7.902268607464557,accumulation_divergence,1.3889406590290587,-25.60433702978998,3,5,0.25,0.4166666666666667,0.11574505491908822,0.010525770556851777,-1,0.8622071767716337,26.99327768881904,accumulation_divergence,2.6691092724356436,4.910159023097904,8,7,0.3333333333333333,0.2916666666666667,0.11121288635148514,,-1,0.8225949871300515,-2.2410497506622606,markup
2026-08-16-seven-token-pilot,community-signals-v1,solana,CATE,Ai66LHZG9MCzg1WKdawwqduVAXpNDUuV8M3uyq5ppump,2026-08-14T07:00:00Z,0.0,-5.460977516357479,0,0,0.0,0.0,0.0,0.0,0,,5.460977516357479,flat,-0.08567571028798016,-10.55776787027387,0,1,0.0,0.25,-0.02141892757199504,-0.4146208937546719,0,,10.472092159985891,markdown,1.388851806200675,-22.885753253880015,2,5,0.16666666666666666,0.4166666666666667,0.11573765051672291,0.010510970969964298,-1,0.862199680259998,24.274605060080688,accumulation_divergence,2.6691092724356436,-0.820392015523741,8,7,0.3333333333333333,0.2916666666666667,0.11121288635148514,,-1,0.8225949871300515,3.4895012879593845,accumulation_divergence
2026-08-16-seven-token-pilot,community-signals-v1,solana,CATE,Ai66LHZG9MCzg1WKdawwqduVAXpNDUuV8M3uyq5ppump,2026-08-14T08:00:00Z,0.0,7.832809325388723,0,0,0.0,0.0,0.0,0.0,0,,-7.832809325388723,flat,0.0,-0.4908703104341883,0,0,0.0,0.0,0.0,-0.3714461600332897,0,,0.4908703104341883,flat,1.388851806200675,-14.27442786219103,2,5,0.16666666666666666,0.4166666666666667,0.11573765051672291,-0.014234678107322152,-1,0.862199680259998,15.663279668391706,accumulation_divergence,2.9701812260930938,7.398260534113921,8,6,0.3333333333333333,0.25,0.12375755108721224,,0,0.9127061363011674,-4.428079308020827,markup
2026-08-16-seven-token-pilot,community-signals-v1,solana,CATE,Ai66LHZG9MCzg1WKdawwqduVAXpNDUuV8M3uyq5ppump,2026-08-14T09:00:00Z,0.0,-1.461371928635824,0,0,0.0,0.0,0.0,0.0,0,,1.461371928635824,flat,0.0,0.8515033973797159,0,0,0.0,0.0,0.0,-0.3713194816129195,0,,-0.8515033973797159,flat,1.428934725677311,-13.702231084878935,2,4,0.16666666666666666,0.3333333333333333,0.11907789380644258,-0.007549886240099127,-1,0.886732610928857,15.131165810556247,accumulation_divergence,2.9701812260930938,11.536767601835972,8,6,0.3333333333333333,0.25,0.12375755108721224,,1,0.9127061363011674,-8.56658637574288,markup
2026-08-16-seven-token-pilot,community-signals-v1,solana,CATE,Ai66LHZG9MCzg1WKdawwqduVAXpNDUuV8M3uyq5ppump,2026-08-14T10:00:00Z,3.7553926171708607,7.3836614811300105,1,0,1.0,0.0,3.7553926171708607,3.7553926171708607,1,1.0,-3.62826886395915,markup,3.7553926171708607,7.87150720402654,1,0,0.25,0.0,0.9388481542927152,0.5574888694917901,1,1.0,-4.116114586855679,markup,5.280322751970101,-9.502542263413416,3,3,0.25,0.25,0.44002689599750844,0.3168008729160325,1,0.9737449570597311,14.782865015383518,accumulation_divergence,6.837115809745242,22.48396316849053,9,6,0.375,0.25,0.2848798254060518,,2,0.9601082613709525,-15.646847358745287,markup
2026-08-16-seven-token-pilot,community-signals-v1,solana,CATE,Ai66LHZG9MCzg1WKdawwqduVAXpNDUuV8M3uyq5ppump,2026-08-14T11:00:00Z,0.0,-3.5887620266251585,0,0,0.0,0.0,0.0,-3.7553926171708607,0,,3.5887620266251585,flat,3.7553926171708607,10.007754241307843,1,0,0.25,0.0,0.9388481542927152,0.9602670818647102,1,1.0,-6.252361624136983,markup,5.296974303986635,-17.13323655942024,3,2,0.25,0.16666666666666666,0.44141452533221953,0.31952581359264154,1,0.9766611991842251,22.430210863406874,accumulation_divergence,6.837115809745242,17.23385006968794,9,6,0.375,0.25,0.2848798254060518,0.30812538427144875,2,0.9601082613709525,-10.396734259942697,markup
2026-08-16-seven-token-pilot,community-signals-v1,solana,CATE,Ai66LHZG9MCzg1WKdawwqduVAXpNDUuV8M3uyq5ppump,2026-08-14T12:00:00Z,0.0,-2.4231025149843988,0,0,0.0,0.0,0.0,0.0,0,,2.4231025149843988,flat,3.7553926171708607,-0.4550152656222606,1,0,0.25,0.0,0.9388481542927152,0.9388481542927152,1,1.0,4.210407882793121,accumulation_divergence,5.296974303986635,-9.415862991632086,3,2,0.25,0.16666666666666666,0.44141452533221953,0.36423496106208575,1,0.9766611991842251,14.71283729561872,accumulation_divergence,6.272187255476025,12.042548752594161,8,6,0.3333333333333333,0.25,0.26134113564483435,0.2671061459155318,1,0.9568901770677326,-5.770361497118136,markup
2026-08-16-seven-token-pilot,community-signals-v1,solana,CATE,Ai66LHZG9MCzg1WKdawwqduVAXpNDUuV8M3uyq5ppump,2026-08-14T13:00:00Z,0.0,2.7999768624655585,0,0,0.0,0.0,0.0,0.0,0,,-2.7999768624655585,flat,3.7553926171708607,3.849853887323862,1,0,0.25,0.0,0.9388481542927152,0.9388481542927152,1,1.0,-0.09446127015300121,markup,5.296448561216982,-4.179715739534229,2,2,0.16666666666666666,0.16666666666666666,0.4413707134347485,0.3641685821816435,2,0.9766590503932348,9.476164300751211,accumulation_divergence,6.271941790294044,12.706524298822174,7,6,0.2916666666666667,0.25,0.2613309079289185,0.2716875106859519,1,0.9568886578993747,-6.43458250852813,markup
2026-08-16-seven-token-pilot,community-signals-v1,solana,CATE,Ai66LHZG9MCzg1WKdawwqduVAXpNDUuV8M3uyq5ppump,2026-08-14T14:00:00Z,0.0,-2.9398727868552132,0,0,0.0,0.0,0.0,0.0,0,,2.9398727868552132,flat,0.0,-6.133951009470806,0,0,0.0,0.0,0.0,-0.9388481542927152,0,,6.133951009470806,flat,5.338115910079777,-5.202121163821882,2,1,0.16666666666666666,0.08333333333333333,0.4448429925066481,0.394597859730537,2,0.9839530971453488,10.54023707390166,accumulation_divergence,5.973243224514269,3.395620900868157,6,6,0.25,0.25,0.2488851343547612,0.24394102611516588,0,0.9549514458759847,2.5776223236461115,markup
2026-08-16-seven-token-pilot,community-signals-v1,solana,CATE,Ai66LHZG9MCzg1WKdawwqduVAXpNDUuV8M3uyq5ppump,2026-08-14T15:00:00Z,0.0,-1.906558576412365,0,0,0.0,0.0,0.0,0.0,0,,1.906558576412365,flat,0.0,-4.496156549105956,0,0,0.0,0.0,0.0,-0.9388481542927152,0,,4.496156549105956,flat,3.666499447584015,-6.0305299800426315,1,1,0.08333333333333333,0.08333333333333333,0.30554162063200124,0.1701907042361968,1,0.9771663883792213,9.697029427626646,accumulation_divergence,5.350262131557093,-4.3344226876175895,5,6,0.20833333333333334,0.25,0.22292758881487887,0.2043232743573949,0,0.9502479434222623,9.684684819174683,accumulation_divergence
2026-08-16-seven-token-pilot,community-signals-v1,solana,CATE,Ai66LHZG9MCzg1WKdawwqduVAXpNDUuV8M3uyq5ppump,2026-08-14T16:00:00Z,0.0,1.7367636138823306,0,0,0.0,0.0,0.0,0.0,0,,-1.7367636138823306,flat,0.0,-0.42466817647170974,0,0,0.0,0.0,0.0,-0.9388481542927152,0,,0.42466817647170974,flat,3.7553926171708607,-1.3643128277656236,1,0,0.08333333333333333,0.0,0.3129493847642384,0.20208019393426202,1,1.0,5.119705444936484,accumulation_divergence,5.135785788016345,-6.42132892713041,4,6,0.16666666666666666,0.25,0.21399107450068103,0.1868488334939189,0,0.948377566284655,11.557114715146755,accumulation_divergence
2026-08-16-seven-token-pilot,community-signals-v1,solana,CATE,Ai66LHZG9MCzg1WKdawwqduVAXpNDUuV8M3uyq5ppump,2026-08-14T17:00:00Z,0.0025642029297889835,-2.4510518783955493,1,0,1.0,0.0,0.0025642029297889835,0.0025642029297889835,0,1.0,2.4536160813253383,accumulation_divergence,0.0025642029297889835,-5.51098186295893,1,0,0.25,0.0,0.0006410507324472459,-0.9382071035602679,0,1.0,5.513546065888719,accumulation_divergence,3.7580531159881803,-1.0377404789334355,2,0,0.16666666666666666,0.0,0.313171092999015,0.20230190216903865,1,1.0,4.795793594921616,accumulation_divergence,5.138481682915774,-17.035008552931075,5,6,0.20833333333333334,0.25,0.21410340345482393,0.05875853223742769,-1,0.948403252472502,22.17349023584685,accumulation_divergence
2026-08-16-seven-token-pilot,community-signals-v1,solana,CATE,Ai66LHZG9MCzg1WKdawwqduVAXpNDUuV8M3uyq5ppump,2026-08-14T18:00:00Z,0.0,-1.545388071219167,0,0,0.0,0.0,0.0,-0.0025642029297889835,0,,1.545388071219167,flat,0.0025642029297889835,-4.153436850698567,1,0,0.25,0.0,0.0006410507324472459,0.0006410507324472459,0,1.0,4.156001053628356,accumulation_divergence,3.7580531159881803,-2.950829129316279,2,0,0.16666666666666666,0.0,0.313171092999015,0.1974260380799268,1,1.0,6.708882245304459,accumulation_divergence,5.199190902733086,-27.79962592366291,5,5,0.20833333333333334,0.20833333333333334,0.21663295428054527,0.06389898670243199,0,0.9590544999152502,32.998816826395995,accumulation_divergence
2026-08-16-seven-token-pilot,community-signals-v1,solana,CATE,Ai66LHZG9MCzg1WKdawwqduVAXpNDUuV8M3uyq5ppump,2026-08-14T19:00:00Z,0.07899878385415615,0.25516736834418907,1,0,1.0,0.0,0.07899878385415615,0.07899878385415615,0,1.0,-0.17616858449003292,markup,0.08156501247309489,-2.0412262964690897,2,0,0.5,0.0,0.020391253118273722,0.020391253118273722,0,1.0,2.1227913089421846,accumulation_divergence,3.840020716100545,2.9170877061151623,3,0,0.25,0.0,0.3200017263417121,0.20426407582498918,1,1.0,0.9229330099853827,markup,5.282204719375283,-20.63626304238564,5,5,0.20833333333333334,0.20833333333333334,0.22009186330730346,0.07291399959553449,0,0.9596720725234641,25.918467761760922,accumulation_divergence
2026-08-16-seven-token-pilot,community-signals-v1,solana,CATE,Ai66LHZG9MCzg1WKdawwqduVAXpNDUuV8M3uyq5ppump,2026-08-14T20:00:00Z,0.0,-0.6070474007900839,0,0,0.0,0.0,0.0,-0.07899878385415615,0,,0.6070474007900839,flat,0.08156501247309489,-4.297999999842617,2,0,0.5,0.0,0.020391253118273722,0.020391253118273722,0,1.0,4.3795650123157115,accumulation_divergence,3.840020716100545,-5.138025393035828,3,0,0.25,0.0,0.3200017263417121,0.20426407582498918,1,1.0,8.978046109136372,accumulation_divergence,5.282204719375283,-18.679029526956892,5,5,0.20833333333333334,0.20833333333333334,0.22009186330730346,0.07674948017139618,0,0.9596720725234641,23.961234246332175,accumulation_divergence
2026-08-16-seven-token-pilot,community-signals-v1,solana,CATE,Ai66LHZG9MCzg1WKdawwqduVAXpNDUuV8M3uyq5ppump,2026-08-14T21:00:00Z,0.0,0.1827209568131094,0,0,0.0,0.0,0.0,0.0,0,,-0.1827209568131094,flat,0.07899878385415615,-1.7140938406358663,1,0,0.25,0.0,0.019749695963539038,0.019108645231091792,0,1.0,1.7930926244900225,accumulation_divergence,3.840020716100545,-3.5552765705334943,3,0,0.25,0.0,0.3200017263417121,0.20092383253526952,1,1.0,7.395297286634039,accumulation_divergence,5.323826831263423,-16.770355444011376,5,4,0.20833333333333334,0.16666666666666666,0.2218261179693093,0.08511254362622012,0,0.9668517528802828,22.094182275274797,accumulation_divergence
2026-08-16-seven-token-pilot,community-signals-v1,solana,CATE,Ai66LHZG9MCzg1WKdawwqduVAXpNDUuV8M3uyq5ppump,2026-08-14T22:00:00Z,0.15766339366554138,0.049447511010569656,1,0,1.0,0.0,0.15766339366554138,0.15766339366554138,0,1.0,0.10821588265497173,markup,0.2367867296832804,-0.12199107059972514,2,0,0.5,0.0,0.0591966824208201,0.058555631688372856,0,1.0,0.35877780028300554,accumulation_divergence,0.23935700430535167,-10.142370250934752,3,0,0.25,0.0,0.019946417025445973,-0.42008047897206247,0,1.0,10.381727255240104,accumulation_divergence,5.5323185786322115,-18.68112949474121,6,3,0.25,0.125,0.23051327410967548,0.10313111393013644,1,0.9749108637925663,24.21344807337342,accumulation_divergence
2026-08-16-seven-token-pilot,community-signals-v1,solana,CATE,Ai66LHZG9MCzg1WKdawwqduVAXpNDUuV8M3uyq5ppump,2026-08-14T23:00:00Z,0.08328788878040339,-2.5516589755827157,1,0,1.0,0.0,0.08328788878040339,-0.074375504885138,0,1.0,2.634946864363119,accumulation_divergence,0.24108259695792,-2.9182581758354864,2,0,0.5,0.0,0.06027064923948,0.03987939612120628,0,1.0,3.1593407727934064,accumulation_divergence,0.3228442484812799,-9.17576486414432,4,0,0.3333333333333333,0.0,0.026903687373439993,-0.4145108379587795,0,1.0,9.4986091126256,accumulation_divergence,5.636919529351858,-24.736895923254554,7,2,0.2916666666666667,0.08333333333333333,0.23487164705632743,0.1811528972199966,1,0.978037778624317,30.37381545260641,accumulation_divergence
2026-08-16-seven-token-pilot,community-signals-v1,solana,CATE,Ai66LHZG9MCzg1WKdawwqduVAXpNDUuV8M3uyq5ppump,2026-08-15T00:00:00Z,0.025244025599735487,-3.102098549169585,1,0,1.0,0.0,0.025244025599735487,-0.0580438631806679,-2,1.0,3.1273425747693206,accumulation_divergence,0.26638748151013303,-5.355291235933857,3,0,0.75,0.0,0.06659687037753326,0.046205617259259535,-2,1.0,5.62167871744399,accumulation_divergence,0.34816977296574514,-9.807771999589665,5,0,0.4166666666666667,0.0,0.02901414774714543,-0.4124003775850741,-2,1.0,10.15594177255541,accumulation_divergence,5.66358654036061,-18.300148617208745,8,2,0.3333333333333333,0.08333333333333333,0.23598277251502542,0.1822640226786946,-1,0.9781389271616552,23.963735157569353,accumulation_divergence
2026-08-16-seven-token-pilot,community-signals-v1,solana,CATE,Ai66LHZG9MCzg1WKdawwqduVAXpNDUuV8M3uyq5ppump,2026-08-15T01:00:00Z,0.15651244337298031,2.0562301043181686,1,0,1.0,0.0,0.15651244337298031,0.13126841777324483,1,1.0,-1.8997176609451882,markup,0.4233168544392596,-3.5853480167945984,4,0,1.0,0.0,0.1058292136098149,0.08607951764627586,-1,1.0,4.008664871233858,accumulation_divergence,0.5052271453574786,-10.460303052929687,6,0,0.5,0.0,0.042102262113123214,-0.39926845132162525,-1,1.0,10.965530198287166,accumulation_divergence,5.8284348024456145,-14.202807859357636,8,2,0.3333333333333333,0.08333333333333333,0.2428514501019006,0.19089987284320412,1,0.97874419499342,20.03124266180325,accumulation_divergence
2026-08-16-seven-token-pilot,community-signals-v1,solana,CATE,Ai66LHZG9MCzg1WKdawwqduVAXpNDUuV8M3uyq5ppump,2026-08-15T02:00:00Z,0.1249257672334414,-1.0796885128541045,1,0,1.0,0.0,0.1249257672334414,-0.031586676139538916,-1,1.0,1.204614280087546,accumulation_divergence,0.3904923962714246,-4.673462539072504,4,0,1.0,0.0,0.09762309906785616,0.038426416647036055,-2,1.0,5.063954935343928,accumulation_divergence,0.6307840714785184,-8.744249912034896,7,0,0.5833333333333334,0.0,0.052565339289876535,-0.39227765321677155,-2,1.0,9.375033983513415,accumulation_divergence,6.002571966436143,-13.491484600565329,9,1,0.375,0.041666666666666664,0.2501071652681726,0.19982429678188915,0,0.9857040184987004,19.494056567001472,accumulation_divergence
2026-08-16-seven-token-pilot,community-signals-v1,solana,CATE,Ai66LHZG9MCzg1WKdawwqduVAXpNDUuV8M3uyq5ppump,2026-08-15T03:00:00Z,-0.020905173172791613,6.852636725729355,0,1,0.0,1.0,-0.020905173172791613,-0.145830940406233,1,,-6.873541898902147,distribution_divergence,0.28597951490625384,4.526067561087288,3,1,0.75,0.25,0.07149487872656346,0.01122422948708346,-1,0.9316845756728702,-4.240088046181034,markup,0.6097470318032538,-0.5956221764428227,7,1,0.5833333333333334,0.08333333333333333,0.05081225265027115,-0.25472936798173007,-1,0.9666493803085935,1.2053692082460765,accumulation_divergence,4.298602850939992,-6.59023298256729,8,2,0.3333333333333333,0.08333333333333333,0.17910845212249968,0.05434133011582762,0,0.9756055486955978,10.888835833507283,accumulation_divergence
2026-08-16-seven-token-pilot,community-signals-v1,solana,CATE,Ai66LHZG9MCzg1WKdawwqduVAXpNDUuV8M3uyq5ppump,2026-08-15T04:00:00Z,0.11763434245899429,-1.5971148320249262,1,0,1.0,0.0,0.11763434245899429,0.1385395156317859,0,1.0,1.7147491744839205,accumulation_divergence,0.37861066531417187,6.1495292392168555,3,1,0.75,0.25,0.09465266632854297,0.02805579595100971,1,0.9475340945468342,-5.770918573902684,markup,0.7280986461737582,-3.8530691492258073,8,1,0.6666666666666666,0.08333333333333333,0.06067488718114652,-0.2522744975830919,-1,0.971918251829861,4.5811677953995655,accumulation_divergence,4.510834226148752,-5.164814060325861,9,1,0.375,0.041666666666666664,0.18795142608953133,0.06686102046284391,0,0.9951844927919414,9.675648286474614,accumulation_divergence
2026-08-16-seven-token-pilot,community-signals-v1,solana,CATE,Ai66LHZG9MCzg1WKdawwqduVAXpNDUuV8M3uyq5ppump,2026-08-15T05:00:00Z,0.0008053153098597221,-0.9814458039932417,1,0,1.0,0.0,0.0008053153098597221,-0.11682902714913457,0,1.0,0.9822511193031014,accumulation_divergence,0.22255825489805314,2.990017396392841,3,1,0.75,0.25,0.055639563724513286,-0.05018964988530161,0,0.9140361890892996,-2.767459141494788,markup,0.7263269975455566,-2.4045849130114427,8,1,0.6666666666666666,0.08333333333333333,0.060527249795463055,-0.252643843203552,-1,0.971852384658092,3.1309119105569994,accumulation_divergence,4.511675867897247,-3.417372040952238,10,1,0.4166666666666667,0.041666666666666664,0.1879864944957186,0.07677360814423347,0,0.995185386787593,7.929047908849485,accumulation_divergence
2026-08-16-seven-token-pilot,community-signals-v1,solana,CATE,Ai66LHZG9MCzg1WKdawwqduVAXpNDUuV8M3uyq5ppump,2026-08-15T06:00:00Z,0.0,5.066168730120757,0,0,0.0,0.0,0.0,-0.0008053153098597221,0,,-5.066168730120757,flat,0.09751067170984395,9.388722928693728,2,1,0.5,0.25,0.02437766792746099,-0.07324543114039517,1,0.8234596629065271,-9.291212256983883,markup,0.7263269975455566,4.149273943948262,8,1,0.6666666666666666,0.08333333333333333,0.060527249795463055,-0.252643843203552,-1,0.971852384658092,-3.422946946402705,markup,4.511675867897247,1.076006830438847,10,1,0.4166666666666667,0.041666666666666664,0.1879864944957186,0.07677360814423347,0,0.995185386787593,3.4356690374584,markup
2026-08-16-seven-token-pilot,community-signals-v1,solana,CATE,Ai66LHZG9MCzg1WKdawwqduVAXpNDUuV8M3uyq5ppump,2026-08-15T07:00:00Z,0.0,-0.13099261517396377,0,0,0.0,0.0,0.0,0.0,0,,0.13099261517396377,flat,0.11844060509622611,2.2393411406744557,2,0,0.5,0.0,0.02961015127405653,-0.04188472745250693,0,1.0,-2.1209005355782296,markup,0.6468172359412439,3.7481147522044678,7,1,0.5833333333333334,0.08333333333333333,0.05390143632843699,-0.2661002900132751,-1,0.9685254176085151,-3.101297516263224,markup,4.511675867897247,6.774538252967299,10,1,0.4166666666666667,0.041666666666666664,0.1879864944957186,0.07677360814423347,0,0.995185386787593,-2.2628623850700524,markup
2026-08-16-seven-token-pilot,community-signals-v1,solana,CATE,Ai66LHZG9MCzg1WKdawwqduVAXpNDUuV8M3uyq5ppump,2026-08-15T08:00:00Z,0.1144002248914644,-1.7442970710687011,1,0,1.0,0.0,0.1144002248914644,0.1144002248914644,0,1.0,1.8586972959601655,accumulation_divergence,0.11520646148386327,2.086420673741407,2,0,0.5,0.0,0.028801615370965816,-0.06585105095757715,0,1.0,-1.9712142122575438,markup,0.7619574212052616,2.5610335134596873,8,1,0.6666666666666666,0.08333333333333333,0.06349645176710512,-0.256505274574607,-1,0.9731538904564564,-1.7990760922544258,markup,4.631237460127968,-2.708578431821862,11,1,0.4583333333333333,0.041666666666666664,0.19296822750533202,0.06921067641811977,0,0.9953090994115584,7.33981589194983,accumulation_divergence
2026-08-16-seven-token-pilot,community-signals-v1,solana,CATE,Ai66LHZG9MCzg1WKdawwqduVAXpNDUuV8M3uyq5ppump,2026-08-15T09:00:00Z,0.15498077708826496,1.0187615178087306,1,0,1.0,0.0,0.15498077708826496,0.04058055219680057,0,1.0,-0.8637807407204656,markup,0.26955830033725814,4.148599906170647,2,0,0.5,0.0,0.06738957508431453,0.011750011359801249,0,1.0,-3.8790416058333888,markup,0.9181190858259969,3.416921466751033,9,1,0.75,0.08333333333333333,0.07650992381883308,-0.243491802522879,-1,0.9776179082870613,-2.498802380925036,markup,4.793395765020736,-0.25983611212339053,12,1,0.5,0.041666666666666664,0.19972482354253066,0.07596727245531841,0,0.9954670710184794,5.0532318771441265,accumulation_divergence
2026-08-16-seven-token-pilot,community-signals-v1,solana,CATE,Ai66LHZG9MCzg1WKdawwqduVAXpNDUuV8M3uyq5ppump,2026-08-15T10:00:00Z,0.20300398287216304,-1.5000766234393392,1,0,1.0,0.0,0.20300398287216304,0.04802320578389807,1,1.0,1.7030806063115023,accumulation_divergence,0.4731094972952876,-2.360300803536386,3,0,0.75,0.0,0.1182773743238219,0.09389970639636092,1,1.0,2.8334103008316736,accumulation_divergence,0.963803927364193,1.8152432995067302,9,1,0.75,0.08333333333333333,0.08031699394701608,0.06037057692157011,0,0.9786890701066009,-0.8514393721425373,markup,1.2054678638774519,-8.511235647819282,12,1,0.5,0.041666666666666664,0.0502278276615605,-0.23465199774449128,0,0.9828479775218666,9.716703511696734,accumulation_divergence
2026-08-16-seven-token-pilot,community-signals-v1,solana,CATE,Ai66LHZG9MCzg1WKdawwqduVAXpNDUuV8M3uyq5ppump,2026-08-15T11:00:00Z,0.6445836988955067,7.373281021400491,1,0,1.0,0.0,0.6445836988955067,0.44157971602334367,0,1.0,-6.728697322504984,markup,1.1207427828882732,4.976460016962259,4,0,1.0,0.0,0.2801856957220683,0.2505755444480118,1,1.0,-3.8557172340739854,markup,1.5300379241997897,12.184944516612628,9,1,0.75,0.08333333333333333,0.12750316034998246,0.10059947297654247,0,0.9864801785082947,-10.65490659241284,markup,1.8578218121189316,1.89111779479747,13,1,0.5416666666666666,0.041666666666666664,0.07740924217162215,-0.20747058323442963,0,0.9888032889457407,-0.033295982678538394,markup
2026-08-16-seven-token-pilot,community-signals-v1,solana,CATE,Ai66LHZG9MCzg1WKdawwqduVAXpNDUuV8M3uyq5ppump,2026-08-15T12:00:00Z,0.38167143828620187,0.3908784132211851,1,0,1.0,0.0,0.38167143828620187,-0.26291226060930484,0,1.0,-0.009206974934983236,markup,1.3907005867831002,7.257682960508638,4,0,1.0,0.0,0.34767514669577504,0.3188735313248092,1,1.0,-5.866982373725538,markup,1.8918274812242064,16.228989030027165,9,1,0.75,0.08333333333333333,0.1576522901020172,0.12863814235487178,2,0.9890400763180774,-14.337161548802959,markup,2.2465840256362446,4.829514788534017,14,1,0.5833333333333334,0.041666666666666664,0.09360766773484352,-0.16773346790999083,0,0.9907228593008386,-2.5829307628977727,markup
2026-08-16-seven-token-pilot,community-signals-v1,solana,CATE,Ai66LHZG9MCzg1WKdawwqduVAXpNDUuV8M3uyq5ppump,2026-08-15T13:00:00Z,0.6790158962397541,4.467364705600407,1,0,1.0,0.0,0.6790158962397541,0.29734445795355224,1,1.0,-3.788348809360653,markup,1.9212012912972476,10.919271974422173,4,0,1.0,0.0,0.4803003228243119,0.41291074773999736,2,1.0,-8.998070683124926,markup,2.4233838461480195,18.97496286068794,9,1,0.75,0.08333333333333333,0.2019486538456683,0.15984639173254508,2,0.9914367469158333,-16.551579014539918,markup,2.9408545845324374,6.529821188349438,15,1,0.625,0.041666666666666664,0.12253560768885156,-0.13879530024006692,1,0.9928974309852054,-3.588966603817001,markup
2026-08-16-seven-token-pilot,community-signals-v1,solana,CATE,Ai66LHZG9MCzg1WKdawwqduVAXpNDUuV8M3uyq5ppump,2026-08-15T14:00:00Z,0.17262571897087575,-2.1030534255324973,1,0,1.0,0.0,0.17262571897087575,-0.5063901772688784,-1,1.0,2.275679144503373,accumulation_divergence,1.8903021263331654,10.240268929415208,4,0,1.0,0.0,0.47257553158329135,0.35429815725946945,0,1.0,-8.349966803082044,markup,2.472178793348312,17.744125627682838,9,1,0.75,0.08333333333333333,0.20601489944569265,0.15344956015581612,2,0.9916147336176728,-15.271946834334525,markup,3.118556974873754,7.448285026057921,16,1,0.6666666666666666,0.041666666666666664,0.12993987395307308,-0.11894526040168812,0,0.9932994394887394,-4.329728051184167,markup
2026-08-16-seven-token-pilot,community-signals-v1,solana,CATE,Ai66LHZG9MCzg1WKdawwqduVAXpNDUuV8M3uyq5ppump,2026-08-15T15:00:00Z,0.9944764132038264,4.879101939086983,1,0,1.0,0.0,0.9944764132038264,0.8218506942329507,1,1.0,-3.8846255258831563,markup,2.2445256032699534,7.679492447810232,4,0,1.0,0.0,0.5611314008174884,0.28094570509542005,1,1.0,-5.434966844540279,markup,3.512879988361939,15.569428446877854,10,0,0.8333333333333334,0.0,0.29273999903016157,0.24192774637989042,2,1.0,-12.056548458515916,markup,4.144046701625026,14.881071301860027,17,1,0.7083333333333334,0.041666666666666664,0.1726686125677094,-0.05025897624716946,1,0.9949491916653014,-10.737024600235001,markup
2026-08-16-seven-token-pilot,community-signals-v1,solana,CATE,Ai66LHZG9MCzg1WKdawwqduVAXpNDUuV8M3uyq5ppump,2026-08-15T16:00:00Z,0.0,7.316794305824481,0,0,0.0,0.0,0.0,-0.9944764132038264,0,,-7.316794305824481,flat,1.8557712162912354,15.108246133797776,3,0,0.75,0.0,0.46394280407280886,0.11626765737703382,1,1.0,-13.25247491750654,markup,3.3912563637783055,26.038383524060137,9,0,0.75,0.0,0.28260469698152546,0.22192980980037894,2,1.0,-22.647127160281833,markup,4.144046701625026,21.182037452311686,17,1,0.7083333333333334,0.041666666666666664,0.1726686125677094,-0.04132246193297162,1,0.9949491916653014,-17.03799075068666,markup
2026-08-16-seven-token-pilot,community-signals-v1,solana,CATE,Ai66LHZG9MCzg1WKdawwqduVAXpNDUuV8M3uyq5ppump,2026-08-15T17:00:00Z,0.658021528295194,-1.3226558147145573,1,0,1.0,0.0,0.658021528295194,0.658021528295194,0,1.0,1.9806773430097513,accumulation_divergence,1.834531462215816,8.72846323173684,3,0,0.75,0.0,0.458632865553954,-0.021667457270357904,0,1.0,-6.893931769521023,markup,4.070754991303804,25.6040653445762,9,0,0.75,0.0,0.3392295826086504,0.27870233281318735,2,1.0,-21.533310353272395,markup,4.826648981355142,22.58380893917149,17,1,0.7083333333333334,0.041666666666666664,0.2011103742231309,-0.012993029231693015,1,0.9956605063722643,-17.75715995781635,markup
2026-08-16-seven-token-pilot,community-signals-v1,solana,CATE,Ai66LHZG9MCzg1WKdawwqduVAXpNDUuV8M3uyq5ppump,2026-08-15T18:00:00Z,0.13077715779772348,-1.4661314450293172,1,0,1.0,0.0,0.13077715779772348,-0.5272443704974705,0,1.0,1.5969086028270407,accumulation_divergence,1.7919886159157628,9.435855551536587,3,0,0.75,0.0,0.4479971539789407,-0.024578377604350665,1,1.0,-7.643866935620824,markup,4.20685576678006,17.794858366091248,10,0,0.8333333333333334,0.0,0.35057131389833834,0.2900440641028753,2,1.0,-13.588002599311189,markup,4.963738293507536,22.68248973158624,18,1,0.75,0.041666666666666664,0.20682242889614733,-0.009810525384397945,1,0.9957798494160585,-17.718751438078705,markup
2026-08-16-seven-token-pilot,community-signals-v1,solana,CATE,Ai66LHZG9MCzg1WKdawwqduVAXpNDUuV8M3uyq5ppump,2026-08-15T19:00:00Z,0.0,-2.218883435109942,0,0,0.0,0.0,0.0,-0.13077715779772348,0,,2.218883435109942,flat,0.7896592279453163,2.0294791833571635,2,0,0.5,0.0,0.19741480698632907,-0.3637165938311593,0,1.0,-1.2398199554118472,markup,4.20685576678006,15.332204437124819,10,0,0.8333333333333334,0.0,0.35057131389833834,0.2966698775699014,2,1.0,-11.12534867034476,markup,4.88088367091204,19.65498780567532,17,1,0.7083333333333334,0.041666666666666664,0.20337015295466832,-0.016721710352635144,1,0.9957118914083672,-14.774104134763279,markup
2026-08-16-seven-token-pilot,community-signals-v1,solana,CATE,Ai66LHZG9MCzg1WKdawwqduVAXpNDUuV8M3uyq5ppump,2026-08-15T20:00:00Z,0.00012157803455092875,2.5769454133151015,1,0,1.0,0.0,0.00012157803455092875,0.00012157803455092875,0,1.0,-2.5768238352805506,markup,0.7897817660320383,-2.4768454514656146,3,0,0.75,0.0,0.19744544150800958,-0.2664973625647993,0,1.0,3.266627217497653,accumulation_divergence,4.087905661265867,20.40446392715991,10,0,0.8333333333333334,0.0,0.3406588051054889,0.2771623533383838,2,1.0,-16.31655826589404,markup,4.881011183029016,23.488062600035953,18,1,0.75,0.041666666666666664,0.20337546595954234,-0.01671639734776112,1,0.9957120029510719,-18.607051417006936,markup
2026-08-16-seven-token-pilot,community-signals-v1,solana,CATE,Ai66LHZG9MCzg1WKdawwqduVAXpNDUuV8M3uyq5ppump,2026-08-15T21:00:00Z,0.0,-1.369331698156817,0,0,0.0,0.0,0.0,-0.00012157803455092875,0,,1.369331698156817,flat,0.1308988948285572,-2.5229753856689685,2,0,0.5,0.0,0.0327247237071393,-0.4259081418468147,0,1.0,2.6538742804975257,accumulation_divergence,3.926839038520691,17.558090845999818,9,0,0.75,0.0,0.3272365865433909,0.2507266627245578,2,1.0,-13.631251807479128,markup,4.881011183029016,21.57495848801947,18,1,0.75,0.041666666666666664,0.20337546595954234,-0.01845065200976695,1,0.9957120029510719,-16.693947304990452,markup
2026-08-16-seven-token-pilot,community-signals-v1,solana,CATE,Ai66LHZG9MCzg1WKdawwqduVAXpNDUuV8M3uyq5ppump,2026-08-15T22:00:00Z,0.06494539162196222,-3.221635952037638,1,0,1.0,0.0,0.06494539162196222,0.06494539162196222,0,1.0,3.2865813436596003,accumulation_divergence,0.06506704861584112,-4.259650891764133,2,0,0.5,0.0,0.01626676215396028,-0.4317303918249804,0,1.0,4.3247179403799745,accumulation_divergence,3.783649788493837,15.503437187291524,9,0,0.75,0.0,0.31530414904115306,0.23498715509413698,1,1.0,-11.719787398797688,markup,4.7839206811172375,17.600105591533797,18,1,0.75,0.041666666666666664,0.1993300283798849,-0.031183245729790587,1,0.9956322142851902,-12.81618491041656,markup
2026-08-16-seven-token-pilot,community-signals-v1,solana,CATE,Ai66LHZG9MCzg1WKdawwqduVAXpNDUuV8M3uyq5ppump,2026-08-15T23:00:00Z,0.09487345336409714,6.947404100895205,1,0,1.0,0.0,0.09487345336409714,0.029928061742134915,0,1.0,-6.852530647531108,markup,0.1600022333359652,4.7153291407170395,3,0,0.75,0.0,0.0400005583339913,-0.15741424865233777,0,1.0,-4.555326907381074,markup,3.2167942905560576,15.045313456050646,9,0,0.75,0.0,0.2680661908796715,0.14056303052968902,1,1.0,-11.828519165494589,markup,4.79605038734483,29.06352106963348,18,1,0.75,0.041666666666666664,0.19983543280603458,-0.03503621425029285,1,0.9956468226115467,-24.26747068228865,markup
2026-08-16-seven-token-pilot,community-signals-v1,solana,CATE,Ai66LHZG9MCzg1WKdawwqduVAXpNDUuV8M3uyq5ppump,2026-08-16T00:00:00Z,0.0,3.3848543490409444,0,0,0.0,0.0,0.0,-0.09487345336409714,0,,-3.3848543490409444,flat,0.15988046092187957,5.540080255886015,2,0,0.5,0.0,0.039970115230469894,-0.15747532627753968,0,1.0,-5.380199794964136,markup,2.824343141180763,18.476331347920127,8,0,0.6666666666666666,0.0,0.23536192843173023,0.07770963832971303,1,1.0,-15.651988206739365,markup,4.769602322113919,37.703842165552736,17,1,0.7083333333333334,0.041666666666666664,0.19873343008807998,-0.03724934242694544,3,0.995623889208933,-32.93423984343882,markup
2026-08-16-seven-token-pilot,community-signals-v1,solana,CATE,Ai66LHZG9MCzg1WKdawwqduVAXpNDUuV8M3uyq5ppump,2026-08-16T01:00:00Z,0.030053526099438344,-3.107235106103534,1,0,1.0,0.0,0.030053526099438344,0.030053526099438344,0,1.0,3.1372886322029725,accumulation_divergence,0.18998203673736835,3.6804308353797,3,0,0.75,0.0,0.04749550918434209,0.014770785477202786,0,1.0,-3.4904487986423316,markup,2.1615523020073635,9.885985457140523,8,0,0.6666666666666666,0.0,0.18012935850061362,-0.021819295345054668,0,1.0,-7.724433155133159,markup,4.6373188574682755,30.736810386733882,17,1,0.7083333333333334,0.041666666666666664,0.19322161906117816,-0.04962983104072244,2,0.995506619768779,-26.099491529265606,markup
2026-08-16-seven-token-pilot,community-signals-v1,solana,CATE,Ai66LHZG9MCzg1WKdawwqduVAXpNDUuV8M3uyq5ppump,2026-08-16T02:00:00Z,-0.03627606868794597,-3.3464175756773518,0,1,0.0,1.0,-0.03627606868794597,-0.06632959478738432,-1,,3.310141506989406,markdown,0.08863409465345029,3.5467500005508246,2,1,0.5,0.25,0.022158523663362573,0.0058917615094022935,-1,0.7093253208406725,-3.4581159058973743,markup,1.9485027712327296,8.490351581912158,7,1,0.5833333333333334,0.08333333333333333,0.1623752309360608,-0.04363966850963186,0,0.9813667356041046,-6.541848810679428,markup,4.468852036879278,27.741015860521443,16,2,0.6666666666666666,0.08333333333333333,0.18620216820330326,-0.06390499706486935,2,0.9870096225518518,-23.272163823642167,markup
2026-08-16-seven-token-pilot,community-signals-v1,solana,CATE,Ai66LHZG9MCzg1WKdawwqduVAXpNDUuV8M3uyq5ppump,2026-08-16T03:00:00Z,-0.1819833204004806,-2.348806867057207,0,1,0.0,1.0,-0.1819833204004806,-0.14570725171253462,0,,2.1668235466567265,markdown,-0.188205421396892,-5.453865219083931,1,2,0.25,0.5,-0.047051355349223,-0.0870519136832143,-1,0.0,5.265659797687039,markdown,0.7609298200062398,1.0135678081913069,6,2,0.5,0.16666666666666666,0.06341081833385331,-0.22932918069630825,-1,0.7754586217839653,-0.2526379881850671,markup,4.300540359740657,16.740802969726087,16,2,0.6666666666666666,0.08333333333333333,0.1791891816558607,8.072953336102362e-05,1,0.9496370266042469,-12.44026260998543,markup
2026-08-16-seven-token-pilot,community-signals-v1,solana,CATE,Ai66LHZG9MCzg1WKdawwqduVAXpNDUuV8M3uyq5ppump,2026-08-16T04:00:00Z,0.00723352006382072,6.175750209098019,1,0,1.0,0.0,0.00723352006382072,0.18921684046430132,0,1.0,-6.168516689034198,markup,-0.18098551520998596,-2.9015724504197427,2,2,0.5,0.5,-0.04524637880249649,-0.08521649403296638,-1,0.0,2.7205869352097567,markdown,0.7682183820812538,-0.060457333748298314,7,2,0.5833333333333334,0.16666666666666666,0.06401819850677115,-0.2185864984747543,-1,0.7771141567839668,0.8286757158295521,accumulation_divergence,4.185527000629619,25.962184077882043,16,2,0.6666666666666666,0.08333333333333333,0.17439695835956745,-0.013554467729963882,1,0.9483822081786157,-21.776657077252423,markup
2026-08-16-seven-token-pilot,community-signals-v1,solana,CATE,Ai66LHZG9MCzg1WKdawwqduVAXpNDUuV8M3uyq5ppump,2026-08-16T05:00:00Z,6.079611534204332e-05,-3.520828262550013,1,0,1.0,0.0,6.079611534204332e-05,-0.0071727239484786764,0,1.0,3.520889058665355,accumulation_divergence,-0.2109149678413358,-3.31604349147423,2,2,0.5,0.5,-0.05272874196033395,-0.10022425114467604,-1,0.0,3.105128523632894,markdown,0.10953733768483964,-2.286746974516607,7,2,0.5833333333333334,0.16666666666666666,0.009128111473736636,-0.3301014711349137,-1,0.3335166482652179,2.3962843122014466,accumulation_divergence,4.18475132562981,22.731818180439234,16,2,0.6666666666666666,0.08333333333333333,0.17436463856790874,-0.013621855927809873,1,0.9483735286786654,-18.547066854809422,markup
2026-08-16-seven-token-pilot,community-signals-v1,solana,CATE,Ai66LHZG9MCzg1WKdawwqduVAXpNDUuV8M3uyq5ppump,2026-08-16T06:00:00Z,0.0,2.1752013786444646,0,0,0.0,0.0,0.0,-6.079611534204332e-05,0,,-2.1752013786444646,flat,-0.17470227427041074,2.207310671360796,2,1,0.5,0.25,-0.043675568567602685,-0.06583409223096526,0,0.0,-2.3820129456312067,distribution_divergence,-0.021212079558108332,1.3242598880743417,6,2,0.5,0.16666666666666666,-0.0017676732965090276,-0.35233898719484735,-1,0.0,-1.34547196763245,distribution_divergence,4.18475132562981,19.354768425647386,16,2,0.6666666666666666,0.08333333333333333,0.17436463856790874,-0.013621855927809873,1,0.9483735286786654,-15.170017100017576,markup
2026-08-16-seven-token-pilot,community-signals-v1,solana,CATE,Ai66LHZG9MCzg1WKdawwqduVAXpNDUuV8M3uyq5ppump,2026-08-16T07:00:00Z,0.0,-0.5285986350810012,0,0,0.0,0.0,0.0,0.0,0,,0.5285986350810012,flat,0.007294320576867186,4.112444467308252,2,0,0.5,0.0,0.0018235801442167965,0.0488749354934398,0,1.0,-4.1051501467313845,markup,-0.021212079558108332,3.075792928191934,6,2,0.5,0.16666666666666666,-0.0017676732965090276,-0.35233898719484735,-1,0.0,-3.097005007750042,distribution_divergence,4.18475132562981,18.879584225129765,16,2,0.6666666666666666,0.08333333333333333,0.17436463856790874,-0.013621855927809873,1,0.9483735286786654,-14.694832899499955,markup
2026-08-16-seven-token-pilot,community-signals-v1,solana,CATE,Ai66LHZG9MCzg1WKdawwqduVAXpNDUuV8M3uyq5ppump,2026-08-16T08:00:00Z,0.0,1.5270359830634073,0,0,0.0,0.0,0.0,0.0,0,,-1.5270359830634073,flat,6.079611534204332e-05,-0.4459316284505799,1,0,0.25,0.0,1.519902883551083e-05,0.045261577831332,0,1.0,0.4459924245659219,accumulation_divergence,-0.021333631655651164,2.0207776263624355,5,2,0.4166666666666667,0.16666666666666666,-0.0017778026379709304,-0.34243660774345985,-1,0.0,-2.0421112580180867,distribution_divergence,4.0656999308740005,22.83757039534158,15,2,0.625,0.08333333333333333,0.16940416378641668,-0.02356406371891534,1,0.9469994323900467,-18.77187046446758,markup
2026-08-16-seven-token-pilot,community-signals-v1,solana,CATE,Ai66LHZG9MCzg1WKdawwqduVAXpNDUuV8M3uyq5ppump,2026-08-16T09:00:00Z,-0.19171592790468983,4.627617938392281,0,1,0.0,1.0,-0.19171592790468983,-0.19171592790468983,-1,,-4.8193338662969705,distribution_divergence,-0.19171592790468983,7.962214457401595,0,1,0.0,0.25,-0.04792898197617246,0.004799759984161489,-1,,-8.153930385306285,distribution_divergence,-0.21300865959045234,8.22385295618291,5,3,0.4166666666666667,0.25,-0.017750721632537696,-0.3449873081759286,-2,0.0,-8.436861615773362,distribution_divergence,3.705465871730018,27.22589537527078,14,3,0.5833333333333334,0.125,0.1543944113220841,-0.045330412220446564,0,0.8968033563240752,-23.52042950354076,markup
2026-08-16-seven-token-pilot,community-signals-v1,solana,TOAD,A13oRB9FFaiUjfi6LdCg6p9ka1u8SfGkUFs4SKvPpump,2026-08-12T11:00:00Z,,,,,,,,,,,,unavailable,,,,,,,,,,,,unavailable,,,,,,,,,,,,unavailable,,,,,,,,,,,,unavailable
2026-08-16-seven-token-pilot,community-signals-v1,solana,TOAD,A13oRB9FFaiUjfi6LdCg6p9ka1u8SfGkUFs4SKvPpump,2026-08-12T12:00:00Z,0.051815876561067675,-2.554246344554467,1,0,1.0,0.0,0.051815876561067675,,0,1.0,2.606062221115535,accumulation_divergence,,,,,,,,,,,,unavailable,,,,,,,,,,,,unavailable,,,,,,,,,,,,unavailable
2026-08-16-seven-token-pilot,community-signals-v1,solana,TOAD,A13oRB9FFaiUjfi6LdCg6p9ka1u8SfGkUFs4SKvPpump,2026-08-12T13:00:00Z,0.2598783102736979,-14.727214261023603,1,0,1.0,0.0,0.2598783102736979,0.20806243371263022,-1,1.0,14.9870925712973,accumulation_divergence,,,,,,,,,,,,unavailable,,,,,,,,,,,,unavailable,,,,,,,,,,,,unavailable
2026-08-16-seven-token-pilot,community-signals-v1,solana,TOAD,A13oRB9FFaiUjfi6LdCg6p9ka1u8SfGkUFs4SKvPpump,2026-08-12T14:00:00Z,1.8360971154862238,-10.228907398022702,1,0,1.0,0.0,1.8360971154862238,1.5762188052125259,1,1.0,12.065004513508926,accumulation_divergence,,,,,,,,,,,,unavailable,,,,,,,,,,,,unavailable,,,,,,,,,,,,unavailable
2026-08-16-seven-token-pilot,community-signals-v1,solana,TOAD,A13oRB9FFaiUjfi6LdCg6p9ka1u8SfGkUFs4SKvPpump,2026-08-12T15:00:00Z,0.0,-4.014623486402047,0,0,0.0,0.0,0.0,-1.8360971154862238,0,,4.014623486402047,flat,2.1536514409748575,-28.399681592421857,3,0,0.75,0.0,0.5384128602437144,,0,1.0,30.553333033396715,accumulation_divergence,,,,,,,,,,,,unavailable,,,,,,,,,,,,unavailable
2026-08-16-seven-token-pilot,community-signals-v1,solana,TOAD,A13oRB9FFaiUjfi6LdCg6p9ka1u8SfGkUFs4SKvPpump,2026-08-12T16:00:00Z,0.0,-1.8661864480223112,0,0,0.0,0.0,0.0,0.0,0,,1.8661864480223112,flat,2.100747043918627,-27.894115102070906,2,0,0.5,0.0,0.5251867609796568,,0,1.0,29.994862145989533,accumulation_divergence,,,,,,,,,,,,unavailable,,,,,,,,,,,,unavailable
2026-08-16-seven-token-pilot,community-signals-v1,solana,TOAD,A13oRB9FFaiUjfi6LdCg6p9ka1u8SfGkUFs4SKvPpump,2026-08-12T17:00:00Z,0.0,-2.33796370802708,0,0,0.0,0.0,0.0,0.0,0,,2.33796370802708,flat,1.8360971154862238,-17.417878555976152,1,0,0.25,0.0,0.45902427887155595,,1,1.0,19.253975671462378,accumulation_divergence,,,,,,,,,,,,unavailable,,,,,,,,,,,,unavailable
2026-08-16-seven-token-pilot,community-signals-v1,solana,TOAD,A13oRB9FFaiUjfi6LdCg6p9ka1u8SfGkUFs4SKvPpump,2026-08-12T18:00:00Z,0.6831086508908291,1.214354424531816,1,0,1.0,0.0,0.6831086508908291,0.6831086508908291,0,1.0,-0.531245773640987,markup,0.6831086508908291,-6.891006150224199,1,0,0.25,0.0,0.17077716272270727,,0,1.0,7.574114801115028,accumulation_divergence,,,,,,,,,,,,unavailable,,,,,,,,,,,,unavailable
2026-08-16-seven-token-pilot,community-signals-v1,solana,TOAD,A13oRB9FFaiUjfi6LdCg6p9ka1u8SfGkUFs4SKvPpump,2026-08-12T19:00:00Z,0.5649178564725466,1.4631661059165468,1,0,1.0,0.0,0.5649178564725466,-0.11819079441828251,0,1.0,-0.8982482494440003,markup,1.2518855101113724,-1.577368844344551,2,0,0.5,0.0,0.3129713775278431,-0.22544148271587128,0,1.0,2.8292543544559234,accumulation_divergence,,,,,,,,,,,,unavailable,,,,,,,,,,,,unavailable
2026-08-16-seven-token-pilot,community-signals-v1,solana,TOAD,A13oRB9FFaiUjfi6LdCg6p9ka1u8SfGkUFs4SKvPpump,2026-08-12T20:00:00Z,1.4514698470792453,-1.4276853525377775,1,0,1.0,0.0,1.4514698470792453,0.8865519906066988,0,1.0,2.879155199617023,accumulation_divergence,2.721526097889826,-1.137577196388606,3,0,0.75,0.0,0.6803815244724565,0.1551947634927997,0,1.0,3.859103294278432,accumulation_divergence,,,,,,,,,,,,unavailable,,,,,,,,,,,,unavailable
2026-08-16-seven-token-pilot,community-signals-v1,solana,TOAD,A13oRB9FFaiUjfi6LdCg6p9ka1u8SfGkUFs4SKvPpump,2026-08-12T21:00:00Z,0.0,4.5334009265939335,0,0,0.0,0.0,0.0,-1.4514698470792453,0,,-4.5334009265939335,flat,2.721526097889826,5.818244958647911,3,0,0.75,0.0,0.6803815244724565,0.22135724560090053,0,1.0,-3.0967188607580853,markup,,,,,,,,,,,,unavailable,,,,,,,,,,,,unavailable
2026-08-16-seven-token-pilot,community-signals-v1,solana,TOAD,A13oRB9FFaiUjfi6LdCg6p9ka1u8SfGkUFs4SKvPpump,2026-08-12T22:00:00Z,0.008825181244698221,-5.8604043390138365,1,0,1.0,0.0,0.008825181244698221,0.008825181244698221,0,1.0,5.869229520258535,accumulation_divergence,2.0335911706440335,-1.5783200851218426,3,0,0.75,0.0,0.5083977926610084,0.3376206299383011,0,1.0,3.611911255765876,accumulation_divergence,,,,,,,,,,,,unavailable,,,,,,,,,,,,unavailable
2026-08-16-seven-token-pilot,community-signals-v1,solana,TOAD,A13oRB9FFaiUjfi6LdCg6p9ka1u8SfGkUFs4SKvPpump,2026-08-12T23:00:00Z,0.0,11.56471924710354,0,0,0.0,0.0,0.0,-0.008825181244698221,0,,-11.56471924710354,flat,1.4604231231686526,8.220426278333726,2,0,0.5,0.0,0.36510578079216316,0.05213440326432006,0,1.0,-6.760003155165073,markup,4.9430503220185384,-23.736072903733607,7,0,0.5833333333333334,0.0,0.41192086016821156,,0,1.0,28.679123225752146,accumulation_divergence,,,,,,,,,,,,unavailable
2026-08-16-seven-token-pilot,community-signals-v1,solana,TOAD,A13oRB9FFaiUjfi6LdCg6p9ka1u8SfGkUFs4SKvPpump,2026-08-13T00:00:00Z,0.16065639337909943,-3.337216907324647,1,0,1.0,0.0,0.16065639337909943,0.16065639337909943,0,1.0,3.4978733007037466,accumulation_divergence,0.16949575284170848,6.123992613465079,2,0,0.5,0.0,0.04237393821042712,-0.6380075862620294,0,1.0,-5.954496860623371,markup,5.057211726621147,-24.348848809072308,7,0,0.5833333333333334,0.0,0.4214343105517622,,0,1.0,29.406060535693456,accumulation_divergence,,,,,,,,,,,,unavailable
2026-08-16-seven-token-pilot,community-signals-v1,solana,TOAD,A13oRB9FFaiUjfi6LdCg6p9ka1u8SfGkUFs4SKvPpump,2026-08-13T01:00:00Z,0.0,-0.2086440668067735,0,0,0.0,0.0,0.0,-0.16065639337909943,0,,0.2086440668067735,flat,0.16949575284170848,1.309792143648103,2,0,0.5,0.0,0.04237393821042712,-0.6380075862620294,0,1.0,-1.1402963908063946,markup,4.7848985029696145,-11.468461012186214,6,0,0.5,0.0,0.3987415419141345,,1,1.0,16.25335951515583,accumulation_divergence,,,,,,,,,,,,unavailable
2026-08-16-seven-token-pilot,community-signals-v1,solana,TOAD,A13oRB9FFaiUjfi6LdCg6p9ka1u8SfGkUFs4SKvPpump,2026-08-13T02:00:00Z,-0.18663326299903638,-4.674008502674387,0,1,0.0,1.0,-0.18663326299903638,-0.18663326299903638,-1,,4.487375239675351,markdown,-0.026276707889116846,2.5865505016559043,1,1,0.25,0.25,-0.0065691769722792115,-0.5149669696332876,-1,0.0,-2.612827209545021,distribution_divergence,2.7035972413149256,-5.9902638122552805,5,1,0.4166666666666667,0.08333333333333333,0.22529977010957714,,-1,0.9336803502479276,8.693861053570206,accumulation_divergence,,,,,,,,,,,,unavailable
2026-08-16-seven-token-pilot,community-signals-v1,solana,TOAD,A13oRB9FFaiUjfi6LdCg6p9ka1u8SfGkUFs4SKvPpump,2026-08-13T03:00:00Z,-1.305262195666923,1.3926165364237075,0,1,0.0,1.0,-1.305262195666923,-1.1186289326678867,-1,,-2.6978787320906306,distribution_divergence,-1.3311959236216975,-6.76695242901435,1,2,0.25,0.5,-0.33279898090542437,-0.6979047616975875,-2,0.0,5.435756505392653,markdown,1.3630460129339994,-0.6943195078887632,5,2,0.4166666666666667,0.16666666666666666,0.11358716774449995,,-2,0.47072443310428325,2.0573655208227626,accumulation_divergence,,,,,,,,,,,,unavailable
2026-08-16-seven-token-pilot,community-signals-v1,solana,TOAD,A13oRB9FFaiUjfi6LdCg6p9ka1u8SfGkUFs4SKvPpump,2026-08-13T04:00:00Z,-0.547396178770454,-1.740668503366949,0,1,0.0,1.0,-0.547396178770454,0.757866016896469,0,,1.193272324596495,markdown,-2.0287023401413307,-5.227051874393873,0,3,0.0,0.75,-0.5071755850353327,-0.5495495232457598,-2,,3.1983495342525425,markdown,0.8081885723738802,-0.567302688132032,5,3,0.4166666666666667,0.25,0.06734904769782335,,-2,0.279105843795509,1.3754912605059122,accumulation_divergence,,,,,,,,,,,,unavailable
2026-08-16-seven-token-pilot,community-signals-v1,solana,TOAD,A13oRB9FFaiUjfi6LdCg6p9ka1u8SfGkUFs4SKvPpump,2026-08-13T05:00:00Z,0.0,1.7188172999827556,0,0,0.0,0.0,0.0,0.547396178770454,0,,-1.7188172999827556,flat,-2.0287023401413307,-3.3965206182483443,0,3,0.0,0.75,-0.5071755850353327,-0.5495495232457598,-2,,1.3678182781070136,markdown,0.8081885723738802,3.5630297659654087,5,3,0.4166666666666667,0.25,0.06734904769782335,,-2,0.279105843795509,-2.7548411935915285,markup,,,,,,,,,,,,unavailable
2026-08-16-seven-token-pilot,community-signals-v1,solana,TOAD,A13oRB9FFaiUjfi6LdCg6p9ka1u8SfGkUFs4SKvPpump,2026-08-13T06:00:00Z,0.0,3.693032274226038,0,0,0.0,0.0,0.0,0.0,0,,-3.693032274226038,flat,-1.8455134190553668,5.082649002560169,0,2,0.0,0.5,-0.4613783547638417,-0.4548091777915625,-1,,-6.928162421615536,distribution_divergence,0.12423128681569029,6.099225243253392,4,3,0.3333333333333333,0.25,0.010352607234640857,,-2,0.056532631693297336,-5.974993956437702,markup,,,,,,,,,,,,unavailable
2026-08-16-seven-token-pilot,community-signals-v1,solana,TOAD,A13oRB9FFaiUjfi6LdCg6p9ka1u8SfGkUFs4SKvPpump,2026-08-13T07:00:00Z,0.0,-5.720873690386064,0,0,0.0,0.0,0.0,0.0,0,,5.720873690386064,flat,-0.547396178770454,-2.2897260501978822,0,1,0.0,0.25,-0.1368490446926135,0.19594993621281087,0,,1.7423298714274282,markdown,-0.4382110372583514,-1.4130679933752721,3,3,0.25,0.25,-0.03651758643819595,,-2,0.0,0.9748569561169207,markdown,,,,,,,,,,,,unavailable
2026-08-16-seven-token-pilot,community-signals-v1,solana,TOAD,A13oRB9FFaiUjfi6LdCg6p9ka1u8SfGkUFs4SKvPpump,2026-08-13T08:00:00Z,0.0,0.3425064610169226,0,0,0.0,0.0,0.0,0.0,0,,-0.3425064610169226,flat,0.0,-0.21819153683420023,0,0,0.0,0.0,0.0,0.5071755850353327,0,,0.21819153683420023,flat,-1.862645151603981,0.3573863231917551,2,3,0.16666666666666666,0.25,-0.15522042930033175,,-2,0.0,-2.220031474795736,distribution_divergence,,,,,,,,,,,,unavailable
2026-08-16-seven-token-pilot,community-signals-v1,solana,TOAD,A13oRB9FFaiUjfi6LdCg6p9ka1u8SfGkUFs4SKvPpump,2026-08-13T09:00:00Z,0.0,-2.450139481554592,0,0,0.0,0.0,0.0,0.0,0,,2.450139481554592,flat,0.0,-4.307759800686273,0,0,0.0,0.0,0.0,0.5071755850353327,0,,4.307759800686273,flat,-1.862645151603981,-6.347167976503676,2,3,0.16666666666666666,0.25,-0.15522042930033175,,-2,0.0,4.484522824899695,markdown,,,,,,,,,,,,unavailable
2026-08-16-seven-token-pilot,community-signals-v1,solana,TOAD,A13oRB9FFaiUjfi6LdCg6p9ka1u8SfGkUFs4SKvPpump,2026-08-13T10:00:00Z,0.0,-2.5066554438207267,0,0,0.0,0.0,0.0,0.0,0,,2.5066554438207267,flat,0.0,-10.029089317862772,0,0,0.0,0.0,0.0,0.4613783547638417,0,,10.029089317862772,flat,-1.871305186774297,-3.0107601692979324,1,3,0.08333333333333333,0.25,-0.15594209889785807,,-2,0.0,1.1394549825236355,markdown,,,,,,,,,,,,unavailable
2026-08-16-seven-token-pilot,community-signals-v1,solana,TOAD,A13oRB9FFaiUjfi6LdCg6p9ka1u8SfGkUFs4SKvPpump,2026-08-13T11:00:00Z,0.0,2.8902033162680363,0,0,0.0,0.0,0.0,0.0,0,,-2.8902033162680363,flat,0.0,-1.8115074355444793,0,0,0.0,0.0,0.0,0.1368490446926135,0,,1.8115074355444793,flat,-1.871305186774297,-10.551985672385388,1,3,0.08333333333333333,0.25,-0.15594209889785807,-0.5678629590660697,-2,0.0,8.680680485611092,markdown,2.9792455781834537,-31.783431564130083,8,3,0.3333333333333333,0.125,0.12413523242431057,,-2,0.5828346462510048,34.762677142313535,accumulation_divergence
2026-08-16-seven-token-pilot,community-signals-v1,solana,TOAD,A13oRB9FFaiUjfi6LdCg6p9ka1u8SfGkUFs4SKvPpump,2026-08-13T12:00:00Z,4.2091817356807,-4.69962106655315,1,0,1.0,0.0,4.2091817356807,4.2091817356807,1,1.0,8.90880280223385,accumulation_divergence,4.2091817356807,-6.745397555602317,1,0,0.25,0.0,1.052295433920175,1.052295433920175,1,1.0,10.954579291283018,accumulation_divergence,2.095087627166814,-11.812701977623941,1,3,0.08333333333333333,0.25,0.1745906355972345,-0.24684367495452772,-1,0.508049062579781,13.907789604790755,accumulation_divergence,7.258252370952012,-33.28529384189831,8,3,0.3333333333333333,0.125,0.3024271821230005,,-1,0.7730138288859911,40.54354621285032,accumulation_divergence
2026-08-16-seven-token-pilot,community-signals-v1,solana,TOAD,A13oRB9FFaiUjfi6LdCg6p9ka1u8SfGkUFs4SKvPpump,2026-08-13T13:00:00Z,-0.09629805296322846,0.4555718413606913,0,1,0.0,1.0,-0.09629805296322846,-4.305479788643929,-1,,-0.5518698943239198,distribution_divergence,4.1088303226603395,-3.967628804355239,1,1,0.25,0.25,1.0272075806650849,1.0272075806650849,0,0.9761589260521341,8.076459127015578,accumulation_divergence,1.9967720456107507,-11.225723218822626,1,4,0.08333333333333333,0.3333333333333333,0.16639767046756257,-0.23234387144657195,-2,0.48420798863191505,13.222495264433377,accumulation_divergence,6.877214064298509,-21.40676654032223,7,4,0.2916666666666667,0.16666666666666666,0.2865505860124379,,-1,0.7552392157129256,28.28398060462074,accumulation_divergence
2026-08-16-seven-token-pilot,community-signals-v1,solana,TOAD,A13oRB9FFaiUjfi6LdCg6p9ka1u8SfGkUFs4SKvPpump,2026-08-13T14:00:00Z,0.12524042343355912,-0.8503819397465806,1,0,1.0,0.0,0.12524042343355912,0.2215384763967876,0,1.0,0.9756223631801397,accumulation_divergence,4.239216662588152,-2.33617516340332,2,1,0.5,0.25,1.059804165647038,1.059804165647038,0,0.9768752531883491,6.575391825991472,accumulation_divergence,2.3154679311619075,-7.664892877868478,2,3,0.16666666666666666,0.25,0.19295566093015895,-0.032344109179418185,-1,0.5436033308308814,9.980360809030387,accumulation_divergence,5.081666099587245,-13.196009385812669,7,4,0.2916666666666667,0.16666666666666666,0.2117360874828019,,-2,0.6989648006067143,18.277675485399914,accumulation_divergence
2026-08-16-seven-token-pilot,community-signals-v1,solana,TOAD,A13oRB9FFaiUjfi6LdCg6p9ka1u8SfGkUFs4SKvPpump,2026-08-13T15:00:00Z,1.1240099362155975,5.087440871551396,1,0,1.0,0.0,1.1240099362155975,0.9987695127820384,1,1.0,-3.963430935335799,markup,5.4108758153089465,-0.2505477974628745,3,1,0.75,0.25,1.3527189538272366,1.3527189538272366,1,0.981791457898064,5.661423612771821,accumulation_divergence,4.8338607090874675,-4.300131098997573,3,2,0.25,0.16666666666666666,0.402821725757289,0.289234558012789,1,0.8819209437036,9.13399180808504,accumulation_divergence,6.262794467687494,-4.9645939578012115,8,4,0.3333333333333333,0.16666666666666666,0.2609497694869789,,-1,0.7410360651439218,11.227388425488705,accumulation_divergence
2026-08-16-seven-token-pilot,community-signals-v1,solana,TOAD,A13oRB9FFaiUjfi6LdCg6p9ka1u8SfGkUFs4SKvPpump,2026-08-13T16:00:00Z,0.0,7.90343666088944,0,0,0.0,0.0,0.0,-1.1240099362155975,0,,-7.90343666088944,flat,1.1531556621145578,12.94088038423704,2,1,0.5,0.25,0.28828891552863944,-0.7640065183915357,0,0.9229278749575516,-11.787724722122483,markup,5.4108758153089465,5.092764067589672,3,1,0.25,0.08333333333333333,0.4509063179424122,0.38355727024458885,1,0.981791457898064,0.3181117477192741,markup,6.262794467687494,4.496569992001986,8,4,0.3333333333333333,0.16666666666666666,0.2609497694869789,,-1,0.7410360651439218,1.7662244756855072,markup
2026-08-16-seven-token-pilot,community-signals-v1,solana,TOAD,A13oRB9FFaiUjfi6LdCg6p9ka1u8SfGkUFs4SKvPpump,2026-08-13T17:00:00Z,-1.4354655394952287,1.8921765937240709,0,1,0.0,1.0,-1.4354655394952287,-1.4354655394952287,-1,,-3.3276421332192996,distribution_divergence,-0.20276023071821303,14.556036243907311,2,1,0.5,0.25,-0.05069005767955326,-1.0778976383446381,0,0.0,-14.758796474625523,distribution_divergence,3.897739018100066,5.271873575935104,3,2,0.25,0.16666666666666666,0.32481158484167216,0.2574625371438488,0,0.7072361302877439,-1.3741345578350384,markup,4.737428671799182,9.022741766635157,8,5,0.3333333333333333,0.20833333333333334,0.19739286132496592,,-2,0.5605493713649435,-4.285313094835975,markup
2026-08-16-seven-token-pilot,community-signals-v1,solana,TOAD,A13oRB9FFaiUjfi6LdCg6p9ka1u8SfGkUFs4SKvPpump,2026-08-13T18:00:00Z,0.6063836540823875,-4.108974925439801,1,0,1.0,0.0,0.6063836540823875,2.041849193577616,0,1.0,4.715358579522189,accumulation_divergence,0.276806820999842,10.791104986720178,2,1,0.5,0.25,0.0692017052499605,-0.9906024603970776,0,0.16015139909343623,-10.514298165720337,markup,4.527757924467002,-2.6489278274770878,4,2,0.3333333333333333,0.16666666666666666,0.37731316037225016,0.3669605531376093,0,0.7372702258075108,7.17668575194409,accumulation_divergence,4.657614103216168,3.2887333410472452,8,5,0.3333333333333333,0.20833333333333334,0.19406725430067365,,-2,0.5580393468250038,1.3688807621689225,markup
2026-08-16-seven-token-pilot,community-signals-v1,solana,TOAD,A13oRB9FFaiUjfi6LdCg6p9ka1u8SfGkUFs4SKvPpump,2026-08-13T19:00:00Z,0.40176886211900076,-6.217634780392112,1,0,1.0,0.0,0.40176886211900076,-0.20461479196338672,0,1.0,6.619403642511113,accumulation_divergence,-0.43938341622528077,-1.127558300248832,2,1,0.5,0.25,-0.10984585405632019,-1.462564807883557,-1,0.0,0.6881748840235513,markdown,4.9477179080786415,-3.161875142738202,5,2,0.4166666666666667,0.16666666666666666,0.4123098256732201,0.4488274121114161,0,0.7540866448735566,8.109593050816844,accumulation_divergence,4.487825424854686,-4.530263690480951,8,5,0.3333333333333333,0.20833333333333334,0.1869927260356119,,-2,0.5502564336577538,9.018089115335638,accumulation_divergence
2026-08-16-seven-token-pilot,community-signals-v1,solana,TOAD,A13oRB9FFaiUjfi6LdCg6p9ka1u8SfGkUFs4SKvPpump,2026-08-13T20:00:00Z,0.0,2.963076041579793,0,0,0.0,0.0,0.0,-0.40176886211900076,0,,-2.963076041579793,flat,-0.43938341622528077,-5.654434666972453,2,1,0.5,0.25,-0.10984585405632019,-0.39813476958495964,-1,0.0,5.215051250747171,markdown,4.9477179080786415,-0.6328268541320292,5,2,0.4166666666666667,0.16666666666666666,0.4123098256732201,0.5675302549735519,0,0.7540866448735566,5.580544762210671,accumulation_divergence,2.9929143287448,-0.2777021675664293,7,5,0.2916666666666667,0.20833333333333334,0.1247047636977,,-2,0.45288929566456526,3.2706164963112294,accumulation_divergence
2026-08-16-seven-token-pilot,community-signals-v1,solana,TOAD,A13oRB9FFaiUjfi6LdCg6p9ka1u8SfGkUFs4SKvPpump,2026-08-13T21:00:00Z,0.20261626625743823,3.7574948125014718,1,0,1.0,0.0,0.20261626625743823,0.20261626625743823,0,1.0,-3.5548785462440335,markup,1.215252660412891,-3.927270641629721,3,0,0.75,0.0,0.30381316510322276,0.354503222782776,0,1.0,5.142523302042612,accumulation_divergence,5.160359055626373,5.690453040328314,6,2,0.5,0.16666666666666666,0.4300299213021978,0.5852503506025295,0,0.7618062310967331,-0.5300939847019404,markup,3.2015947262674205,-1.0178975492690534,8,5,0.3333333333333333,0.20833333333333334,0.13339978026114252,,-2,0.4696369012784991,4.219492275536474,accumulation_divergence
2026-08-16-seven-token-pilot,community-signals-v1,solana,TOAD,A13oRB9FFaiUjfi6LdCg6p9ka1u8SfGkUFs4SKvPpump,2026-08-13T22:00:00Z,0.4124218744128383,-1.2121909298467681,1,0,1.0,0.0,0.4124218744128383,0.20980560815540006,1,1.0,1.6246128042596064,accumulation_divergence,1.0201170256482595,-1.0249975185519955,3,0,0.75,0.0,0.25502925641206486,0.18582755116210437,1,1.0,2.045114544200255,accumulation_divergence,5.594063379582881,7.093754378992512,7,2,0.5833333333333334,0.16666666666666666,0.4661719482985734,0.6221140471964315,1,0.7761392075902852,-1.4996909994096308,markup,3.6180761946350115,3.869418278344039,8,5,0.3333333333333333,0.20833333333333334,0.1507531747764588,,-1,0.5001949096589845,-0.25134208370902744,markup
2026-08-16-seven-token-pilot,community-signals-v1,solana,TOAD,A13oRB9FFaiUjfi6LdCg6p9ka1u8SfGkUFs4SKvPpump,2026-08-13T23:00:00Z,-1.2468652355027476,3.2601945267621613,0,1,0.0,1.0,-1.2468652355027476,-1.659287109915586,0,,-4.507059762264909,distribution_divergence,-0.6386705770177858,8.977609869283466,2,1,0.5,0.25,-0.15966764425444646,-0.04982179019812627,1,0.0,-9.616280446301252,distribution_divergence,4.277447712548121,7.478861479007137,7,3,0.5833333333333334,0.25,0.3564539760456768,0.5123960749435349,1,0.5934675124066131,-3.201413766459016,markup,2.326098424867351,-3.862292585100635,8,6,0.3333333333333333,0.25,0.09692076770280629,,-1,0.3215804557155851,6.188391009967987,accumulation_divergence
2026-08-16-seven-token-pilot,community-signals-v1,solana,TOAD,A13oRB9FFaiUjfi6LdCg6p9ka1u8SfGkUFs4SKvPpump,2026-08-14T00:00:00Z,-0.33339182765836917,0.6537010367357432,0,1,0.0,1.0,-0.33339182765836917,0.9134734078443785,0,,-0.9870928643941124,distribution_divergence,-0.9699331291667113,6.5333339405210245,2,2,0.5,0.5,-0.24248328229167782,-0.13263742823535762,1,0.0,-7.503267069687736,distribution_divergence,-0.26810162717291197,13.516287260846948,6,4,0.5,0.3333333333333333,-0.022341802264409332,-0.19693243786164383,0,0.0,-13.78438888801986,distribution_divergence,1.8213690359747625,0.10694655065959235,7,7,0.2916666666666667,0.2916666666666667,0.07589037649894843,,-1,0.2579356248759148,1.7144224853151702,markup
2026-08-16-seven-token-pilot,community-signals-v1,solana,TOAD,A13oRB9FFaiUjfi6LdCg6p9ka1u8SfGkUFs4SKvPpump,2026-08-14T01:00:00Z,-0.2830162465577657,-8.269937669905925,0,1,0.0,1.0,-0.2830162465577657,0.05037558110060347,-2,,7.986921423348159,markdown,-1.4498828750989956,-5.8158701667180175,1,3,0.25,0.75,-0.3624707187747489,-0.6662838838779717,-1,0.0,4.365987291619022,markdown,-0.45449872302628647,3.6563319988096143,6,4,0.5,0.3333333333333333,-0.03787489358552387,-0.20427256405308644,-1,0.0,-4.110830721835901,distribution_divergence,1.5331980191354289,-7.97984093016062,7,8,0.2916666666666667,0.3333333333333333,0.06388325079730954,,-3,0.2171258988777976,9.51303894929605,accumulation_divergence
2026-08-16-seven-token-pilot,community-signals-v1,solana,TOAD,A13oRB9FFaiUjfi6LdCg6p9ka1u8SfGkUFs4SKvPpump,2026-08-14T02:00:00Z,0.0,1.3779097863282797,0,0,0.0,0.0,0.0,0.2830162465577657,0,,-1.3779097863282797,flat,-1.8546557435304756,-3.346472531223632,0,3,0.0,0.75,-0.4636639358826189,-0.7186931922946838,-2,,1.4918167876931565,markdown,-0.5790139868909194,5.985907759836273,5,4,0.4166666666666667,0.3333333333333333,-0.048251165574243284,-0.24120682650440223,-1,0.0,-6.564921746727192,distribution_divergence,1.723047061087568,-2.137798535591673,7,7,0.2916666666666667,0.2916666666666667,0.07179362754531533,,-2,0.2435562193474352,3.860845596679241,accumulation_divergence
2026-08-16-seven-token-pilot,community-signals-v1,solana,TOAD,A13oRB9FFaiUjfi6LdCg6p9ka1u8SfGkUFs4SKvPpump,2026-08-14T03:00:00Z,1.0848210350188348,1.5818272920053555,1,0,1.0,0.0,1.0848210350188348,1.0848210350188348,1,1.0,-0.4970062569865208,markup,0.4626798252508335,-4.917456533052311,1,2,0.25,0.5,0.11566995631270838,0.27533760056715484,-1,0.4291446008902964,5.380136358303145,accumulation_divergence,-0.6175429099450014,2.4503222093466004,5,4,0.4166666666666667,0.3333333333333333,-0.05146190916208345,-0.4542836349193724,-1,0.0,-3.0678651192916018,distribution_divergence,4.186466635056885,-1.9551759570007432,8,6,0.3333333333333333,0.25,0.17443610979403687,,0,0.5052332943403376,6.141642592057628,accumulation_divergence
2026-08-16-seven-token-pilot,community-signals-v1,solana,TOAD,A13oRB9FFaiUjfi6LdCg6p9ka1u8SfGkUFs4SKvPpump,2026-08-14T04:00:00Z,-0.7650773708016589,3.2053741359975296,0,1,0.0,1.0,-0.7650773708016589,-1.8498984058204937,-1,,-3.9704515067991886,distribution_divergence,0.027546260446431603,-2.507017911570819,1,2,0.25,0.5,0.006886565111607901,0.24936984740328572,-2,0.025464515541155336,2.5345641720172507,accumulation_divergence,-1.377895599687684,-2.0103143962091896,5,5,0.4166666666666667,0.4166666666666667,-0.11482463330730701,-0.5657309512497192,-2,0.0,0.6324187965215056,markdown,3.958423995857552,2.9800691021647507,8,6,0.3333333333333333,0.25,0.16493433316073133,,-1,0.4750975564763379,0.978354893692801,markup
2026-08-16-seven-token-pilot,community-signals-v1,solana,TOAD,A13oRB9FFaiUjfi6LdCg6p9ka1u8SfGkUFs4SKvPpump,2026-08-14T05:00:00Z,0.0,-3.6279706949018276,0,0,0.0,0.0,0.0,0.7650773708016589,0,,3.6279706949018276,flat,0.31144394396454,2.426579555316355,1,1,0.25,0.25,0.077860985991135,0.4403317047658839,0,0.2870924640202359,-2.115135611351815,markup,0.05840837185773218,-7.319038926217791,5,4,0.4166666666666667,0.3333333333333333,0.004867364321477681,-0.3199442205201945,-1,0.021515026571115977,7.3774472980755235,accumulation_divergence,3.958423995857552,-2.433015829446361,8,6,0.3333333333333333,0.25,0.16493433316073133,,-1,0.4750975564763379,6.391439825303912,accumulation_divergence
2026-08-16-seven-token-pilot,community-signals-v1,solana,TOAD,A13oRB9FFaiUjfi6LdCg6p9ka1u8SfGkUFs4SKvPpump,2026-08-14T06:00:00Z,0.0,-4.4079659353434275,0,0,0.0,0.0,0.0,0.0,0,,4.4079659353434275,flat,0.31144394396454,-3.419146216225466,1,1,0.25,0.25,0.077860985991135,0.5415249218737539,0,0.2870924640202359,3.730590160190006,accumulation_divergence,-0.5446724773536804,-7.608020863043919,4,4,0.3333333333333333,0.3333333333333333,-0.0453893731128067,-0.4227025334850569,-1,0.0,7.063348385690238,markdown,3.958423995857552,-10.055417708759574,8,6,0.3333333333333333,0.25,0.16493433316073133,,-1,0.4750975564763379,14.013841704617125,accumulation_divergence
2026-08-16-seven-token-pilot,community-signals-v1,solana,TOAD,A13oRB9FFaiUjfi6LdCg6p9ka1u8SfGkUFs4SKvPpump,2026-08-14T07:00:00Z,-0.00016485359893847473,0.8411303333461406,0,1,0.0,1.0,-0.00016485359893847473,-0.00016485359893847473,0,,-0.8412951869450791,distribution_divergence,-0.7652409631430213,-4.12337793334856,0,2,0.0,0.5,-0.19131024078575531,-0.3069801970984637,-1,,3.3581369702055386,markdown,-0.9428173486260127,-0.6539066477114219,3,5,0.25,0.4166666666666667,-0.07856811238550106,-0.49087793805872115,-1,0.0,-0.2889107009145908,markdown,3.95825261665419,-3.795106078698929,8,7,0.3333333333333333,0.2916666666666667,0.16492719236059125,,-1,0.47507698721927216,7.753358695353119,accumulation_divergence
2026-08-16-seven-token-pilot,community-signals-v1,solana,TOAD,A13oRB9FFaiUjfi6LdCg6p9ka1u8SfGkUFs4SKvPpump,2026-08-14T08:00:00Z,0.0,-1.77529916960395,0,0,0.0,0.0,0.0,0.00016485359893847473,0,,1.77529916960395,flat,-0.00016485359893847473,-8.75036694585245,0,1,0.0,0.25,-4.121339973461868e-05,-0.006927778511342519,0,,8.750202092253511,markdown,-0.9428173486260127,-5.225827807859473,3,5,0.25,0.4166666666666667,-0.07856811238550106,-0.49087793805872115,-1,0.0,4.283010459233461,markdown,3.95825261665419,-5.8255842202726615,8,7,0.3333333333333333,0.2916666666666667,0.16492719236059125,,-1,0.47507698721927216,9.783836836926852,accumulation_divergence
2026-08-16-seven-token-pilot,community-signals-v1,solana,TOAD,A13oRB9FFaiUjfi6LdCg6p9ka1u8SfGkUFs4SKvPpump,2026-08-14T09:00:00Z,0.0,2.1214024260748143,0,0,0.0,0.0,0.0,0.0,0,,-2.1214024260748143,flat,-0.00016485359893847473,-3.306586303653758,0,1,0.0,0.25,-4.121339973461868e-05,-0.07790219939086962,0,,3.3064214500548195,markdown,-1.1431174729408355,-6.720267335660868,2,5,0.16666666666666666,0.4166666666666667,-0.0952597894117363,-0.525289710713934,-1,0.0,5.577149862720033,markdown,3.95825261665419,-1.4122279522528425,8,7,0.3333333333333333,0.2916666666666667,0.16492719236059125,,-1,0.47507698721927216,5.370480568907032,accumulation_divergence
2026-08-16-seven-token-pilot,community-signals-v1,solana,TOAD,A13oRB9FFaiUjfi6LdCg6p9ka1u8SfGkUFs4SKvPpump,2026-08-14T10:00:00Z,0.0,1.567650131889553,0,0,0.0,0.0,0.0,0.0,0,,-1.567650131889553,flat,-0.00016485359893847473,2.737878824985307,0,1,0.0,0.25,-4.121339973461868e-05,-0.07790219939086962,0,,-2.7380436785842455,distribution_divergence,-1.549150312597003,-4.095420874049626,1,5,0.08333333333333333,0.4166666666666667,-0.12909585938308357,-0.595267807681657,-2,0.0,2.5462705614526233,markdown,3.95825261665419,2.707814407351816,8,7,0.3333333333333333,0.2916666666666667,0.16492719236059125,,-1,0.47507698721927216,1.2504382093023736,markup
2026-08-16-seven-token-pilot,community-signals-v1,solana,TOAD,A13oRB9FFaiUjfi6LdCg6p9ka1u8SfGkUFs4SKvPpump,2026-08-14T11:00:00Z,3.6361241300120195,8.708674635728197,1,0,1.0,0.0,3.6361241300120195,3.6361241300120195,1,1.0,-5.072550505716178,markup,3.6361241300120195,10.753405927035665,1,0,0.25,0.0,0.9090310325030049,1.1003412732887603,1,1.0,-7.1172817970236455,markup,3.318892136849483,0.9649433265143559,2,4,0.16666666666666666,0.3333333333333333,0.2765743447374569,-0.0798796313082199,-1,0.7056760762282428,2.353948810335127,markup,7.738303725187223,8.515971580262427,9,7,0.375,0.2916666666666667,0.322429321882801,0.19829408945849042,0,0.6389027863761403,-0.7776678550752036,markup
2026-08-16-seven-token-pilot,community-signals-v1,solana,TOAD,A13oRB9FFaiUjfi6LdCg6p9ka1u8SfGkUFs4SKvPpump,2026-08-14T12:00:00Z,-1.015022267000787,-2.2266981555064125,0,1,0.0,1.0,-1.015022267000787,-4.651146397012806,0,,1.2116758885056256,markdown,2.5841943934358236,10.244430336394462,1,1,0.25,0.25,0.6460485983589559,0.6460898117586905,1,0.7107002679326241,-7.660235942958638,markup,2.6122833424794045,-1.924362662306922,2,4,0.16666666666666666,0.3333333333333333,0.21769027853995038,0.2400320808043597,-1,0.5535823257269515,4.536646004786327,accumulation_divergence,2.3371781411589465,11.331822213162134,8,8,0.3333333333333333,0.3333333333333333,0.09738242254828944,-0.20504475957471108,-1,0.30819335798195646,-8.994644072003187,markup
2026-08-16-seven-token-pilot,community-signals-v1,solana,TOAD,A13oRB9FFaiUjfi6LdCg6p9ka1u8SfGkUFs4SKvPpump,2026-08-14T13:00:00Z,0.7779779113593177,-3.712900792491036,1,0,1.0,0.0,0.7779779113593177,1.7930001783601046,0,1.0,4.490878703850354,accumulation_divergence,3.3822767663626685,3.9460499826170725,2,1,0.5,0.25,0.8455691915906671,0.8456104049904017,1,0.7627693397050831,-0.563773216254404,markup,3.704083646288181,2.9479145908745563,3,3,0.25,0.25,0.30867363719068175,0.3465485307762056,1,0.6694735720447906,0.7561690554136247,markup,3.2327499103896873,6.712032134167889,9,7,0.375,0.2916666666666667,0.13469791293290365,-0.15185267307953423,0,0.38541472183193404,-3.4792822237782017,markup
2026-08-16-seven-token-pilot,community-signals-v1,solana,TOAD,A13oRB9FFaiUjfi6LdCg6p9ka1u8SfGkUFs4SKvPpump,2026-08-14T14:00:00Z,0.10728218319981941,4.5961448916504555,1,0,1.0,0.0,0.10728218319981941,-0.6706957281594983,0,1.0,-4.488862708450636,markup,3.493187529919295,7.045462711585593,3,1,0.75,0.25,0.8732968824798237,0.8733380958795584,1,0.7685582846606532,-3.552275181666298,markup,3.815339651291283,6.215989395872579,4,3,0.3333333333333333,0.25,0.31794497094094026,0.36619613651518357,1,0.6759888958920679,-2.4006497445812958,markup,3.214234314171982,12.573980547306984,9,7,0.375,0.2916666666666667,0.13392642975716593,-0.07780965772563597,0,0.38435116695905647,-9.359746233135002,markup
2026-08-16-seven-token-pilot,community-signals-v1,solana,TOAD,A13oRB9FFaiUjfi6LdCg6p9ka1u8SfGkUFs4SKvPpump,2026-08-14T15:00:00Z,0.231995220903225,-1.0322473408171273,1,0,1.0,0.0,0.231995220903225,0.12471303770340558,0,1.0,1.2642425617203523,accumulation_divergence,0.09375364985204637,-2.5464259183770377,3,1,0.75,0.25,0.023438412463011593,-0.8855926200399933,0,0.08455599407152307,2.640179568229084,accumulation_divergence,2.93947717610199,3.4826607003594967,4,3,0.3333333333333333,0.25,0.2449564313418325,0.29641834050391597,0,0.6190199986319017,-0.5431835242575067,markup,2.303781733266508,6.018319318323173,9,7,0.375,0.2916666666666667,0.09599090555277116,-0.16495886393420772,-1,0.31152919445566424,-3.7145375850566653,markup
2026-08-16-seven-token-pilot,community-signals-v1,solana,TOAD,A13oRB9FFaiUjfi6LdCg6p9ka1u8SfGkUFs4SKvPpump,2026-08-14T16:00:00Z,0.0,4.943008499611845,0,0,0.0,0.0,0.0,-0.231995220903225,0,,-4.943008499611845,flat,1.1201456445680602,4.599835131181895,3,0,0.75,0.0,0.28003641114201505,-0.36601218721694084,0,1.0,-3.479689486613835,markup,3.73311577089257,5.224963645109604,4,2,0.3333333333333333,0.16666666666666666,0.31109298090771415,0.42591761421502117,1,0.7801364709342922,-1.4918478742170338,markup,2.303781733266508,3.1096110525460796,9,7,0.375,0.2916666666666667,0.09599090555277116,-0.16495886393420772,-1,0.31152919445566424,-0.8058293192795718,markup
2026-08-16-seven-token-pilot,community-signals-v1,solana,TOAD,A13oRB9FFaiUjfi6LdCg6p9ka1u8SfGkUFs4SKvPpump,2026-08-14T17:00:00Z,-0.3992706959352166,-9.649236983808684,0,1,0.0,1.0,-0.3992706959352166,-0.3992706959352166,0,,9.249966287873468,markdown,-0.06110003128977359,-1.8490016497133666,2,1,0.5,0.25,-0.015275007822443398,-0.8608441994131105,0,0.0,1.787901618423593,markdown,3.3189398376388457,-1.3494286439840852,4,3,0.3333333333333333,0.25,0.27657831980323716,0.2717109554817595,1,0.6935831008422562,4.668368481622931,accumulation_divergence,3.3792867482186795,-8.569702362467147,9,7,0.375,0.2916666666666667,0.14080361450911164,-0.05658924681585428,0,0.45040493663381703,11.948989110685826,accumulation_divergence
2026-08-16-seven-token-pilot,community-signals-v1,solana,TOAD,A13oRB9FFaiUjfi6LdCg6p9ka1u8SfGkUFs4SKvPpump,2026-08-14T18:00:00Z,0.0,-5.718257368104496,0,0,0.0,0.0,0.0,0.3992706959352166,0,,5.718257368104496,flat,-0.16820176396502573,-11.52783713863219,1,1,0.25,0.25,-0.04205044099125643,-0.9153473234710802,0,0.0,11.359635374667164,markdown,3.3189398376388457,-2.701643812847876,4,3,0.3333333333333333,0.25,0.27657831980323716,0.3219676929160439,1,0.6935831008422562,6.020583650486722,accumulation_divergence,2.7561900084496216,-10.104123050965185,8,7,0.3333333333333333,0.2916666666666667,0.11484125035206756,-0.07922600394860609,0,0.40208031841073083,12.860313059414807,accumulation_divergence
2026-08-16-seven-token-pilot,community-signals-v1,solana,TOAD,A13oRB9FFaiUjfi6LdCg6p9ka1u8SfGkUFs4SKvPpump,2026-08-14T19:00:00Z,-9.682926487785348,-3.4773722949243413,0,1,0.0,1.0,-9.682926487785348,-9.682926487785348,-1,,-6.2055541928610065,markdown,-10.043536095745885,-13.713655118162682,0,2,0.0,0.5,-2.5108840239364714,-2.534322436399483,-1,,3.670119022416797,markdown,-6.685203321998234,-6.868427798029653,4,3,0.3333333333333333,0.25,-0.5571002768331862,-0.47853216444768515,0,0.0,0.18322447603141878,markdown,-7.564991413913525,-7.477421339776502,7,8,0.2916666666666667,0.3333333333333333,-0.3152079755797302,-0.502200701615342,-1,0.0,-0.08757007413702311,markdown
2026-08-16-seven-token-pilot,community-signals-v1,solana,TOAD,A13oRB9FFaiUjfi6LdCg6p9ka1u8SfGkUFs4SKvPpump,2026-08-14T20:00:00Z,0.0,-4.648717566096694,0,0,0.0,0.0,0.0,9.682926487785348,0,,4.648717566096694,flat,-10.043536095745885,-21.60017366904734,0,2,0.0,0.5,-2.5108840239364714,-2.7909204350784864,-1,,11.556637573301455,markdown,-6.685203321998234,-9.592854246744487,4,3,0.3333333333333333,0.25,-0.5571002768331862,-0.47853216444768515,0,0.0,2.907650924746253,markdown,-7.564991413913525,-14.317376009810157,7,8,0.2916666666666667,0.3333333333333333,-0.3152079755797302,-0.4399127392774302,-1,0.0,6.752384595896633,markdown
2026-08-16-seven-token-pilot,community-signals-v1,solana,TOAD,A13oRB9FFaiUjfi6LdCg6p9ka1u8SfGkUFs4SKvPpump,2026-08-14T21:00:00Z,0.0,0.01662161469613288,0,0,0.0,0.0,0.0,0.0,0,,-0.01662161469613288,flat,-9.682926487785348,-13.212843997835577,0,1,0.0,0.25,-2.420731621946337,-2.4054566141238936,-1,,3.529917510050229,markdown,-6.685203321998234,-11.456197493824515,4,3,0.3333333333333333,0.25,-0.5571002768331862,-0.4618404874214499,0,0.0,4.770994171826281,markdown,-7.751901067663692,-17.406577731399086,6,8,0.25,0.3333333333333333,-0.3229958778193205,-0.456395658080463,-1,0.0,9.654676663735394,markdown
2026-08-16-seven-token-pilot,community-signals-v1,solana,TOAD,A13oRB9FFaiUjfi6LdCg6p9ka1u8SfGkUFs4SKvPpump,2026-08-14T22:00:00Z,0.0,2.2224482604323414,0,0,0.0,0.0,0.0,0.0,0,,-2.2224482604323414,flat,-9.682926487785348,-5.903356085189038,0,1,0.0,0.25,-2.420731621946337,-2.3786811809550805,-1,,-3.7795704025963106,markdown,-6.685203321998234,-10.885363019463645,4,3,0.3333333333333333,0.25,-0.5571002768331862,-0.42800441745010265,0,0.0,4.200159697465411,markdown,-8.130789786434756,-14.534982464198087,5,8,0.20833333333333334,0.3333333333333333,-0.3387829077681148,-0.4895360825445736,-2,0.0,6.404192677763332,markdown
2026-08-16-seven-token-pilot,community-signals-v1,solana,TOAD,A13oRB9FFaiUjfi6LdCg6p9ka1u8SfGkUFs4SKvPpump,2026-08-14T23:00:00Z,0.0,-0.8058203253681229,0,0,0.0,0.0,0.0,0.0,0,,0.8058203253681229,flat,0.0,-3.2989504618014642,0,0,0.0,0.0,0.0,2.5108840239364714,0,,3.2989504618014642,flat,-9.959198627557807,-18.68493161279259,3,3,0.25,0.25,-0.8299332189631506,-1.1065075637006077,-1,0.0,8.725732985234782,markdown,-6.970841550851558,-17.900287286939655,5,7,0.20833333333333334,0.2916666666666667,-0.2904517312854816,-0.38737249898828785,-2,0.0,10.929445736088097,markdown
2026-08-16-seven-token-pilot,community-signals-v1,solana,TOAD,A13oRB9FFaiUjfi6LdCg6p9ka1u8SfGkUFs4SKvPpump,2026-08-15T00:00:00Z,1.6681707931357703,-0.4676905046795521,1,0,1.0,0.0,1.6681707931357703,1.6681707931357703,1,1.0,2.1358612978153224,accumulation_divergence,1.6681707931357703,0.9412620939857286,1,0,0.25,0.0,0.4170426982839426,2.927926722220414,1,1.0,0.7269086991500417,markup,-7.518456012821339,-17.22201868337041,4,2,0.3333333333333333,0.16666666666666666,-0.6265380010684449,-0.8442282796083953,0,0.0,9.703562670549072,markdown,-5.102576044376505,-18.81496724843903,6,6,0.25,0.25,-0.2126073351823544,-0.28849771168130284,-1,0.0,13.712391204062524,markdown
2026-08-16-seven-token-pilot,community-signals-v1,solana,TOAD,A13oRB9FFaiUjfi6LdCg6p9ka1u8SfGkUFs4SKvPpump,2026-08-15T01:00:00Z,0.0,2.4032750721768803,0,0,0.0,0.0,0.0,-1.6681707931357703,0,,-2.4032750721768803,flat,1.6681707931357703,3.349979847992346,1,0,0.25,0.0,0.4170426982839426,2.8377743202302796,1,1.0,-1.6818090548565756,markup,-8.232387765785399,-11.963944698156626,3,2,0.25,0.16666666666666666,-0.6860323138154499,-0.9947059510061317,0,0.0,3.7315569323712268,markdown,-4.833238648428706,-9.3687169786832,6,5,0.25,0.20833333333333334,-0.20138494368452942,-0.26526819448183897,1,0.0,4.535478330254493,markdown
2026-08-16-seven-token-pilot,community-signals-v1,solana,TOAD,A13oRB9FFaiUjfi6LdCg6p9ka1u8SfGkUFs4SKvPpump,2026-08-15T02:00:00Z,3.957939527647003,4.387719911746468,1,0,1.0,0.0,3.957939527647003,3.957939527647003,0,1.0,-0.4297803840994652,markup,5.692135511992946,5.53913482654087,2,0,0.5,0.0,1.4230338779982366,3.8437654999445736,1,1.0,0.153000685452076,markup,-4.702518386399113,-12.139370982520358,3,2,0.25,0.16666666666666666,-0.3918765321999261,-0.7098215031408663,0,0.0,7.436852596121245,markdown,-1.0665957837133755,-6.677963599646885,7,5,0.2916666666666667,0.20833333333333334,-0.04444149098805731,-0.11623511853337265,1,0.0,5.61136781593351,markdown
2026-08-16-seven-token-pilot,community-signals-v1,solana,TOAD,A13oRB9FFaiUjfi6LdCg6p9ka1u8SfGkUFs4SKvPpump,2026-08-15T03:00:00Z,0.3013428942851393,-4.186435565431113,1,0,1.0,0.0,0.3013428942851393,-3.656596633361864,1,1.0,4.487778459716252,accumulation_divergence,6.010631252176579,1.9422785514250362,3,0,0.75,0.0,1.5026578130441448,1.5026578130441448,2,1.0,4.068352700751543,markup,-4.636584762963858,-14.939565530824051,3,2,0.25,0.16666666666666666,-0.3863820635803215,-0.631338494922154,1,0.0,10.302980767860193,markdown,-1.8333989377198212,-11.977199208011024,7,5,0.2916666666666667,0.20833333333333334,-0.07639162240499255,-0.25082773219902943,1,0.0,10.143800270291203,markdown
2026-08-16-seven-token-pilot,community-signals-v1,solana,TOAD,A13oRB9FFaiUjfi6LdCg6p9ka1u8SfGkUFs4SKvPpump,2026-08-15T04:00:00Z,0.0,-0.020397998539312123,0,0,0.0,0.0,0.0,-0.3013428942851393,0,,0.020397998539312123,flat,4.271209391458819,2.4004013206656793,2,0,0.5,0.0,1.0678023478647047,0.6507596495807622,1,1.0,1.8708080707931396,markup,-4.636584762963858,-18.962601645530352,3,2,0.25,0.16666666666666666,-0.3863820635803215,-0.6974750444880357,1,0.0,14.326016882566494,markdown,-1.0765580690882959,-14.728427042566672,7,4,0.2916666666666667,0.16666666666666666,-0.04485658621201233,-0.20979091937274366,2,0.0,13.651868973478376,markdown
2026-08-16-seven-token-pilot,community-signals-v1,solana,TOAD,A13oRB9FFaiUjfi6LdCg6p9ka1u8SfGkUFs4SKvPpump,2026-08-15T05:00:00Z,12.384045816789492,-2.0897685888161432,1,0,1.0,0.0,12.384045816789492,12.384045816789492,0,1.0,14.473814405605635,accumulation_divergence,17.184203736217583,-2.0925162516744145,3,0,0.75,0.0,4.296050934054396,3.879008235770453,1,1.0,19.276719987891997,accumulation_divergence,7.60289108452552,-12.18236392287545,4,1,0.3333333333333333,0.08333333333333333,0.6335742570437933,0.35699593724055617,1,0.4398340461896426,19.78525500740097,accumulation_divergence,11.174166303180954,-13.367400258569873,8,4,0.3333333333333333,0.16666666666666666,0.4655902626325397,0.3006559294718084,2,0.4934554430268747,24.541566561750827,accumulation_divergence
2026-08-16-seven-token-pilot,community-signals-v1,solana,TOAD,A13oRB9FFaiUjfi6LdCg6p9ka1u8SfGkUFs4SKvPpump,2026-08-15T06:00:00Z,0.0,-0.9993627624485191,0,0,0.0,0.0,0.0,-12.384045816789492,0,,0.9993627624485191,flat,12.722707153168544,-7.145176754466764,2,0,0.5,0.0,3.180676788292136,1.7576429102938995,1,1.0,19.86788390763531,accumulation_divergence,7.60289108452552,-7.7870042530425065,4,1,0.3333333333333333,0.08333333333333333,0.6335742570437933,0.35699593724055617,1,0.4398340461896426,15.389895337568028,accumulation_divergence,11.174166303180954,-10.278270947281854,8,4,0.3333333333333333,0.16666666666666666,0.4655902626325397,0.3006559294718084,2,0.4934554430268747,21.452437250462808,accumulation_divergence
2026-08-16-seven-token-pilot,community-signals-v1,solana,TOAD,A13oRB9FFaiUjfi6LdCg6p9ka1u8SfGkUFs4SKvPpump,2026-08-15T07:00:00Z,5.541691804507076,-2.9344278028709536,1,0,1.0,0.0,5.541691804507076,5.541691804507076,0,1.0,8.47611960737803,accumulation_divergence,18.612023273391998,-5.931831230994988,2,0,0.5,0.0,4.653005818347999,3.1503480053038544,0,1.0,24.543854504386985,accumulation_divergence,25.741354613101453,-7.268301651104114,5,0,0.4166666666666667,0.0,2.1451128844251213,2.7022131612583076,2,1.0,33.00965626420557,accumulation_divergence,17.335289397380805,-13.637511398084678,9,3,0.375,0.125,0.7223037248908669,0.5573765325302756,2,0.6018004714279122,30.97280079546548,accumulation_divergence
2026-08-16-seven-token-pilot,community-signals-v1,solana,TOAD,A13oRB9FFaiUjfi6LdCg6p9ka1u8SfGkUFs4SKvPpump,2026-08-15T08:00:00Z,0.18870494258609316,-2.128337392877555,1,0,1.0,0.0,0.18870494258609316,-5.352986861920983,0,1.0,2.3170423354636482,accumulation_divergence,18.835850023810274,-7.915135772440818,3,0,0.75,0.0,4.708962505952568,3.641160158087864,0,1.0,26.750985796251094,accumulation_divergence,25.97863476413107,-4.817163837519834,6,0,0.5,0.0,2.1648862303442558,2.721986507177442,2,1.0,30.7957986016509,accumulation_divergence,17.556706887871364,-13.947914578504161,10,3,0.4166666666666667,0.125,0.7315294536613068,0.5666022613007156,2,0.604837917785075,31.504621466375525,accumulation_divergence
2026-08-16-seven-token-pilot,community-signals-v1,solana,TOAD,A13oRB9FFaiUjfi6LdCg6p9ka1u8SfGkUFs4SKvPpump,2026-08-15T09:00:00Z,0.0,0.9583551864363216,0,0,0.0,0.0,0.0,-0.18870494258609316,0,,-0.9583551864363216,flat,5.740854193431177,-5.048366284233308,2,0,0.5,0.0,1.4352135483577944,-2.8608373856966014,0,1.0,10.789220477664486,accumulation_divergence,25.97863476413107,-3.920944081038058,6,0,0.5,0.0,2.1648862303442558,2.721986507177442,2,1.0,29.899578845169128,accumulation_divergence,17.556706887871364,-14.927950477316433,10,3,0.4166666666666667,0.125,0.7315294536613068,0.5666022613007156,2,0.604837917785075,32.4846573651878,accumulation_divergence
2026-08-16-seven-token-pilot,community-signals-v1,solana,TOAD,A13oRB9FFaiUjfi6LdCg6p9ka1u8SfGkUFs4SKvPpump,2026-08-15T10:00:00Z,0.0,-1.5613790784547943,0,0,0.0,0.0,0.0,0.0,0,,1.5613790784547943,flat,5.740854193431177,-5.587396828568747,2,0,0.5,0.0,1.4352135483577944,-1.7454632399343417,0,1.0,11.328251021999925,accumulation_divergence,25.97863476413107,-7.4773699411820775,6,0,0.5,0.0,2.1648862303442558,2.721986507177442,2,1.0,33.45600470531315,accumulation_divergence,17.556706887871364,-17.548794098239796,10,3,0.4166666666666667,0.125,0.7315294536613068,0.5666022613007156,2,0.604837917785075,35.10550098611116,accumulation_divergence
2026-08-16-seven-token-pilot,community-signals-v1,solana,TOAD,A13oRB9FFaiUjfi6LdCg6p9ka1u8SfGkUFs4SKvPpump,2026-08-15T11:00:00Z,0.0,1.6163538290644652,0,0,0.0,0.0,0.0,0.0,0,,-1.6163538290644652,flat,0.18870494258609316,-1.1609958852643043,1,0,0.25,0.0,0.04717623564652329,-4.605829582701476,0,1.0,1.3497008278503975,accumulation_divergence,25.97863476413107,-5.218105093549985,6,0,0.5,0.0,2.1648862303442558,2.9948194493074065,2,1.0,31.196739857681052,accumulation_divergence,13.432172299685675,-22.928037338129126,9,3,0.375,0.125,0.5596738458202365,0.2372445239374355,1,0.5482486445962816,36.360209637814805,accumulation_divergence
2026-08-16-seven-token-pilot,community-signals-v1,solana,TOAD,A13oRB9FFaiUjfi6LdCg6p9ka1u8SfGkUFs4SKvPpump,2026-08-15T12:00:00Z,0.0,4.218999538449086,0,0,0.0,0.0,0.0,0.0,0,,-4.218999538449086,flat,0.0,5.2490766971478475,0,0,0.0,0.0,0.0,-4.708962505952568,0,,-5.2490766971478475,flat,23.911578010447165,-0.7550984037694275,5,0,0.4166666666666667,0.0,1.992631500870597,2.6191695019390417,1,1.0,24.666676414216592,accumulation_divergence,14.595340522938894,-17.847073898964837,9,2,0.375,0.08333333333333333,0.6081391884557873,0.5107567659074979,1,0.5896778765702677,32.442414421903734,accumulation_divergence
2026-08-16-seven-token-pilot,community-signals-v1,solana,TOAD,A13oRB9FFaiUjfi6LdCg6p9ka1u8SfGkUFs4SKvPpump,2026-08-15T13:00:00Z,0.2656142645935944,-0.6137552217514552,1,0,1.0,0.0,0.2656142645935944,0.2656142645935944,0,1.0,0.8793694863450496,accumulation_divergence,0.2656142645935944,3.6101517302921105,1,0,0.25,0.0,0.0664035661483986,-1.3688099822093958,0,1.0,-3.344537465698516,markup,24.240704837125925,-3.679075927171116,6,0,0.5,0.0,2.0200587364271603,2.7060910502426103,1,1.0,27.91978076429704,accumulation_divergence,14.012728251988825,-15.202858015997789,9,2,0.375,0.08333333333333333,0.583863677166201,0.44916576423329735,1,0.5816735600332925,29.215586267986616,accumulation_divergence
2026-08-16-seven-token-pilot,community-signals-v1,solana,TOAD,A13oRB9FFaiUjfi6LdCg6p9ka1u8SfGkUFs4SKvPpump,2026-08-15T14:00:00Z,5.892695223041233,3.869148241904541,1,0,1.0,0.0,5.892695223041233,5.627080958447639,0,1.0,2.0235469811366924,markup,6.17396132671626,9.325974995292574,2,0,0.5,0.0,1.543490331679065,0.10827678332127055,0,1.0,-3.1520136685763145,markup,26.552942001267652,-4.157573804885006,6,0,0.5,0.0,2.2127451667723044,2.6046216989722306,1,1.0,30.710515806152657,accumulation_divergence,20.601766635129025,-15.792241479358292,9,2,0.375,0.08333333333333333,0.858406943130376,0.7244805133732101,1,0.6717543170806449,36.39400811448732,accumulation_divergence
2026-08-16-seven-token-pilot,community-signals-v1,solana,TOAD,A13oRB9FFaiUjfi6LdCg6p9ka1u8SfGkUFs4SKvPpump,2026-08-15T15:00:00Z,1.0926037640038855,3.2879879092859943,1,0,1.0,0.0,1.0926037640038855,-4.800091459037348,0,1.0,-2.195384145282109,markup,7.334022024563969,11.124435762375384,3,0,0.75,0.0,1.8335055061409922,1.7863292704944689,0,1.0,-3.7904137378114156,markup,27.551297437634336,3.3191011779752255,6,0,0.5,0.0,2.295941453136195,2.6823235167165165,0,1.0,24.232196259659112,markup,21.637273415678273,-12.116323648366789,9,2,0.375,0.08333333333333333,0.9015530589865947,0.8055621534338235,1,0.6829772897020143,33.75359706404506,accumulation_divergence
2026-08-16-seven-token-pilot,community-signals-v1,solana,TOAD,A13oRB9FFaiUjfi6LdCg6p9ka1u8SfGkUFs4SKvPpump,2026-08-15T16:00:00Z,0.36703528099644167,-3.1286191584776857,1,0,1.0,0.0,0.36703528099644167,-0.7255684830074438,0,1.0,3.4956544394741274,accumulation_divergence,7.727975753906624,3.2899719361145996,4,0,1.0,0.0,1.931993938476656,1.931993938476656,0,1.0,4.4380038177920245,markup,28.01945570059916,0.10705982075414067,7,0,0.5833333333333334,0.0,2.3349546417165965,2.721336705296918,0,1.0,27.91239587984502,markup,22.08372512395591,-18.87584315210824,10,2,0.4166666666666667,0.08333333333333333,0.920155213498163,0.8241643079453919,1,0.687382748655003,40.95956827606415,accumulation_divergence
2026-08-16-seven-token-pilot,community-signals-v1,solana,TOAD,A13oRB9FFaiUjfi6LdCg6p9ka1u8SfGkUFs4SKvPpump,2026-08-15T17:00:00Z,-0.0566515475724616,-1.0464254451992172,0,1,0.0,1.0,-0.0566515475724616,-0.4236868285689033,0,,0.9897738976267556,markdown,7.381725009282225,2.840307142588827,3,1,0.75,0.25,1.8454312523205563,1.7790276861721577,0,0.9918216819809015,4.541417866693398,markup,13.84794858367382,1.1738126308154406,6,1,0.5,0.08333333333333333,1.1539957153061515,0.5204214582623582,0,0.9953614901440268,12.674135952858379,markup,22.503684116457134,-11.151549418518625,10,2,0.4166666666666667,0.08333333333333333,0.9376535048523805,0.7968498903432689,1,0.6976577725377096,33.65523353497576,accumulation_divergence
2026-08-16-seven-token-pilot,community-signals-v1,solana,TOAD,A13oRB9FFaiUjfi6LdCg6p9ka1u8SfGkUFs4SKvPpump,2026-08-15T18:00:00Z,-0.2743929677773371,2.2449489785512977,0,1,0.0,1.0,-0.2743929677773371,-0.21774142020487552,0,,-2.519341946328635,distribution_divergence,1.1279171633338692,1.2321958416758427,2,2,0.5,0.5,0.2819792908334673,-1.2615110408455976,0,0.7706198294186175,-0.10427867834197357,markup,13.535557818801447,4.489340665370034,6,2,0.5,0.16666666666666666,1.1279631515667872,0.49438889452299384,0,0.9729074973846104,9.046217153431414,markup,22.167542621973425,-3.6472487362184003,10,3,0.4166666666666667,0.125,0.9236476092488927,0.8088063588968251,1,0.687236735471716,25.814791358191826,accumulation_divergence
2026-08-16-seven-token-pilot,community-signals-v1,solana,TOAD,A13oRB9FFaiUjfi6LdCg6p9ka1u8SfGkUFs4SKvPpump,2026-08-15T19:00:00Z,-0.1781703057464834,1.2738309452552388,0,1,0.0,1.0,-0.1781703057464834,0.09622266203085372,0,,-1.4520012510017222,distribution_divergence,-0.1433008098328803,-0.7418723570164709,1,3,0.25,0.75,-0.03582520245822007,-1.8693307085992124,0,0.0,0.5985715471835906,markdown,7.38246585835467,9.019455431993606,5,3,0.4166666666666667,0.25,0.6152054881962224,-1.5299073962288987,0,0.9308057421424872,-1.6369895736389362,markup,35.02416718724633,1.0955925528053134,10,3,0.4166666666666667,0.125,1.459340299468597,1.774548275048327,2,0.9806781255988212,33.92857463444101,markup
2026-08-16-seven-token-pilot,community-signals-v1,solana,TOAD,A13oRB9FFaiUjfi6LdCg6p9ka1u8SfGkUFs4SKvPpump,2026-08-15T20:00:00Z,-0.27870959206655055,-1.7723479445713952,0,1,0.0,1.0,-0.27870959206655055,-0.10053928632006714,0,,1.4936383525048447,markdown,-0.7857622650558449,0.6478150831641161,0,4,0.0,1.0,-0.19644056626396122,-2.1284345047406172,0,,-1.433577348219961,distribution_divergence,6.881489971523913,9.415992843947718,4,4,0.3333333333333333,0.3333333333333333,0.5734574976269927,-1.591428732717263,0,0.8904647466117118,-2.534502872423805,markup,34.647841881687505,4.145245204205761,10,4,0.4166666666666667,0.16666666666666666,1.443660078403646,1.758868053983376,2,0.9701410015239559,30.502596677481744,markup
2026-08-16-seven-token-pilot,community-signals-v1,solana,TOAD,A13oRB9FFaiUjfi6LdCg6p9ka1u8SfGkUFs4SKvPpump,2026-08-15T21:00:00Z,0.0493005803113622,-0.31357994622519536,1,0,1.0,0.0,0.0493005803113622,0.32801017237791275,0,1.0,0.36288052653655756,accumulation_divergence,-0.680583083377817,1.3932080474619246,1,3,0.25,0.75,-0.17014577084445426,-2.0155770231650108,0,0.0,-2.0737911308397416,distribution_divergence,6.934183166325281,8.037503217049014,5,4,0.4166666666666667,0.3333333333333333,0.5778485971937734,-1.5870376331504823,0,0.8912065546082295,-1.1033200507237337,markup,34.714224049111884,3.8014131293588216,11,4,0.4583333333333333,0.16666666666666666,1.4464260020463284,1.769421879865649,2,0.9701963975818599,30.912810919753063,markup
2026-08-16-seven-token-pilot,community-signals-v1,solana,TOAD,A13oRB9FFaiUjfi6LdCg6p9ka1u8SfGkUFs4SKvPpump,2026-08-15T22:00:00Z,-0.05473948362041403,2.9240939779237696,0,1,0.0,1.0,-0.05473948362041403,-0.10404006393177623,0,,-2.9788334615441836,distribution_divergence,-0.461824264861721,2.066695499934612,1,3,0.25,0.75,-0.11545606621543025,-0.39743535704889754,0,0.0,-2.528519764796333,distribution_divergence,6.875647946646346,12.960360782726465,5,5,0.4166666666666667,0.4166666666666667,0.5729706622205288,-1.591915568123727,0,0.8836833943163791,-6.084712836080119,markup,34.64048217850415,4.513896720108046,11,5,0.4583333333333333,0.20833333333333334,1.4433534241043395,1.7821363318724543,2,0.9681354528488493,30.126585458396104,markup
2026-08-16-seven-token-pilot,community-signals-v1,solana,TOAD,A13oRB9FFaiUjfi6LdCg6p9ka1u8SfGkUFs4SKvPpump,2026-08-15T23:00:00Z,0.0,-1.5489379556835936,0,0,0.0,0.0,0.0,0.05473948362041403,0,,1.5489379556835936,flat,-0.28416024829843733,-0.7781726282845014,1,2,0.25,0.5,-0.07104006207460933,-0.03521485961638926,0,0.0,0.49401237998606407,markdown,6.875647946646346,9.44170961571842,5,5,0.4166666666666667,0.4166666666666667,0.5729706622205288,-1.591915568123727,0,0.8836833943163791,-2.5660616690720737,markup,34.64048217850415,3.7309261917924275,11,5,0.4583333333333333,0.20833333333333334,1.4433534241043395,1.733805155389821,2,0.9681354528488493,30.909555986711723,markup
2026-08-16-seven-token-pilot,community-signals-v1,solana,TOAD,A13oRB9FFaiUjfi6LdCg6p9ka1u8SfGkUFs4SKvPpump,2026-08-16T00:00:00Z,0.0,-3.264341793964376,0,0,0.0,0.0,0.0,0.0,0,,3.264341793964376,flat,-0.005465890192146716,-2.285267148680814,1,1,0.25,0.25,-0.001366472548036679,0.19507409371592455,0,0.0,2.2798012584886673,markdown,6.875647946646346,1.5833567944062876,5,5,0.4166666666666667,0.4166666666666667,0.5729706622205288,-1.4196608386500682,0,0.8836833943163791,5.292291152240058,markup,32.43130187957954,0.8163024887563264,10,5,0.4166666666666667,0.20833333333333334,1.351304244982481,1.5639115801648353,1,0.9665772089970316,31.614999390823215,markup
2026-08-16-seven-token-pilot,community-signals-v1,solana,TOAD,A13oRB9FFaiUjfi6LdCg6p9ka1u8SfGkUFs4SKvPpump,2026-08-16T01:00:00Z,0.043785928002026964,0.8333454201850277,1,0,1.0,0.0,0.043785928002026964,0.043785928002026964,0,1.0,-0.7895594921830007,markup,-0.010977523809263534,-1.1610266982892803,1,1,0.25,0.25,-0.0027443809523158835,0.16740138989213837,0,0.0,1.1500491744800168,markdown,6.639195525943209,3.0624482034361744,5,5,0.4166666666666667,0.4166666666666667,0.5532662938286007,-1.4667924425985595,0,0.880317533271526,3.5767473225070345,markup,32.48928815407268,-0.7292975183696537,11,5,0.4583333333333333,0.20833333333333334,1.3537203397530284,1.5551052834375578,1,0.966634871060854,33.21858567244234,accumulation_divergence
2026-08-16-seven-token-pilot,community-signals-v1,solana,TOAD,A13oRB9FFaiUjfi6LdCg6p9ka1u8SfGkUFs4SKvPpump,2026-08-16T02:00:00Z,-1.2384393324926246,1.0512840667180834,0,1,0.0,1.0,-1.2384393324926246,-1.2822252604946516,-1,,-2.289723399210708,distribution_divergence,-1.1951956666450658,-2.9595036307414557,1,1,0.25,0.25,-0.29879891666126646,-0.1833428504458362,-1,0.0,1.76430796409639,markdown,-0.5422106190948073,0.26646897846829276,4,6,0.3333333333333333,0.5,-0.04518421825790061,-2.257929385030205,-1,0.0,-0.8086795975631,distribution_divergence,25.866758510959897,-3.9021834708636516,10,6,0.4166666666666667,0.25,1.077781604623329,1.1222230956113863,0,0.9068476621906069,29.76894198182355,accumulation_divergence
2026-08-16-seven-token-pilot,community-signals-v1,solana,TOAD,A13oRB9FFaiUjfi6LdCg6p9ka1u8SfGkUFs4SKvPpump,2026-08-16T03:00:00Z,-0.23909599525724357,-4.238248324302985,0,1,0.0,1.0,-0.23909599525724357,0.999343337235381,-1,,3.9991523290457414,markdown,-1.4314339969278667,-5.610282684240609,1,2,0.25,0.5,-0.35785849923196666,-0.28681843715735733,-2,0.0,4.178848687312742,markdown,-1.8523748570680287,-7.039599685610398,3,7,0.25,0.5833333333333334,-0.15436457142233573,-2.4503060245585306,-2,0.0,5.187224828542369,markdown,25.188569274035522,-3.954149943724994,9,7,0.375,0.2916666666666667,1.0495237197514802,1.1259153421564727,-2,0.8951898199212053,29.142719217760515,accumulation_divergence
2026-08-16-seven-token-pilot,community-signals-v1,solana,TOAD,A13oRB9FFaiUjfi6LdCg6p9ka1u8SfGkUFs4SKvPpump,2026-08-16T04:00:00Z,0.0,-0.2822846387930844,0,0,0.0,0.0,0.0,0.23909599525724357,0,,0.2822846387930844,flat,-1.4314339969278667,-2.7005435341068917,1,2,0.25,0.5,-0.35785849923196666,-0.35649202668393,-2,0.0,1.269109537179025,markdown,-2.2112939092509887,-4.308180002314921,2,7,0.16666666666666666,0.5833333333333334,-0.1842744924375824,-2.519229134154179,-2,0.0,2.096886093063932,markdown,25.188569274035522,-4.205732511349025,9,7,0.375,0.2916666666666667,1.0495237197514802,1.0943803059634925,-2,0.8951898199212053,29.39430178538455,accumulation_divergence
2026-08-16-seven-token-pilot,community-signals-v1,solana,TOAD,A13oRB9FFaiUjfi6LdCg6p9ka1u8SfGkUFs4SKvPpump,2026-08-16T05:00:00Z,0.0,-2.5040128614014168,0,0,0.0,0.0,0.0,0.0,0,,2.5040128614014168,flat,-1.4745742689021846,-5.920937992677578,0,2,0.0,0.5,-0.36864356722554614,-0.36589918627323026,-2,,4.446363723775393,markdown,-2.155863691823501,-5.7177217322588625,2,6,0.16666666666666666,0.5,-0.1796553076519584,-1.33365102295811,-2,0.0,3.5618580404353617,markdown,11.393541996272493,-4.611024441331557,8,7,0.3333333333333333,0.2916666666666667,0.47473091651135385,0.009140653878814131,-2,0.8127978057763416,16.004566437604048,accumulation_divergence
2026-08-16-seven-token-pilot,community-signals-v1,solana,TOAD,A13oRB9FFaiUjfi6LdCg6p9ka1u8SfGkUFs4SKvPpump,2026-08-16T06:00:00Z,0.7035324530819231,-1.7220744047007686,1,0,1.0,0.0,0.7035324530819231,0.7035324530819231,1,1.0,2.4256068577826917,accumulation_divergence,0.4627543399040146,-8.502943417060715,1,1,0.25,0.25,0.11568858497600365,0.4144875016372701,0,0.6593347850972969,8.96569775696473,accumulation_divergence,-1.1963882769797762,-9.375799771819226,3,5,0.25,0.4166666666666667,-0.09969902308164802,-1.2276621746484353,-1,0.0,8.17941149483945,markdown,12.17723171485372,-5.307370698309144,9,7,0.375,0.2916666666666667,0.5073846547855717,0.04179439215303199,-1,0.8227096185219799,17.484602413162865,accumulation_divergence
2026-08-16-seven-token-pilot,community-signals-v1,solana,TOAD,A13oRB9FFaiUjfi6LdCg6p9ka1u8SfGkUFs4SKvPpump,2026-08-16T07:00:00Z,-0.6986174525801192,-0.9656094561756867,0,1,0.0,1.0,-0.6986174525801192,-1.4021499056620423,-1,,0.2669920035955675,markdown,0.0,-5.376049657779558,1,1,0.25,0.25,0.0,0.35785849923196666,0,0.0,5.376049657779558,flat,-1.7115266788264138,-11.37974781490312,3,5,0.25,0.4166666666666667,-0.14262722323553448,-0.7578327114317569,-2,0.0,9.668221136076706,markdown,5.544586306807253,-3.386683665347967,8,8,0.3333333333333333,0.3333333333333333,0.23102442945030222,-0.4912792954405647,-2,0.631971040567168,8.93126997215522,accumulation_divergence
2026-08-16-seven-token-pilot,community-signals-v1,solana,TOAD,A13oRB9FFaiUjfi6LdCg6p9ka1u8SfGkUFs4SKvPpump,2026-08-16T08:00:00Z,0.0,-1.9975712978948845,0,0,0.0,0.0,0.0,0.6986174525801192,0,,1.9975712978948845,flat,0.0,-7.003716307236951,1,1,0.25,0.25,0.0,0.35785849923196666,0,0.0,7.003716307236951,flat,-1.4368216465095673,-11.5829426378664,3,4,0.25,0.3333333333333333,-0.11973513720913061,-0.6931926348361234,-2,0.0,10.146120991356833,markdown,5.345793587501091,-3.257598843818754,7,8,0.2916666666666667,0.3333333333333333,0.22274139947921212,-0.5087880541820947,-2,0.6238812688357879,8.603392431319845,accumulation_divergence
2026-08-16-seven-token-pilot,community-signals-v1,solana,TOAD,A13oRB9FFaiUjfi6LdCg6p9ka1u8SfGkUFs4SKvPpump,2026-08-16T09:00:00Z,0.0,-2.9309685615291015,0,0,0.0,0.0,0.0,0.0,-1,,2.9309685615291015,flat,0.0,-7.410966847270684,1,1,0.25,0.25,0.0,0.36864356722554614,-1,0.0,7.410966847270684,flat,-1.4853899209700039,-13.904440382629247,2,4,0.16666666666666666,0.3333333333333333,-0.12378249341416699,-0.7016310906079404,-3,0.0,12.419050461659243,markdown,5.345793587501091,-6.984507008646734,7,8,0.2916666666666667,0.3333333333333333,0.22274139947921212,-0.5087880541820947,-3,0.6238812688357879,12.330300596147826,accumulation_divergence
